# Outfit Studio - OBJ Export
# https://github.com/ousnius/BodySlide-and-Outfit-Studio

# object SteelArmorHeavyFur
# 4661 vertices
# 4661 texture coordinates
# 4661 normals
# 6885 triangles
v -1.12625 0.125206 1.13493
v -1.09166 0.216331 0.888488
v -1.15845 0.197072 0.871023
v -1.19187 0.0853801 1.1178
v -1.25287 -0.0384924 1.24383
v -1.20058 -0.00623343 1.29503
v -1.15067 0.281271 0.576126
v -1.04483 0.362075 0.500583
v -1.06606 0.406401 0.308904
v -1.15805 0.327408 0.363536
v -1.20116 0.331204 0.210415
v -1.1109 0.414703 0.129317
v -1.32797 -0.144457 -0.188763
v -1.29129 0.191857 -0.0277204
v -1.22497 0.175363 -0.167705
v -1.27792 -0.0979058 -0.256948
v -1.31625 -0.533776 -0.21209
v -1.24236 -0.526929 -0.263218
v -1.31625 -0.533776 -0.21209
v -1.24236 -0.526929 -0.263218
v -1.20164 -0.89423 -0.0648207
v -1.22591 -0.879755 -0.0443
v -1.11588 -1.01692 0.442916
v -1.14309 -1.00914 0.202942
v -1.06147 -1.0164 0.183748
v -1.03231 -1.03358 0.445354
v -1.05066 -1.00046 0.70867
v -1.14701 -0.962921 0.741209
v -1.10503 -0.936275 0.933832
v -1.32092 -0.61119 1.22941
v -1.25192 -0.598351 1.28161
v -1.26612 -0.302621 1.3482
v -1.33378 -0.320969 1.28802
v -1.25019 -0.827653 1.03309
v -1.18573 -0.838332 1.08662
v -1.13188 -0.979068 0.0672102
v -1.18624 -0.951703 0.0831533
v -1.08471 0.288394 0.664596
v -1.25509 0.262524 0.0715776
v -1.16059 0.375861 -0.00134188
v -1.32112 0.0408123 1.01557
v -1.27071 0.152157 0.800949
v -1.39761 -0.0706485 1.19673
v -1.21958 0.253645 0.561731
v -1.19586 0.290955 0.381579
v -1.19917 0.237499 0.255799
v -1.28455 -0.190777 -0.112502
v -1.24953 0.0996197 0.0585647
v -1.27023 -0.527755 -0.137087
v -1.26435 -0.848344 -0.0233558
v -1.27023 -0.527755 -0.137087
v -1.20787 -1.01028 0.362136
v -1.20223 -0.999305 0.239545
v -1.27801 -0.961317 0.645177
v -1.47241 -0.617393 1.15141
v -1.47947 -0.338417 1.22188
v -1.38694 -0.813347 0.911231
v -1.23418 -0.931688 0.111954
v -1.23378 0.181479 0.147601
v -1.60997 -0.0186402 0.719737
v -1.49597 0.115496 0.572528
v -1.58127 0.121504 0.412577
v -1.69806 -0.0266221 0.525058
v -1.69234 -0.147986 0.817213
v -1.79114 -0.150063 0.56701
v -1.46376 -0.96932 0.471515
v -1.58005 -0.940933 0.292042
v -1.34106 -0.989323 0.162801
v -1.26567 -1.00129 0.319292
v -1.77344 -0.356995 0.831435
v -1.88047 -0.337564 0.569899
v -1.89059 -0.56681 0.500557
v -1.76152 -0.599037 0.766571
v -1.78411 -0.780128 0.414553
v -1.66053 -0.799488 0.624538
v -1.92138 -0.73943 0.177817
v -1.68241 -0.89435 0.08337
v -1.36441 0.212541 0.406213
v -1.44145 0.226433 0.254964
v -1.9667 0.0269187 -0.109343
v -1.8026 -0.007876 0.288212
v -1.69239 0.135456 0.197543
v -1.84579 0.13213 -0.171144
v -2.04717 -0.0665669 -0.0823092
v -1.89235 -0.11867 0.321691
v -2.13242 -0.216109 -0.0727765
v -2.15353 -0.42995 -0.08395
v -2.01734 -0.505886 0.246763
v -1.98781 -0.290672 0.321813
v -2.05887 -0.732252 -0.115046
v -1.80343 -0.921747 -0.154073
v -1.53845 0.223777 0.0680704
v -1.63538 0.184417 -0.204993
v -1.38809 0.113411 0.695728
v -1.4681 -0.00382426 0.870237
v -1.56786 -0.11358 1.04078
v -1.35847 -0.966823 0.574902
v -1.64904 -0.350386 1.06022
v -1.63652 -0.609894 0.990992
v -1.51486 -0.804012 0.780014
v -1.30551 0.213715 0.511106
v -1.53536 -0.944734 -0.213533
v -1.41837 -0.94873 0.0239712
v -1.41539 -0.824235 -0.25518
v -1.41665 0.205887 0.0150542
v -1.47089 0.175609 -0.200786
v -1.2792 0.22865 0.295729
v -1.35279 0.214191 0.161508
v -1.24087 0.258948 0.33982
v -0.866876 0.604481 0.519478
v -0.98757 0.637384 0.242967
v -1.01132 0.560203 0.269889
v -0.989152 0.494408 0.549925
v -0.746317 -1.12208 0.669619
v -0.826935 -1.09234 0.691028
v -0.897791 -1.09238 0.396974
v -0.84325 -1.09389 0.337871
v -1.31798 -0.0859635 -0.28641
v -1.2527 0.219338 -0.180698
v -1.2561 0.237418 -0.220348
v -1.31793 -0.0742824 -0.317395
v -1.11596 0.454617 0.120193
v -1.06187 0.447276 0.299757
v -1.08825 0.541933 0.083201
v -1.03942 0.40726 0.490001
v -1.11597 0.159661 1.16197
v -0.990928 0.222627 1.21323
v -0.970485 0.357718 0.890201
v -1.07417 0.255082 0.896203
v -1.19535 0.0212213 1.33972
v -1.03447 0.0431231 1.41615
v -1.2567 -0.292178 1.39381
v -1.07979 -0.282868 1.48739
v -1.24824 -0.605997 1.32114
v -1.03369 -0.594312 1.43457
v -1.17304 -0.851996 1.13091
v -0.887944 -0.844363 1.26462
v -1.08954 -0.976684 0.949317
v -0.822364 -0.998296 0.975776
v -1.03515 -1.05088 0.713935
v -1.01986 -1.07275 0.445424
v -1.06594 -1.06009 0.161281
v -1.03528 -1.07655 0.143811
v -1.21707 -0.914747 -0.100459
v -1.30774 -0.537224 -0.300765
v -1.29596 -0.527503 -0.338721
v -1.19473 -0.917272 -0.12842
v -1.29596 -0.527503 -0.338721
v -1.30774 -0.537224 -0.300765
v -1.14185 -1.01178 0.0383696
v -1.11551 -1.02178 0.0160743
v -1.07229 0.335383 0.662
v -0.78025 0.478087 0.980957
v -0.806133 0.543102 0.792743
v -1.18548 0.41718 -0.0154247
v -1.16282 0.449272 -0.0487047
v -1.0893 0.583659 0.0412653
v -0.800528 0.345996 1.29462
v -0.946114 0.0803333 1.45843
v -1.05413 -0.276062 1.52074
v -0.974791 -0.598416 1.47209
v -0.791739 -0.813829 1.33624
v -0.744486 -1.00911 0.988152
v -1.1477 0.489362 -0.0731953
v -1.23817 0.262338 -0.243292
v -1.3178 -0.0650806 -0.346465
v -1.28736 -0.522491 -0.354663
v -1.28736 -0.522491 -0.354663
v -1.17189 -0.909218 -0.155882
v -1.07547 -1.02443 -0.00947142
v -0.979987 -1.06272 0.114765
v -0.82026 0.374067 1.32323
v -0.783308 0.523236 0.996924
v -0.985519 0.0787887 1.49322
v -0.727509 -1.15336 0.664325
v -0.721734 -1.03398 1.00539
v -1.01065 -0.605559 1.50829
v -1.09711 -0.265206 1.54809
v -0.775784 -0.828617 1.36557
v -0.111098 -1.21016 0.889507
v -0.0424103 -1.25316 0.624059
v -0.021862 -1.26699 0.625066
v -0.0850699 -1.25874 0.884124
v -0.275926 0.804319 0.844021
v -0.261635 0.894815 0.877217
v -0.0804729 0.95884 0.673567
v -0.117007 0.895925 0.646904
v -0.958904 0.799779 -0.353567
v -0.86244 0.862553 -0.613605
v -1.05293 0.463253 -0.71162
v -1.16338 0.401462 -0.503776
v -1.26781 0.0269033 -0.583766
v -1.18532 0.0620387 -0.788168
v -1.19045 -0.460087 -0.777098
v -1.26557 -0.496047 -0.579803
v -0.996586 -0.842528 -0.648012
v -1.0724 -0.905575 -0.446299
v -1.26557 -0.496047 -0.579803
v -1.19045 -0.460087 -0.777098
v -0.216988 -1.199 -0.290344
v -0.00202289 -1.22461 -0.210058
v -0.00195113 -1.26394 -0.183626
v -0.222586 -1.2308 -0.260381
v -0.457541 -1.01183 -0.628461
v -0.201747 -1.11002 -0.507959
v -0.218089 -1.17704 -0.493339
v -0.487702 -1.07375 -0.616106
v -0.0041519 -1.14056 -0.43927
v -0.00415708 -1.21846 -0.412756
v -0.151884 -1.24763 0.61451
v -0.197553 -1.23866 0.275737
v -0.00217963 -1.23589 0.526742
v -0.549458 -1.20125 0.283105
v -0.7683 -1.15885 0.314359
v -0.977972 -1.1149 0.0956722
v -0.652748 -1.14573 -0.17031
v -0.483757 -1.11924 -0.370495
v -0.46388 -1.09497 -0.392752
v -0.464171 -1.15779 -0.364441
v -0.741809 -0.938789 -0.735913
v -0.934118 -0.780217 -0.839119
v -0.895041 -0.728453 -0.835198
v -0.70692 -0.882037 -0.740623
v -1.14659 -0.45128 -0.795761
v -0.98667 -0.810952 -0.675818
v -1.01078 -0.400266 -0.909546
v -1.07127 -0.423632 -0.929637
v -0.97816 -1.08321 0.0877063
v -0.660388 -1.11038 -0.183858
v -0.787112 -1.00046 -0.52334
v -0.898954 -1.05547 -0.281438
v -0.277424 -1.0946 1.35258
v -0.560641 -0.933865 1.47124
v -0.55799 -1.01649 1.36514
v -0.288093 -1.1606 1.25739
v -0.528438 -0.983217 1.24913
v -0.285809 -1.11026 1.14895
v -0.783367 -0.804529 1.58345
v -0.980161 -0.606998 1.67768
v -1.05705 -0.621303 1.59705
v -0.866116 -0.824691 1.50896
v -1.05822 -0.257427 1.7166
v -1.13472 -0.252754 1.62682
v -0.951841 0.0948375 1.67244
v -1.0238 0.108227 1.57698
v -0.597332 0.664814 1.19056
v -0.539273 0.628622 1.26751
v -0.171645 0.883334 0.892331
v -0.561469 0.578324 1.0958
v -0.0147605 0.927628 0.69507
v -0.0191872 0.924084 0.533546
v -0.0632673 0.951696 0.536238
v -0.0763407 0.915893 0.523498
v -0.285998 0.849879 0.6643
v -0.299527 0.949123 0.290167
v -0.0867781 1.0023 0.239104
v -0.143383 -1.21667 1.06816
v -0.196987 -1.15498 1.06309
v -0.576775 0.707225 0.78401
v -0.766781 0.39324 1.52159
v -0.842668 0.396517 1.43497
v -0.301378 -1.18247 0.930665
v -0.13436 1.14064 -0.205196
v -0.0550833 0.952867 0.237561
v -0.094943 1.06586 -0.227377
v -0.579846 1.04711 -0.501305
v -0.340439 1.11998 -0.351218
v -0.310024 1.06299 -0.388094
v -0.547564 0.991519 -0.524529
v -0.38751 1.0339 -0.0740738
v -0.682595 1.00997 -0.317965
v -0.197309 1.02883 -0.533828
v -0.202952 1.07701 -0.520655
v 0.00713278 1.07288 -0.41356
v 0.00668981 1.00397 -0.438985
v -0.443821 0.936897 -0.636572
v -0.482301 0.992129 -0.638992
v -0.794449 0.921206 -0.182699
v -0.702895 0.850076 0.111454
v -1.13014 0.0689067 -0.800273
v -1.14659 -0.45128 -0.795761
v -1.01234 0.0812474 -0.924551
v -1.01078 -0.400266 -0.909546
v -1.07127 -0.423632 -0.929637
v -1.06058 0.0871106 -0.936366
v -1.00042 0.442429 -0.726519
v -0.833878 0.810177 -0.637547
v -0.777991 0.796128 -0.768831
v -0.719623 0.749374 -0.761382
v -0.87643 0.428221 -0.843314
v -0.929887 0.454096 -0.848627
v -0.602922 1.00909 -0.47511
v -0.577833 0.980996 -0.502286
v -0.681815 0.965258 -0.326408
v -0.22758 -1.22841 0.00257532
v -0.000793474 -1.24636 0.0232992
v -0.793559 0.876302 -0.190138
v -0.240218 -1.01816 1.31688
v -0.00325092 -1.14966 1.29442
v -0.00318068 -1.07427 1.27175
v -0.717735 -0.757016 1.54696
v -0.895695 -0.578467 1.64312
v -0.962527 -0.258633 1.69778
v -0.873291 0.0746429 1.66139
v -0.472922 0.577555 1.25338
v -0.142642 0.799936 0.868443
v -0.695912 0.359455 1.49732
v -0.31214 0.952242 -0.741588
v 0.00559018 0.973932 -0.650359
v 0.00406454 0.93812 -0.831461
v -0.294622 0.889628 -0.91153
v -1.01539 -0.391267 -0.977492
v -0.921883 -0.358805 -1.16078
v -0.771381 -0.645892 -1.07544
v -0.81972 -0.673122 -0.910697
v -0.92542 0.0639151 -1.18544
v -0.921883 -0.358805 -1.16078
v -1.01539 -0.391267 -0.977492
v -0.990486 0.0736842 -0.994261
v -0.859171 0.448463 -0.929386
v -0.813376 0.435703 -1.13753
v -0.00743783 -1.08048 -0.739361
v -0.00614904 -1.11294 -0.616566
v -0.216294 -1.08465 -0.671503
v -0.214843 -1.04779 -0.793061
v -0.653954 0.684464 -1.04361
v -0.702852 0.723993 -0.854164
v -0.626975 -0.762622 -1.00654
v -0.65482 -0.798999 -0.841828
v -0.439491 -0.976688 -0.752587
v -0.428333 -0.940827 -0.877337
v -0.622637 0.80187 0.413437
v -0.87462 0.645314 0.523254
v -0.813842 0.586752 0.805529
v -0.833321 -1.13251 0.325112
v -0.638182 -1.186 0.640298
v -0.586015 -1.08065 0.995585
v -0.420628 -1.22506 0.60839
v -0.99901 0.674057 0.239354
v -1.13221 0.645795 0.0333753
v -0.915749 0.827768 -0.0816658
v -1.12432 0.596371 0.0146492
v -1.33963 -0.0534689 -0.376539
v -1.26588 0.290252 -0.264959
v -1.31502 -0.512683 -0.384807
v -1.1815 -0.927573 -0.178122
v -1.31502 -0.512683 -0.384807
v -1.07541 -1.04441 -0.0302935
v -0.500317 -0.884125 1.4183
v -0.00495291 0.842495 0.667951
v -0.00342311 0.853392 0.524452
v -0.00311763 -1.18522 1.20633
v -0.00232439 -1.26146 0.887232
v -0.00267845 -1.22657 1.04856
v -0.00217609 -1.26936 0.627694
v -0.00215217 -1.26776 0.555794
v -0.0477252 0.87185 0.520613
v -0.502703 0.427637 1.09493
v -0.212859 0.634947 0.794693
v -0.708905 0.217643 1.37937
v -0.876804 -0.0569608 1.5206
v -0.928906 -0.238641 1.57745
v -0.879197 -0.549361 1.56599
v -0.674505 -0.728287 1.48904
v -0.469272 -0.849467 1.38583
v -0.217424 -0.952956 1.27461
v -0.003058 -1.00158 1.2257
v -0.0045929 0.769921 0.662508
v -2.60835e-06 0.936161 0.233717
v 0.00556757 1.02966 -0.1676
v -0.778955 -0.969867 -0.551903
v -0.908235 0.789775 -0.102479
v -1.17399 0.520811 -0.0821833
v -0.00154025 -1.23562 0.282243
v -0.00205701 -0.934045 1.45894
v -6.5954e-05 -0.896422 1.73171
v -0.205471 -0.861104 1.7833
v -0.204734 -0.899631 1.56511
v -0.453481 -0.774726 1.83393
v -0.486372 -0.780631 1.69472
v -0.615138 -0.658491 1.85374
v -0.357585 -0.644369 1.92976
v -0.463863 -0.576732 1.94657
v -0.763857 -0.448223 1.84251
v -0.791801 -0.460163 1.78055
v -0.654662 -0.670712 1.74822
v -0.826523 -0.135287 1.74238
v -0.788853 0.00485825 1.60614
v -0.788388 0.00692823 1.66854
v -0.695219 0.206533 1.55031
v -0.709216 0.177637 1.50957
v -0.460834 0.473536 1.27034
v -0.467279 0.458123 1.23321
v -0.562084 -0.423547 1.94732
v -0.590766 -0.090967 1.8626
v -0.500942 0.134032 1.70446
v -0.355891 0.30538 1.53997
v -0.179322 0.625233 1.04194
v -0.182636 0.609475 1.00862
v -0.147681 0.413493 1.42913
v -0.00561455 0.73594 0.916682
v -0.000866984 0.431967 1.40733
v -0.00277293 -0.917595 1.2653
v -0.00255213 -0.93127 1.35461
v -0.204326 -0.89723 1.48925
v -0.199448 -0.877342 1.38102
v -0.498559 -0.76583 1.64565
v -0.465783 -0.754525 1.52568
v -0.633529 -0.642827 1.60678
v -0.669829 -0.658254 1.70858
v -0.799024 -0.468015 1.73445
v -0.752235 -0.456452 1.64466
v -0.831953 -0.134702 1.68238
v -0.804478 -0.184755 1.62026
v -0.788853 0.00485825 1.60614
v -0.709216 0.177637 1.50957
v -0.603034 0.128032 1.40198
v -0.708859 -0.0231119 1.52157
v -0.182636 0.609475 1.00862
v -0.171051 0.372764 0.981557
v -0.465928 0.341749 1.22107
v -0.467279 0.458123 1.23321
v -0.00315823 0.479388 0.845957
v -0.00533084 0.715967 0.882464
v -0.164323 -0.705337 1.88204
v 0.00102614 -0.726749 1.83957
v -0.831953 -0.134702 1.68238
v -0.00533084 0.715967 0.882464
v -0.204326 -0.89723 1.48925
v -0.00255213 -0.93127 1.35461
v -0.498559 -0.76583 1.64565
v -0.799024 -0.468015 1.73445
v -0.669829 -0.658254 1.70858
v -0.249284 -0.402424 1.66775
v -0.373827 -0.29112 1.68826
v -0.361471 -0.0868704 1.65502
v -0.262573 0.103 1.52414
v -0.0990131 0.221682 1.35185
v -0.000589634 0.266949 1.27448
v 0.00102017 -0.469494 1.60234
v -0.0976794 -0.457469 1.62901
v -0.003058 -1.00158 1.2257
v -0.00277293 -0.917595 1.2653
v -0.199448 -0.877342 1.38102
v -0.217424 -0.952956 1.27461
v -0.674505 -0.728287 1.48904
v -0.469272 -0.849467 1.38583
v -0.465783 -0.754525 1.52568
v -0.633529 -0.642827 1.60678
v -0.752235 -0.456452 1.64466
v -0.879197 -0.549361 1.56599
v -0.804478 -0.184755 1.62026
v -0.928906 -0.238641 1.57745
v -0.708859 -0.0231119 1.52157
v -0.876804 -0.0569608 1.5206
v -0.212859 0.634947 0.794693
v -0.502703 0.427637 1.09493
v -0.465928 0.341749 1.22107
v -0.171051 0.372764 0.981557
v -0.0045929 0.769921 0.662508
v -0.00315823 0.479388 0.845957
v -0.708905 0.217643 1.37937
v -0.603034 0.128032 1.40198
v -0.00495291 0.842495 0.667951
v -0.00342311 0.853392 0.524452
v -0.0191872 0.924084 0.533546
v -0.0147605 0.927628 0.69507
v -0.00215217 -1.26776 0.555794
v -0.00217609 -1.26936 0.627694
v -0.021862 -1.26699 0.625066
v 1.13878 0.125571 1.12039
v 1.20499 0.0858821 1.10006
v 1.17051 0.194061 0.851723
v 1.10242 0.213519 0.875865
v 1.2638 -0.0348229 1.23127
v 1.2106 -0.00357358 1.28668
v 1.15733 0.279349 0.567115
v 1.1601 0.328156 0.362991
v 1.06341 0.409308 0.320301
v 1.04445 0.362392 0.508185
v 1.20007 0.333785 0.211207
v 1.10704 0.418774 0.140219
v 1.31612 -0.154616 -0.18271
v 1.26431 -0.10568 -0.250462
v 1.21634 0.177525 -0.163791
v 1.28611 0.195177 -0.0283771
v 1.30793 -0.547995 -0.210547
v 1.23337 -0.540986 -0.260352
v 1.30793 -0.547995 -0.210547
v 1.21842 -0.895158 -0.050435
v 1.19442 -0.907473 -0.0724431
v 1.23337 -0.540986 -0.260352
v 1.1165 -1.03283 0.444377
v 1.0331 -1.0466 0.450416
v 1.05591 -1.03252 0.183429
v 1.13616 -1.02742 0.200816
v 1.14853 -0.974004 0.751247
v 1.05612 -1.00754 0.714992
v 1.11359 -0.937743 0.937803
v 1.32945 -0.607951 1.22578
v 1.34097 -0.316908 1.28092
v 1.27319 -0.300847 1.34369
v 1.26181 -0.595555 1.27787
v 1.1938 -0.835505 1.09304
v 1.2553 -0.828279 1.03953
v 1.17782 -0.96952 0.0784342
v 1.1256 -0.994434 0.0612278
v 1.08951 0.287025 0.661831
v 1.24965 0.265936 0.0697837
v 1.15399 0.380807 0.00717361
v 1.33422 0.039655 0.989552
v 1.28412 0.147673 0.771272
v 1.40987 -0.0650279 1.17169
v 1.2294 0.25001 0.543954
v 1.20061 0.290046 0.374512
v 1.2015 0.237962 0.249053
v 1.2739 -0.19933 -0.105666
v 1.2447 0.104439 0.0574662
v 1.26211 -0.540628 -0.134703
v 1.24725 -0.875062 -0.0202681
v 1.26211 -0.540628 -0.134703
v 1.20213 -1.03092 0.361423
v 1.19371 -1.01995 0.2373
v 1.27678 -0.981347 0.649837
v 1.47678 -0.616631 1.14933
v 1.48585 -0.331277 1.20996
v 1.38519 -0.824107 0.917656
v 1.22089 -0.955209 0.111918
v 1.22927 0.185654 0.144125
v 1.62181 -0.0358211 0.680206
v 1.71735 -0.0635446 0.485919
v 1.62213 0.0763954 0.355347
v 1.52072 0.0911533 0.519297
v 1.69838 -0.16261 0.790364
v 1.8002 -0.186144 0.545075
v 1.45164 -1.00519 0.474927
v 1.25496 -1.02545 0.318362
v 1.32349 -1.01898 0.161888
v 1.55283 -0.996311 0.301857
v 1.77229 -0.376061 0.823916
v 1.75368 -0.626883 0.773848
v 1.88077 -0.617109 0.516305
v 1.87928 -0.37848 0.56976
v 1.65044 -0.836084 0.634094
v 1.76781 -0.838342 0.429576
v 1.64948 -0.966811 0.0933257
v 1.89967 -0.824982 0.194822
v 1.50807 0.174732 0.195875
v 1.41067 0.188649 0.363678
v 2.02367 -0.0948476 -0.132405
v 1.91292 0.0191955 -0.20561
v 1.74983 0.0618145 0.144655
v 1.84187 -0.0789152 0.252938
v 1.91811 -0.190395 0.303545
v 2.09278 -0.193413 -0.0953044
v 2.15909 -0.3477 -0.0714701
v 1.9972 -0.367471 0.325576
v 2.0108 -0.59397 0.26501
v 2.1542 -0.55925 -0.0696378
v 2.03027 -0.847969 -0.100343
v 1.75787 -1.01462 -0.145487
v 1.70307 0.0905436 -0.245765
v 1.60786 0.153067 0.0137976
v 1.47952 -0.00965769 0.836211
v 1.40391 0.103333 0.655294
v 1.57761 -0.11494 1.01117
v 1.35456 -0.992842 0.577875
v 1.63455 -0.620627 0.992121
v 1.65242 -0.353241 1.04782
v 1.50752 -0.827321 0.788803
v 1.32206 0.20397 0.478562
v 1.38877 -0.990113 0.0288887
v 1.48797 -1.00747 -0.204821
v 1.37662 -0.862816 -0.253437
v 1.47763 0.14724 -0.0305025
v 1.53297 0.0979721 -0.238435
v 1.38647 0.18986 0.128674
v 1.29473 0.223084 0.278798
v 1.24698 0.256653 0.327717
v 0.857382 0.603963 0.541991
v 0.983897 0.49419 0.567087
v 1.0064 0.56238 0.289567
v 0.982825 0.638639 0.264608
v 0.750731 -1.12271 0.690122
v 0.841247 -1.10353 0.350562
v 0.897662 -1.10182 0.407366
v 0.832248 -1.09386 0.708902
v 1.30412 -0.0954532 -0.28031
v 1.30356 -0.0839533 -0.311209
v 1.24816 0.238376 -0.216705
v 1.24487 0.221089 -0.177397
v 1.11214 0.458386 0.132654
v 1.08512 0.544545 0.0993313
v 1.05816 0.450295 0.313938
v 1.03756 0.407768 0.500668
v 1.12928 0.160992 1.14343
v 1.08458 0.251924 0.884204
v 0.973955 0.354577 0.896652
v 1.00028 0.222826 1.20607
v 1.20546 0.0244521 1.33136
v 1.04074 0.0431962 1.41402
v 1.26383 -0.290578 1.38978
v 1.08547 -0.283328 1.48617
v 1.25868 -0.603319 1.3173
v 1.04382 -0.595454 1.43319
v 0.900267 -0.841827 1.2695
v 1.18246 -0.847533 1.13717
v 1.09882 -0.977211 0.954506
v 0.831745 -0.994157 0.991241
v 1.04098 -1.05706 0.721591
v 1.02079 -1.08509 0.451117
v 1.03072 -1.09098 0.141783
v 1.06112 -1.07555 0.15901
v 1.20969 -0.928304 -0.10902
v 1.18745 -0.930974 -0.136493
v 1.28705 -0.54323 -0.336821
v 1.29901 -0.552494 -0.299234
v 1.29901 -0.552494 -0.299234
v 1.28705 -0.54323 -0.336821
v 1.13566 -1.02692 0.0307506
v 1.10947 -1.03665 0.00883974
v 1.07507 0.33419 0.663842
v 0.776852 0.474062 0.991632
v 0.797876 0.539947 0.80994
v 1.1795 0.421475 -0.00658288
v 1.15723 0.453154 -0.0380436
v 1.087 0.585456 0.0580361
v 0.803368 0.344315 1.29579
v 0.951041 0.0806427 1.45647
v 1.05962 -0.276247 1.51955
v 0.98395 -0.599423 1.47123
v 0.800091 -0.812661 1.34056
v 0.752386 -1.00462 1.00505
v 1.14293 0.492626 -0.060922
v 1.30301 -0.0749715 -0.340189
v 1.22999 0.264727 -0.237646
v 1.27837 -0.538368 -0.352548
v 1.16466 -0.923043 -0.16317
v 1.27837 -0.538368 -0.352548
v 1.06939 -1.03904 -0.0156309
v 0.974566 -1.07668 0.115135
v 0.778576 0.519136 1.00859
v 0.823198 0.372293 1.3244
v 0.990898 0.0787746 1.49144
v 0.729192 -1.02929 1.0226
v 0.731672 -1.15377 0.685576
v 1.10315 -0.265507 1.54672
v 1.02044 -0.606611 1.50702
v 0.783519 -0.827632 1.36967
v 0.106663 -1.20927 0.894427
v 0.0805963 -1.25807 0.887992
v 0.0175152 -1.26691 0.626183
v 0.0380649 -1.25299 0.626329
v 0.261839 0.804585 0.847942
v 0.106939 0.896439 0.647252
v 0.0695616 0.959169 0.673873
v 0.245661 0.895182 0.88103
v 0.967197 0.793696 -0.340782
v 1.15316 0.401745 -0.495643
v 1.04827 0.459706 -0.705478
v 0.873017 0.854583 -0.604063
v 1.24638 0.0233583 -0.574691
v 1.16865 0.0584136 -0.779675
v 1.25631 -0.508948 -0.577884
v 1.1816 -0.472663 -0.773905
v 0.983833 -0.860128 -0.649367
v 1.1816 -0.472663 -0.773905
v 1.25631 -0.508948 -0.577884
v 1.06269 -0.921799 -0.450782
v 0.209678 -1.20234 -0.285481
v 0.215574 -1.23414 -0.254912
v 0.439604 -1.02021 -0.629031
v 0.468865 -1.08275 -0.616582
v 0.206307 -1.18041 -0.492097
v 0.190283 -1.11318 -0.506882
v 0.148057 -1.24703 0.622863
v 0.19459 -1.2395 0.287577
v 0.545826 -1.20595 0.304219
v 0.638765 -1.15768 -0.161037
v 0.971778 -1.12916 0.0962401
v 0.765212 -1.16725 0.330949
v 0.46873 -1.1282 -0.365344
v 0.449557 -1.1662 -0.359139
v 0.448975 -1.10356 -0.388236
v 0.722368 -0.95408 -0.736217
v 0.688346 -0.896432 -0.740589
v 0.881535 -0.744695 -0.834157
v 0.920324 -0.797621 -0.8388
v 0.974072 -0.828248 -0.67666
v 1.13749 -0.463492 -0.792072
v 1.00193 -0.410822 -0.904217
v 1.06306 -0.434763 -0.924934
v 0.646206 -1.12269 -0.175224
v 0.972022 -1.09741 0.0879078
v 0.88425 -1.07225 -0.28091
v 0.768416 -1.0166 -0.52228
v 0.272402 -1.09276 1.35892
v 0.283489 -1.15845 1.2654
v 0.558822 -1.01442 1.37319
v 0.561776 -0.9331 1.47579
v 0.281543 -1.10813 1.15756
v 0.528605 -0.980878 1.25866
v 0.790769 -0.805056 1.58393
v 0.876111 -0.824478 1.51008
v 1.0678 -0.622382 1.59514
v 0.989166 -0.607914 1.67625
v 1.06446 -0.257758 1.7153
v 1.14158 -0.253998 1.62543
v 0.956607 0.0956499 1.67046
v 1.0297 0.108117 1.57524
v 0.587976 0.661824 1.19953
v 0.156494 0.883684 0.894389
v 0.532175 0.626096 1.27388
v 0.553301 0.575411 1.1044
v 0.00360034 0.927671 0.695104
v 0.05614 0.951946 0.536178
v 0.0121338 0.924157 0.53351
v 0.274398 0.850504 0.667498
v 0.0694724 0.916224 0.523352
v 0.299051 0.948519 0.291942
v 0.0876953 1.00216 0.238913
v 0.13839 -1.21544 1.07356
v 0.192316 -1.15336 1.07014
v 0.562209 0.705603 0.798533
v 0.845753 0.395548 1.43493
v 0.768342 0.39238 1.52218
v 0.29886 -1.18023 0.942695
v 0.148443 1.1389 -0.203383
v 0.107927 1.06466 -0.226032
v 0.0552723 0.95283 0.237325
v 0.594989 1.03999 -0.493395
v 0.561707 0.984903 -0.517108
v 0.325185 1.05888 -0.382937
v 0.3565 1.11538 -0.345843
v 0.399027 1.02985 -0.0692398
v 0.697733 1.00214 -0.308608
v 0.210663 1.02636 -0.529925
v 0.216998 1.07441 -0.516688
v 0.494626 0.98672 -0.631892
v 0.455499 0.931937 -0.629988
v 0.705723 0.846814 0.126086
v 0.805812 0.914478 -0.170021
v 1.13749 -0.463492 -0.792072
v 1.11534 0.0651314 -0.791747
v 1.00256 0.0770473 -0.916812
v 1.04972 0.0832503 -0.928739
v 1.06306 -0.434763 -0.924934
v 1.00193 -0.410822 -0.904217
v 0.996653 0.438258 -0.720661
v 0.843562 0.802471 -0.628655
v 0.786676 0.789046 -0.760606
v 0.928184 0.449043 -0.843594
v 0.875474 0.422775 -0.838233
v 0.728195 0.742463 -0.753665
v 0.592152 0.97402 -0.494654
v 0.617854 1.00176 -0.46713
v 0.696323 0.957601 -0.317167
v 0.224144 -1.231 0.0131711
v 0.804207 0.86992 -0.177463
v 0.234899 -1.01653 1.32232
v 0.903001 -0.579316 1.64202
v 0.723474 -0.757847 1.54734
v 0.967723 -0.258426 1.69639
v 0.877297 0.0758325 1.65925
v 0.129697 0.800233 0.869877
v 0.466953 0.575398 1.25858
v 0.696872 0.358638 1.49811
v 0.321782 0.949198 -0.735993
v 0.301952 0.887389 -0.905955
v 1.00743 -0.401496 -0.971958
v 0.806205 -0.68788 -0.908916
v 0.758664 -0.659612 -1.07348
v 0.916072 -0.368537 -1.15454
v 0.92071 0.0595805 -1.17904
v 0.982094 0.0694667 -0.986922
v 1.00743 -0.401496 -0.971958
v 0.916072 -0.368537 -1.15454
v 0.813189 0.431946 -1.13349
v 0.858855 0.443196 -0.924709
v 0.197592 -1.05083 -0.795427
v 0.201036 -1.08787 -0.672735
v 0.659307 0.680335 -1.03679
v 0.710308 0.717744 -0.846632
v 0.610383 -0.774358 -1.00745
v 0.63729 -0.811913 -0.84203
v 0.420657 -0.984462 -0.754924
v 0.409098 -0.948107 -0.880805
v 0.614916 0.800704 0.428965
v 0.8045 0.58359 0.823548
v 0.864755 0.64466 0.546245
v 0.830849 -1.14205 0.338597
v 0.64097 -1.18588 0.662991
v 0.420041 -1.22421 0.628408
v 0.589885 -1.07664 1.01283
v 0.994502 0.674907 0.261523
v 1.13072 0.64677 0.0509693
v 0.921731 0.823518 -0.0646059
v 1.1222 0.598021 0.0308734
v 1.25912 0.290242 -0.261087
v 1.32426 -0.0641387 -0.370457
v 1.30611 -0.529376 -0.382933
v 1.30611 -0.529376 -0.382933
v 1.17419 -0.941613 -0.186148
v 1.06938 -1.05901 -0.0370796
v 0.49991 -0.883419 1.42283
v 0.040937 0.872089 0.520439
v 0.498015 0.42516 1.10066
v 0.202601 0.63528 0.796735
v 0.710781 0.217981 1.37856
v 0.880587 -0.0554642 1.51805
v 0.933333 -0.23829 1.57598
v 0.885966 -0.550215 1.56511
v 0.679251 -0.729171 1.48971
v 0.468267 -0.848754 1.39032
v 0.21212 -0.951431 1.2796
v 0.760517 -0.985802 -0.550893
v 0.913919 0.785819 -0.0858401
v 1.16955 0.523785 -0.0694298
v 0.202749 -0.898444 1.56764
v 0.206704 -0.860141 1.78455
v 0.489456 -0.780559 1.69517
v 0.457115 -0.774334 1.83409
v 0.620041 -0.658724 1.8528
v 0.467701 -0.576431 1.94609
v 0.361096 -0.643789 1.92973
v 0.659874 -0.671322 1.74722
v 0.79704 -0.46034 1.77922
v 0.768814 -0.448298 1.84123
v 0.830763 -0.134318 1.74044
v 0.79238 0.00645279 1.60364
v 0.711394 0.178262 1.50846
v 0.697216 0.206762 1.5497
v 0.792028 0.00818956 1.66638
v 0.463546 0.456056 1.23753
v 0.457221 0.471559 1.27442
v 0.565831 -0.423466 1.94656
v 0.593831 -0.091295 1.86212
v 0.502513 0.132976 1.70529
v 0.355527 0.304123 1.54177
v 0.174074 0.609172 1.01077
v 0.170691 0.624895 1.04408
v 0.146123 0.413107 1.43002
v 0.195399 -0.87601 1.38459
v 0.201332 -0.895976 1.49224
v 0.467211 -0.754489 1.52713
v 0.501486 -0.765926 1.64614
v 0.638228 -0.643686 1.60596
v 0.757144 -0.456688 1.64333
v 0.804353 -0.468269 1.73312
v 0.675105 -0.65898 1.70754
v 0.808532 -0.183478 1.61793
v 0.836139 -0.133509 1.68018
v 0.79238 0.00645279 1.60364
v 0.711815 -0.0212595 1.51895
v 0.604234 0.128346 1.40175
v 0.711394 0.178262 1.50846
v 0.174074 0.609172 1.01077
v 0.463546 0.456056 1.23753
v 0.463523 0.33986 1.22474
v 0.166621 0.372326 0.983385
v 0.166952 -0.704651 1.88251
v 0.836139 -0.133509 1.68018
v 0.201332 -0.895976 1.49224
v 0.501486 -0.765926 1.64614
v 0.675105 -0.65898 1.70754
v 0.804353 -0.468269 1.73312
v 0.252928 -0.402148 1.66802
v 0.377832 -0.291659 1.6881
v 0.36449 -0.0885645 1.65607
v 0.263247 0.101259 1.52624
v 0.0981158 0.221281 1.35265
v 0.100231 -0.456996 1.62958
v 0.21212 -0.951431 1.2796
v 0.195399 -0.87601 1.38459
v 0.679251 -0.729171 1.48971
v 0.638228 -0.643686 1.60596
v 0.467211 -0.754489 1.52713
v 0.468267 -0.848754 1.39032
v 0.757144 -0.456688 1.64333
v 0.885966 -0.550215 1.56511
v 0.808532 -0.183478 1.61793
v 0.933333 -0.23829 1.57598
v 0.880587 -0.0554642 1.51805
v 0.711815 -0.0212595 1.51895
v 0.202601 0.63528 0.796735
v 0.166621 0.372326 0.983385
v 0.463523 0.33986 1.22474
v 0.498015 0.42516 1.10066
v 0.604234 0.128346 1.40175
v 0.710781 0.217981 1.37856
v 0.00360034 0.927671 0.695104
v 0.0121338 0.924157 0.53351
v 0.0175152 -1.26691 0.626183
v -0.826779 -0.829204 -2.79994
v -0.81961 -0.793731 -2.84815
v -0.580143 -0.908003 -2.92175
v -0.588998 -0.984315 -2.88073
v -0.797172 -0.820669 -2.65141
v -0.983585 -0.582779 -2.61927
v -1.01305 -0.597944 -2.77034
v -0.748196 -0.777427 -2.62241
v -0.924237 -0.552809 -2.5907
v -1.10795 -0.284591 -2.623
v -1.13871 -0.290007 -2.77847
v -1.01063 -0.552072 -2.82373
v -1.11908 0.361334 -2.86218
v -0.845616 0.646075 -2.96689
v -0.79988 0.602105 -3.00396
v -1.08289 0.325167 -2.90337
v -1.14348 0.040483 -2.86579
v -1.17482 0.0468989 -2.81696
v -1.14348 0.040483 -2.86579
v -1.14528 -0.124775 -2.84433
v -1.18335 -0.120006 -2.79917
v -1.17482 0.0468989 -2.81696
v -1.15361 0.0494878 -2.66457
v -1.12693 -0.116768 -2.64431
v -1.10636 -0.275054 -2.83252
v -1.04164 -0.270212 -2.59476
v -0.867487 -0.529213 -2.36575
v -0.983667 -0.261319 -2.40183
v -0.695854 -0.735925 -2.34948
v -0.533743 -0.935264 -2.69169
v -0.49341 -0.874524 -2.35075
v -0.568846 -0.985191 -2.7269
v -0.330502 -1.07678 -2.82566
v -0.309233 -1.01906 -2.78488
v -0.334413 -1.08508 -2.9952
v -0.292138 -0.9354 -2.36551
v -0.926707 -0.324506 -1.60895
v -0.798792 -0.484723 -1.93974
v -0.828986 -0.565705 -1.56737
v -0.646198 -0.662464 -1.90182
v -0.651537 -0.744485 -1.50452
v -0.927421 -0.000152963 -1.63362
v -0.993922 -0.00209526 -1.59321
v -0.923369 0.283739 -1.60149
v -0.863097 0.267028 -1.64206
v -0.99147 -0.346831 -1.56635
v -0.993922 -0.00209526 -1.59321
v -0.927421 -0.000152963 -1.63362
v -1.08605 0.0467109 -2.63347
v -1.03015 0.0551206 -2.45237
v -0.985602 0.35211 -2.49653
v -1.02078 0.339702 -2.68628
v -1.03015 0.0551206 -2.45237
v -1.08605 0.0467109 -2.63347
v -1.0603 -0.110981 -2.61454
v -1.00366 -0.102744 -2.42741
v -0.339495 -1.03717 -3.04102
v 0.0061459 -1.10604 -3.18094
v 0.0064741 -1.13696 -3.12581
v 0.0070062 -1.12548 -2.9646
v 0.00711919 -1.06402 -2.91579
v 0.00445481 -0.951877 -2.39047
v -0.45527 -0.786322 -1.86108
v -0.449427 -0.887151 -1.42951
v -0.251371 -0.96741 -1.33688
v -0.268616 -0.854673 -1.81428
v -0.268561 -1.02324 -1.27499
v -0.479058 -0.936704 -1.37307
v -0.00785668 -0.975364 -1.22913
v -0.00886494 -1.03177 -1.15959
v -0.00941561 -1.09086 -0.949576
v -0.2607 -1.07337 -1.08564
v -0.00881496 -1.0334 -0.915159
v -0.262572 -1.02093 -1.06163
v -0.475951 -0.985188 -1.20082
v -0.695147 -0.829848 -1.29448
v -0.694261 -0.790463 -1.4533
v -0.68581 -0.791232 -1.26131
v -0.869543 -0.621331 -1.33735
v -0.899459 -0.643978 -1.37124
v -0.474204 -0.932234 -1.17222
v -0.883358 -0.599767 -1.52011
v -0.00166152 -0.877773 -1.76126
v 0.0016442 0.891727 -2.97318
v 0.00117544 0.946134 -3.02632
v -0.372727 0.905644 -2.91337
v -0.351317 0.856049 -2.86816
v 0.00297193 0.909413 -2.55002
v -0.345324 0.867849 -2.54128
v -0.363912 0.86219 -3.14161
v -0.000416826 0.909702 -3.2759
v -0.000498392 0.859734 -3.30429
v -0.347909 0.817986 -3.17218
v -1.00966 -0.390798 -1.42202
v -0.994128 0.0189599 -1.45448
v -0.994128 0.0189599 -1.45448
v -0.874863 0.370385 -1.45101
v -0.67755 0.68046 -1.36892
v -0.738273 0.585413 -1.55193
v -0.840754 0.37065 -1.41447
v -0.668505 0.656227 -1.3311
v 0.00292277 0.924221 -1.0862
v -0.335551 0.880758 -1.19305
v -0.331413 0.844597 -1.15111
v 0.0029953 0.902591 -1.03059
v -0.329918 0.873654 -1.36813
v 0.00285144 0.947813 -1.26957
v 0.00276157 0.885062 -1.32744
v -0.308231 0.81511 -1.42229
v -0.969449 -0.373485 -1.38479
v -0.945862 0.0313176 -1.42071
v -0.945862 0.0313176 -1.42071
v -1.15361 0.0494878 -2.66457
v -1.08179 0.357415 -2.72081
v -0.833529 0.698527 -2.79295
v -0.786589 0.661921 -2.75477
v -0.778318 0.659747 -2.53206
v -0.330042 0.82844 -2.2685
v -0.752561 0.627447 -2.2781
v -0.711466 0.578838 -1.99407
v -0.312326 0.792716 -1.91662
v -0.692671 0.548959 -1.59752
v -0.922948 0.344289 -2.25772
v -0.880128 0.323511 -2.00817
v 0.00292704 0.870906 -2.25322
v 0.00298212 0.851873 -1.87182
v -0.236542 -1.08614 -0.788161
v -0.214843 -1.04779 -0.793061
v -0.428333 -0.940827 -0.877337
v -0.456533 -1.01368 -0.862856
v -0.00751633 -1.10903 -0.731438
v -0.00743783 -1.08048 -0.739361
v -0.00932384 -1.17721 -0.846748
v -0.238518 -1.17132 -0.929875
v -0.477889 -1.07626 -1.02807
v -0.757373 -0.906148 -1.17458
v -0.724977 -0.860913 -1.03034
v -0.94774 -0.770651 -1.22242
v -0.900489 -0.739911 -1.09736
v -1.04531 -0.394873 -1.22033
v -1.09813 -0.390664 -1.33396
v -0.892235 0.479371 -1.17736
v -0.886299 0.500424 -1.31292
v -0.978184 0.274634 -1.34462
v -0.966228 0.25182 -1.20703
v -1.0346 0.0389806 -1.23348
v -1.05309 0.0183086 -1.35889
v -0.771381 -0.645892 -1.07544
v -0.921883 -0.358805 -1.16078
v -0.626975 -0.762622 -1.00654
v -1.0346 0.0389806 -1.23348
v -0.92542 0.0639151 -1.18544
v -0.710939 0.776112 -1.19611
v -0.696509 0.720226 -1.06504
v -0.290992 1.00067 -1.03274
v -0.286536 0.957011 -0.909296
v 0.00359257 1.03536 -0.947624
v 0.00425235 1.00075 -0.826518
v 0.00406454 0.93812 -0.831461
v -0.294622 0.889628 -0.91153
v -0.653954 0.684464 -1.04361
v -0.813376 0.435703 -1.13753
v -1.05309 0.0183086 -1.35889
v -0.856581 0.221952 -1.14987
v -0.92542 0.0639151 -1.18544
v 0.836815 -0.831803 -2.80474
v 0.600667 -0.984535 -2.88514
v 0.593125 -0.917153 -2.93859
v 0.831511 -0.799824 -2.85213
v 1.02163 -0.602017 -2.77292
v 0.993364 -0.587194 -2.62027
v 0.807913 -0.82313 -2.65436
v 0.934866 -0.556553 -2.59141
v 0.759781 -0.779092 -2.62473
v 1.1459 -0.293642 -2.77819
v 1.11656 -0.288867 -2.62186
v 1.00389 -0.545031 -2.83119
v 1.12289 0.362659 -2.85825
v 1.08682 0.326712 -2.90003
v 0.805244 0.603462 -3.00353
v 0.850886 0.647446 -2.96595
v 1.1801 0.0460229 -2.81424
v 1.14857 0.0401156 -2.86341
v 1.18943 -0.122525 -2.79752
v 1.15122 -0.126736 -2.84309
v 1.14857 0.0401156 -2.86341
v 1.1801 0.0460229 -2.81424
v 1.16053 0.0473483 -2.66137
v 1.13476 -0.120063 -2.64218
v 1.11331 -0.278052 -2.83257
v 1.05104 -0.273922 -2.59366
v 0.995178 -0.265678 -2.39944
v 0.880046 -0.533507 -2.36424
v 0.707776 -0.733403 -2.34566
v 0.50302 -0.868651 -2.34941
v 0.546136 -0.934368 -2.69383
v 0.580697 -0.984861 -2.72963
v 0.322861 -1.01763 -2.78591
v 0.343847 -1.07567 -2.82702
v 0.347364 -1.08462 -2.99747
v 0.300802 -0.929808 -2.36509
v 0.649081 -0.664595 -1.89917
v 0.805671 -0.490537 -1.93226
v 0.824936 -0.578527 -1.56156
v 0.641174 -0.753455 -1.50531
v 0.928148 -0.00488888 -1.62642
v 0.862733 0.266538 -1.63742
v 0.921457 0.282884 -1.59655
v 0.992959 -0.00737831 -1.58563
v 0.991564 -0.358423 -1.55774
v 0.927804 -0.334811 -1.60067
v 0.928148 -0.00488888 -1.62642
v 0.992959 -0.00737831 -1.58563
v 1.09379 0.0446747 -2.63043
v 1.02623 0.339594 -2.68185
v 0.991928 0.350697 -2.49173
v 1.04027 0.05242 -2.44811
v 1.04027 0.05242 -2.44811
v 1.01471 -0.106003 -2.42423
v 1.06899 -0.113841 -2.6125
v 1.09379 0.0446747 -2.63043
v 0.352171 -1.03682 -3.0436
v 0.45446 -0.783457 -1.86458
v 0.436456 -0.890885 -1.43472
v 0.23717 -0.969148 -1.34124
v 0.266272 -0.851556 -1.81807
v 0.463639 -0.942003 -1.37852
v 0.251856 -1.02568 -1.27966
v 0.240706 -1.07664 -1.08997
v 0.2434 -1.02426 -1.06579
v 0.456776 -0.992198 -1.20625
v 0.67947 -0.842413 -1.29594
v 0.681868 -0.801569 -1.45409
v 0.670686 -0.803582 -1.2623
v 0.890826 -0.660062 -1.36675
v 0.860759 -0.636484 -1.33314
v 0.455796 -0.939337 -1.17714
v 0.877929 -0.61448 -1.51424
v 0.357047 0.856341 -2.86894
v 0.377877 0.90593 -2.9144
v 0.351633 0.868098 -2.5421
v 0.366346 0.862707 -3.1425
v 0.349631 0.804819 -3.17087
v 1.00731 -0.403167 -1.41418
v 0.991231 0.0141312 -1.44744
v 0.872841 0.369455 -1.44721
v 0.991231 0.0141312 -1.44744
v 0.737965 0.586567 -1.54982
v 0.679343 0.67997 -1.36479
v 0.670639 0.655374 -1.32666
v 0.839317 0.369462 -1.41084
v 0.337371 0.843222 -1.1451
v 0.341263 0.879616 -1.18713
v 0.334472 0.873435 -1.36384
v 0.312489 0.815235 -1.41886
v 0.966611 -0.38492 -1.37737
v 0.943413 0.0268042 -1.41409
v 0.943413 0.0268042 -1.41409
v 1.16053 0.0473483 -2.66137
v 1.08661 0.357624 -2.71622
v 0.839188 0.699157 -2.78959
v 0.792522 0.662291 -2.75105
v 0.782221 0.659401 -2.52496
v 0.334218 0.830208 -2.2704
v 0.752106 0.627817 -2.27466
v 0.315551 0.794212 -1.91902
v 0.710422 0.580927 -1.9952
v 0.69265 0.550527 -1.59606
v 0.927437 0.345516 -2.25167
v 0.882691 0.324962 -2.00328
v 0.218681 -1.08954 -0.790731
v 0.436142 -1.02156 -0.866593
v 0.409098 -0.948107 -0.880805
v 0.197592 -1.05083 -0.795427
v 0.217277 -1.17465 -0.933466
v 0.455561 -1.08435 -1.03336
v 0.738694 -0.921524 -1.17615
v 0.706762 -0.875374 -1.03145
v 0.935003 -0.789565 -1.22015
v 0.887311 -0.757042 -1.09569
v 1.04055 -0.406199 -1.21376
v 1.09507 -0.40319 -1.32635
v 1.02821 0.0347222 -1.22662
v 1.04789 0.0135638 -1.35173
v 0.884601 0.498809 -1.30908
v 0.890777 0.476272 -1.1733
v 0.916072 -0.368537 -1.15454
v 0.758664 -0.659612 -1.07348
v 0.610383 -0.774358 -1.00745
v 1.02821 0.0347222 -1.22662
v 0.92071 0.0595805 -1.17904
v 0.714696 0.773695 -1.1896
v 0.701507 0.716273 -1.05807
v 0.297956 0.998966 -1.02667
v 0.294107 0.954864 -0.903693
v 0.301952 0.887389 -0.905955
v 0.659307 0.680335 -1.03679
v 0.813189 0.431946 -1.13349
v 1.04789 0.0135638 -1.35173
v 0.92071 0.0595805 -1.17904
v -1.00551 0.348974 -2.39307
v -0.951295 0.44008 -2.34243
v -0.967926 0.471534 -2.34501
v -1.02664 0.371101 -2.4009
v -0.951295 0.44008 -2.34243
v -1.00551 0.348974 -2.39307
v -1.05696 0.326296 -2.37134
v -0.977714 0.43532 -2.32105
v -0.963398 0.365072 -2.17704
v -0.918564 0.416042 -1.93237
v -0.90071 0.487635 -2.07778
v -0.932404 0.461317 -2.20047
v -0.977714 0.43532 -2.32105
v -1.05696 0.326296 -2.37134
v -1.13711 0.148892 -2.42429
v -1.02133 0.184846 -2.13899
v -1.13711 0.148892 -2.42429
v -1.08825 0.161692 -2.45446
v -1.10715 -0.00652187 -2.45364
v -1.15531 -0.005881 -2.42297
v -1.08825 0.161692 -2.45446
v -1.11183 0.163878 -2.46507
v -1.13701 -0.0176263 -2.46671
v -1.10715 -0.00652187 -2.45364
v -0.997559 -0.194225 -2.08215
v -1.04419 0.0336246 -2.11262
v -1.15531 -0.005881 -2.42297
v -1.09104 -0.209854 -2.35495
v -1.03896 -0.229139 -2.38017
v -1.09104 -0.209854 -2.35495
v -0.985532 0.230346 -1.78412
v -0.918564 0.416042 -1.93237
v -0.985532 0.230346 -1.78412
v -0.923618 0.244689 -1.7671
v -0.843937 0.421282 -1.93911
v -0.843937 0.421282 -1.93911
v -0.923618 0.244689 -1.7671
v -0.958611 0.259477 -1.73714
v -0.885159 0.451107 -1.90732
v -0.842758 0.490741 -2.0871
v -0.90071 0.487635 -2.07778
v -1.03497 0.083753 -1.75339
v -0.975441 0.0903427 -1.73072
v -1.01694 -0.116057 -1.78281
v -0.965407 -0.125587 -1.75792
v -0.975441 0.0903427 -1.73072
v -0.965407 -0.125587 -1.75792
v -0.984961 -0.138068 -1.73729
v -1.00594 0.0921661 -1.70241
v -1.01694 -0.116057 -1.78281
v -1.03497 0.083753 -1.75339
v -0.889093 0.555384 -2.21014
v -0.92032 0.548283 -2.33187
v -0.774991 0.707014 -2.37007
v -0.778223 0.661955 -2.36456
v -0.910146 0.542317 -2.33832
v -0.92032 0.548283 -2.33187
v -0.778223 0.661955 -2.36456
v -0.774991 0.707014 -2.37007
v -0.72571 0.688261 -2.38129
v -0.744003 0.697726 -2.24031
v -0.648982 0.739473 -2.25661
v -0.672485 0.754309 -2.40017
v -0.72571 0.688261 -2.38129
v -0.672485 0.754309 -2.40017
v -0.660549 0.712279 -2.40642
v -0.818175 0.688359 -2.38434
v -0.941998 0.578834 -2.34513
v -0.910146 0.542317 -2.33832
v -0.729014 0.672983 -2.39906
v -0.711418 0.674716 -2.10697
v -0.860216 0.558091 -2.08644
v -0.951295 0.44008 -2.34243
v -0.977714 0.43532 -2.32105
v -0.842758 0.490741 -2.0871
v -0.844365 0.571852 -2.08221
v -0.860216 0.558091 -2.08644
v -0.90071 0.487635 -2.07778
v -1.08194 0.455882 -2.50028
v -1.24803 0.184097 -2.61737
v -1.27504 -0.0487693 -2.61111
v -1.16346 -0.35228 -2.49947
v -1.06884 -0.248012 -2.39337
v -1.03896 -0.229139 -2.38017
v -0.975513 -0.410872 -2.28157
v -0.950117 -0.383991 -2.27366
v -0.994463 -0.360154 -2.25411
v -0.950117 -0.383991 -2.27366
v -0.994463 -0.360154 -2.25411
v -1.01699 -0.594073 -2.30896
v -1.20903 -0.353662 -2.70131
v -1.06524 -0.607457 -2.57073
v -0.940663 -0.783687 -2.40893
v -0.927887 -0.474454 -2.16627
v -0.903346 -0.445239 -2.1635
v -0.955638 -0.64601 -2.16866
v -0.896417 -0.486874 -2.05091
v -0.873368 -0.456984 -2.05346
v -0.930373 -0.647202 -2.04694
v -1.28839 -0.0771141 -2.77196
v -1.09671 -0.371417 -2.72291
v -1.20548 -0.0754541 -2.80358
v -0.837534 -0.733276 -2.51739
v -0.771621 -0.81494 -2.41498
v -0.5866 -0.946487 -2.41306
v -0.491919 -1.01124 -2.274
v -0.689238 -0.882024 -2.24737
v -0.603612 -0.853305 -2.50462
v -0.855666 -0.869995 -2.22332
v -1.24952 0.202343 -2.77173
v -1.16828 0.205931 -2.7973
v -1.11575 0.425285 -2.68393
v -1.02579 0.422791 -2.70959
v -0.965926 0.592121 -2.53077
v -0.871405 0.589186 -2.54812
v -0.259695 -1.08258 -2.30381
v -0.329698 -1.04815 -2.09276
v -0.48632 -0.98 -2.08071
v -0.340335 -1.06081 -2.54367
v -0.123694 -1.11193 -2.67893
v -0.124925 -1.08917 -2.41061
v 0.00691604 -1.12287 -2.7411
v -0.115526 -1.00543 -2.7789
v 0.00724561 -1.01395 -2.84381
v 0.00466836 -1.0803 -2.40768
v 0.00206858 -1.13158 -2.28825
v -0.109585 -1.11865 -2.27293
v -0.115062 -1.08931 -2.38292
v -0.235081 -1.06858 -2.28444
v -0.20792 -1.10174 -2.22815
v -0.299585 -1.03972 -2.0911
v -0.276854 -1.03446 -1.89122
v -0.478271 -0.934575 -1.89526
v -0.248399 -1.02645 -1.90377
v -0.235623 -1.08979 -2.07601
v -0.000642085 -1.13126 -2.06251
v 0.00492986 -1.09686 -2.44008
v -0.33215 -0.958842 -2.63496
v -0.654366 -0.870838 -2.06167
v -0.830776 -0.846004 -2.03854
v -0.92002 -0.621811 -1.93333
v -0.838018 -0.774791 -1.8498
v -0.875103 -0.678025 -1.70561
v -0.931075 -0.559332 -1.83653
v -0.667325 -0.791784 -1.87274
v -0.711721 -0.675248 -1.72417
v -0.546369 -0.841972 -1.77397
v -0.552155 -0.716923 -1.7525
v -0.254559 -0.964494 -1.66602
v -0.23909 -0.833853 -1.64894
v -0.825976 -0.563874 -1.63997
v -0.961092 -0.528673 -1.61471
v -0.965018 -0.444407 -1.74173
v -0.917053 -0.369417 -1.84911
v -0.891821 -0.456608 -1.94436
v -1.04916 -0.227347 -1.51477
v -1.0395 -0.182561 -1.64025
v -1.05401 0.105238 -1.61101
v -1.05187 0.112564 -1.49355
v -0.94689 -0.233917 -1.51272
v -0.96154 0.112323 -1.47845
v -0.870384 0.336377 -1.52759
v -0.960144 0.351767 -1.54094
v -0.896294 -0.345989 -1.8616
v -0.86918 -0.426744 -1.9531
v -0.921557 -0.391451 -1.9621
v -0.86918 -0.426744 -1.9531
v -0.896294 -0.345989 -1.8616
v -0.949164 -0.318625 -1.87959
v -0.921557 -0.391451 -1.9621
v -0.949164 -0.318625 -1.87959
v -0.921917 -0.418212 -2.05582
v -0.921917 -0.418212 -2.05582
v -0.873368 -0.456984 -2.05346
v -0.43975 0.730685 -2.08976
v -0.443336 0.775803 -2.10241
v -0.476213 0.763889 -2.10931
v -0.460992 0.721708 -2.11312
v -0.510866 0.788609 -2.2725
v -0.527199 0.8016 -2.27016
v -0.486053 0.77413 -2.07367
v -0.476213 0.763889 -2.10931
v -0.443336 0.775803 -2.10241
v -0.4675 0.804676 -2.28537
v -0.510866 0.788609 -2.2725
v -0.476213 0.763889 -2.10931
v -0.441339 0.842952 -2.46731
v -0.537728 0.810991 -2.43659
v -0.456064 0.806105 -2.48019
v -0.522386 0.770399 -2.45176
v -0.537728 0.810991 -2.43659
v -0.441339 0.842952 -2.46731
v -0.522386 0.770399 -2.45176
v -0.54002 0.766649 -2.48789
v -0.559009 0.826989 -2.46874
v -0.537728 0.810991 -2.43659
v -0.672874 0.768035 -2.44214
v -0.658532 0.706617 -2.45112
v -0.660549 0.712279 -2.40642
v -0.642677 0.751614 -2.255
v -0.467048 0.713455 -2.07865
v -0.460992 0.721708 -2.11312
v -0.59934 0.717587 -2.07073
v -0.564665 0.667696 -2.07606
v -0.613183 0.712771 -2.11292
v -0.584671 0.680047 -2.1167
v -0.711418 0.674716 -2.10697
v -0.645566 0.662374 -2.11624
v -0.584671 0.680047 -2.1167
v -0.613183 0.712771 -2.11292
v -0.713633 0.654598 -2.09517
v -0.645566 0.662374 -2.11624
v -0.711529 0.669026 -2.06477
v -0.64452 0.64695 -2.09474
v -0.844365 0.571852 -2.08221
v -0.880182 0.587041 -2.05967
v -0.711529 0.669026 -2.06477
v -0.713633 0.654598 -2.09517
v -0.713633 0.654598 -2.09517
v -0.120368 -1.07854 -1.87874
v -0.00230107 -1.07352 -1.86525
v -0.00267861 -1.02917 -1.77867
v -0.132225 -1.02735 -1.80524
v -0.214333 -1.07072 -1.93258
v -0.00297742 -1.04216 -1.75725
v -0.14699 -1.03893 -1.78711
v -0.00427238 -0.999243 -1.56712
v -0.00341334 -0.867996 -1.54248
v -0.871295 0.507494 -2.06061
v -0.842758 0.490741 -2.0871
v -0.895535 0.51258 -1.87284
v -0.880182 0.587041 -2.05967
v -0.827921 0.525784 -1.70874
v -0.73745 0.616088 -1.91784
v -0.991017 0.305303 -1.65853
v -0.751649 0.495145 -1.70122
v -0.672054 0.586471 -1.92319
v -0.842758 0.490741 -2.0871
v -0.871295 0.507494 -2.06061
v -0.942566 -0.416161 -2.15791
v -0.903346 -0.445239 -2.1635
v -0.942566 -0.416161 -2.15791
v -0.426891 0.823391 -2.09511
v -0.340679 0.863396 -2.08004
v -0.380198 0.877461 -2.26035
v -0.449209 0.847855 -2.27499
v -0.443336 0.775803 -2.10241
v -0.4675 0.804676 -2.28537
v -0.375957 0.761794 -1.97954
v -0.43975 0.730685 -2.08976
v -0.456064 0.806105 -2.48019
v -0.441339 0.842952 -2.46731
v -0.288983 0.852131 -2.60238
v -0.274193 0.940646 -2.5784
v 0.00321621 0.964578 -2.63249
v 0.00336684 0.874056 -2.6625
v -0.340488 0.909031 -2.40466
v -0.407962 0.89604 -2.45375
v -0.232765 0.935445 -2.49786
v -0.204622 0.803895 -1.84983
v -0.204501 0.878366 -1.85324
v -0.373743 0.834426 -1.97597
v 0.00267219 0.821205 -1.80828
v 0.00298855 0.906324 -1.81239
v 0.00325099 0.909531 -1.8835
v -0.196388 0.894195 -1.92256
v -0.189006 0.863423 -1.96159
v 0.00324076 0.87284 -1.9229
v 0.00357324 0.918293 -1.96796
v -0.159811 0.902793 -1.99477
v 0.00370544 0.931138 -2.12601
v -0.250238 0.892964 -2.12096
v -0.311446 0.848627 -2.11144
v -0.3316 0.865084 -2.27535
v -0.258207 0.911316 -2.25809
v 0.0031301 0.939896 -2.25897
v 0.00277052 0.959064 -2.45359
v -0.19978 0.939419 -2.39797
v 0.00294999 0.957054 -2.53572
v -0.192726 0.924508 -2.48193
v 0.00287474 0.943634 -2.51208
v -0.28229 0.898996 -2.40638
v 0.429905 0.824674 -2.0982
v 0.45289 0.84866 -2.27651
v 0.384899 0.87882 -2.26259
v 0.345348 0.864963 -2.08302
v 0.445185 0.777183 -2.10531
v 0.470164 0.8054 -2.28622
v 0.37707 0.835764 -1.97908
v 0.378029 0.763454 -1.98252
v 0.46149 0.806037 -2.47938
v 0.29565 0.852431 -2.60332
v 0.446859 0.842986 -2.46717
v 0.280726 0.940996 -2.57977
v 0.41371 0.896305 -2.45457
v 0.346015 0.909914 -2.40632
v 0.238763 0.936157 -2.49927
v 0.209536 0.879323 -1.85439
v 0.208913 0.805051 -1.85086
v 0.202059 0.895251 -1.92411
v 0.194608 0.864648 -1.9632
v 0.166302 0.903883 -1.99632
v 0.256301 0.894641 -2.12344
v 0.336337 0.866728 -2.2775
v 0.316231 0.850399 -2.11415
v 0.263906 0.913013 -2.26034
v 0.205308 0.940587 -2.39952
v 0.198527 0.92532 -2.48318
v 0.287686 0.900105 -2.40806
v 0.440677 0.732306 -2.09257
v 1.01064 0.349836 -2.38578
v 1.03142 0.371977 -2.39346
v 0.970767 0.4724 -2.33849
v 0.954613 0.440991 -2.33602
v 0.954613 0.440991 -2.33602
v 0.980983 0.436308 -2.3146
v 1.06215 0.327191 -2.36369
v 1.01064 0.349836 -2.38578
v 0.966811 0.366286 -2.17108
v 0.934334 0.46266 -2.19558
v 0.901338 0.489318 -2.07436
v 0.918877 0.417632 -1.92823
v 1.06215 0.327191 -2.36369
v 0.980983 0.436308 -2.3146
v 1.02618 0.184747 -2.13073
v 1.14615 0.145658 -2.41866
v 1.14615 0.145658 -2.41866
v 1.16504 -0.0102122 -2.41799
v 1.11694 -0.0100577 -2.44933
v 1.09709 0.15901 -2.44941
v 1.09709 0.15901 -2.44941
v 1.11694 -0.0100577 -2.44933
v 1.14649 -0.0214102 -2.46242
v 1.12043 0.161165 -2.45994
v 1.00543 -0.198488 -2.07438
v 1.10158 -0.215954 -2.35131
v 1.16504 -0.0102122 -2.41799
v 1.04992 0.0318127 -2.10373
v 1.10158 -0.215954 -2.35131
v 1.04993 -0.23427 -2.37717
v 0.984889 0.229207 -1.77748
v 0.918877 0.417632 -1.92823
v 0.844598 0.423342 -1.93616
v 0.923675 0.244168 -1.76136
v 0.984889 0.229207 -1.77748
v 0.844598 0.423342 -1.93616
v 0.885024 0.453003 -1.90417
v 0.957568 0.258743 -1.73125
v 0.923675 0.244168 -1.76136
v 0.901338 0.489318 -2.07436
v 0.843255 0.492574 -2.08456
v 0.975713 0.0869199 -1.72335
v 1.0345 0.0797734 -1.74533
v 0.968374 -0.132288 -1.7497
v 1.0195 -0.123072 -1.77421
v 0.975713 0.0869199 -1.72335
v 1.00522 0.0884405 -1.69488
v 0.987465 -0.145303 -1.72888
v 0.968374 -0.132288 -1.7497
v 1.0345 0.0797734 -1.74533
v 1.0195 -0.123072 -1.77421
v 0.921796 0.548883 -2.32591
v 0.889312 0.556453 -2.20619
v 0.776292 0.706309 -2.3649
v 0.921796 0.548883 -2.32591
v 0.911732 0.542898 -2.33235
v 0.779288 0.661532 -2.35927
v 0.779288 0.661532 -2.35927
v 0.727352 0.687676 -2.37638
v 0.776292 0.706309 -2.3649
v 0.743316 0.697729 -2.23805
v 0.675133 0.753459 -2.39612
v 0.649196 0.739342 -2.25542
v 0.727352 0.687676 -2.37638
v 0.663133 0.711667 -2.40209
v 0.675133 0.753459 -2.39612
v 0.911732 0.542898 -2.33235
v 0.94335 0.579294 -2.33878
v 0.819536 0.687773 -2.37844
v 0.730945 0.672429 -2.39378
v 0.710102 0.675543 -2.10782
v 0.859762 0.55967 -2.08433
v 0.954613 0.440991 -2.33602
v 0.980983 0.436308 -2.3146
v 0.843255 0.492574 -2.08456
v 0.901338 0.489318 -2.07436
v 0.859762 0.55967 -2.08433
v 0.843679 0.573418 -2.08053
v 1.25411 0.18201 -2.61244
v 1.08686 0.454766 -2.49472
v 1.28229 -0.0529013 -2.60738
v 1.07943 -0.25354 -2.3904
v 1.17258 -0.358618 -2.49735
v 1.04993 -0.23427 -2.37717
v 0.962017 -0.390437 -2.27059
v 0.986934 -0.417808 -2.27853
v 1.00524 -0.363172 -2.24692
v 1.00524 -0.363172 -2.24692
v 0.962017 -0.390437 -2.27059
v 1.02706 -0.602757 -2.30652
v 1.07459 -0.61336 -2.57112
v 1.21657 -0.358744 -2.70057
v 0.950336 -0.790226 -2.40903
v 0.938017 -0.478769 -2.1589
v 0.913875 -0.448821 -2.1563
v 0.964062 -0.652528 -2.16115
v 0.882256 -0.462114 -2.04582
v 0.904789 -0.492833 -2.04307
v 0.93648 -0.655468 -2.03906
v 1.29411 -0.0800514 -2.76918
v 1.10472 -0.3755 -2.72306
v 1.21124 -0.0776431 -2.80146
v 0.848819 -0.736598 -2.51855
v 0.782304 -0.817405 -2.41557
v 0.59643 -0.945075 -2.4142
v 0.69619 -0.880397 -2.24484
v 0.497127 -1.00626 -2.2739
v 0.615577 -0.852278 -2.50576
v 0.861544 -0.873876 -2.21875
v 1.25391 0.201833 -2.76747
v 1.17289 0.205974 -2.79357
v 1.03061 0.423119 -2.70493
v 1.12023 0.425372 -2.67871
v 0.87584 0.588448 -2.54269
v 0.969907 0.591362 -2.5251
v 0.48754 -0.975738 -2.0828
v 0.330133 -1.04335 -2.09508
v 0.264652 -1.07803 -2.30408
v 0.351716 -1.05826 -2.54436
v 0.134145 -1.08731 -2.4109
v 0.136982 -1.11088 -2.67901
v 0.129894 -1.00449 -2.77907
v 0.121804 -1.08697 -2.38275
v 0.113523 -1.1164 -2.2732
v 0.239902 -1.06417 -2.28482
v 0.210927 -1.09785 -2.22893
v 0.3002 -1.03494 -2.09332
v 0.47547 -0.932079 -1.89926
v 0.272975 -1.03116 -1.89506
v 0.245044 -1.0231 -1.90725
v 0.235079 -1.08585 -2.0781
v 0.345421 -0.956505 -2.63568
v 0.657136 -0.870194 -2.06093
v 0.832807 -0.852091 -2.03424
v 0.923862 -0.63189 -1.92525
v 0.836278 -0.784719 -1.84529
v 0.933641 -0.570863 -1.8281
v 0.871779 -0.691268 -1.69973
v 0.70848 -0.683239 -1.72153
v 0.666043 -0.794974 -1.87233
v 0.541508 -0.842495 -1.77749
v 0.54873 -0.718266 -1.75443
v 0.233976 -0.83268 -1.65286
v 0.247734 -0.963216 -1.67062
v 0.823549 -0.575884 -1.63374
v 0.959578 -0.543141 -1.60667
v 0.967276 -0.456375 -1.73291
v 0.898298 -0.464219 -1.93625
v 0.922173 -0.378045 -1.84081
v 1.04026 -0.191431 -1.63136
v 1.04826 -0.236953 -1.50606
v 1.05089 0.101299 -1.60353
v 1.04735 0.108798 -1.48665
v 0.946698 -0.2428 -1.50467
v 0.958902 0.108784 -1.47223
v 0.956766 0.351112 -1.5363
v 0.868775 0.335801 -1.52358
v 0.901932 -0.353767 -1.85351
v 0.876277 -0.433411 -1.94521
v 0.928484 -0.398611 -1.95412
v 0.954761 -0.326699 -1.87128
v 0.901932 -0.353767 -1.85351
v 0.876277 -0.433411 -1.94521
v 0.928484 -0.398611 -1.95412
v 0.93044 -0.423966 -2.04809
v 0.954761 -0.326699 -1.87128
v 0.882256 -0.462114 -2.04582
v 0.93044 -0.423966 -2.04809
v 0.440677 0.732306 -2.09257
v 0.461625 0.723225 -2.11574
v 0.477512 0.765068 -2.11216
v 0.445185 0.777183 -2.10531
v 0.512815 0.788997 -2.273
v 0.477512 0.765068 -2.11216
v 0.487388 0.775197 -2.07683
v 0.5293 0.801778 -2.27063
v 0.445185 0.777183 -2.10531
v 0.477512 0.765068 -2.11216
v 0.512815 0.788997 -2.273
v 0.470164 0.8054 -2.28622
v 0.446859 0.842986 -2.46717
v 0.542249 0.810477 -2.43479
v 0.46149 0.806037 -2.47938
v 0.446859 0.842986 -2.46717
v 0.542249 0.810477 -2.43479
v 0.526939 0.770024 -2.44963
v 0.526939 0.770024 -2.44963
v 0.542249 0.810477 -2.43479
v 0.563936 0.82632 -2.46653
v 0.544995 0.766174 -2.48521
v 0.676309 0.767094 -2.43771
v 0.661931 0.705961 -2.44629
v 0.663133 0.711667 -2.40209
v 0.643072 0.751406 -2.25401
v 0.461625 0.723225 -2.11574
v 0.467503 0.714993 -2.08155
v 0.598799 0.718335 -2.07338
v 0.563869 0.669023 -2.07868
v 0.583843 0.681067 -2.11876
v 0.61252 0.713378 -2.11492
v 0.710102 0.675543 -2.10782
v 0.61252 0.713378 -2.11492
v 0.583843 0.681067 -2.11876
v 0.644399 0.663387 -2.11774
v 0.712271 0.655681 -2.09608
v 0.644399 0.663387 -2.11774
v 0.7102 0.670056 -2.06613
v 0.643312 0.648201 -2.0965
v 0.843679 0.573418 -2.08053
v 0.712271 0.655681 -2.09608
v 0.7102 0.670056 -2.06613
v 0.879367 0.588536 -2.05769
v 0.712271 0.655681 -2.09608
v 0.115859 -1.0768 -1.88077
v 0.127271 -1.0257 -1.80773
v 0.210862 -1.06763 -1.93555
v 0.141455 -1.03728 -1.78992
v 0.871472 0.509279 -2.05798
v 0.843255 0.492574 -2.08456
v 0.879367 0.588536 -2.05769
v 0.894489 0.514498 -1.87029
v 0.826628 0.52761 -1.70682
v 0.736246 0.618018 -1.91895
v 0.988118 0.304597 -1.65293
v 0.751156 0.497161 -1.69984
v 0.671127 0.588676 -1.92488
v 0.871472 0.509279 -2.05798
v 0.843255 0.492574 -2.08456
v 0.913875 -0.448821 -2.1563
v 0.952557 -0.420381 -2.15057
v 0.952557 -0.420381 -2.15057
v -0.183505 0.907678 -3.52448
v -0.000498392 0.859734 -3.30429
v -0.00666689 0.942711 -3.6372
v -0.42782 0.832384 -3.41047
v -0.347909 0.817986 -3.17218
v -1.14348 0.040483 -2.86579
v -1.08289 0.325167 -2.90337
v -1.18046 0.308839 -3.1069
v -1.30827 -0.155488 -3.04073
v -0.00197518 0.885769 -3.64891
v -0.173736 0.848868 -3.55169
v -0.183505 0.907678 -3.52448
v -0.00666689 0.942711 -3.6372
v -0.418906 0.77423 -3.45129
v -0.833978 0.563211 -3.26164
v -0.865829 0.585676 -3.22554
v -0.42782 0.832384 -3.41047
v -1.12471 0.295557 -3.14846
v -1.18046 0.308839 -3.1069
v -1.23738 -0.136931 -3.08491
v -1.30827 -0.155488 -3.04073
v -0.418906 0.77423 -3.45129
v -0.48686 0.785537 -3.57878
v -0.87131 0.589714 -3.42715
v -0.833978 0.563211 -3.26164
v -1.18558 0.232156 -3.36469
v -1.12471 0.295557 -3.14846
v -0.173736 0.848868 -3.55169
v -0.00197518 0.885769 -3.64891
v -0.00207668 0.88594 -3.67915
v -0.16843 0.871983 -3.69719
v -1.03037 0.572371 -4.7242
v -0.980269 0.627956 -4.2446
v -0.703379 0.756123 -4.29646
v -0.770391 0.706711 -4.77379
v -0.832054 0.642381 -5.18011
v -1.08181 0.501114 -5.14873
v -0.898382 0.595876 -5.57951
v -1.16758 0.439102 -5.57226
v -1.29598 -0.145659 -3.33266
v -1.23738 -0.136931 -3.08491
v -1.44102 -0.173862 -6.03514
v -1.53662 -0.175625 -5.94661
v -1.47148 0.089443 -5.97955
v -1.35834 0.0589517 -6.05646
v -0.214963 0.854848 -4.37921
v -0.29255 0.912193 -4.37585
v -0.176029 0.934827 -3.92322
v -0.089889 0.876825 -4.02251
v -0.0888366 0.923043 -3.81783
v -0.00250801 0.912226 -3.79553
v -0.00283627 0.890323 -3.90332
v -0.0461705 0.883 -3.92173
v -0.310908 0.797926 -4.86438
v -0.383663 0.885702 -4.85314
v -0.373454 0.729621 -5.25995
v -0.450743 0.840531 -5.24685
v -0.441839 0.676073 -5.61595
v -0.523705 0.805749 -5.6203
v -0.617343 0.761259 -5.90389
v -0.524259 0.644972 -5.92278
v -0.662602 0.588427 -6.021
v -0.731897 0.71592 -5.97327
v -0.0975804 0.895766 -3.78908
v -0.00234704 0.885224 -3.76189
v -1.51623 -0.180124 -5.92456
v -1.44863 0.0785402 -5.95274
v -0.73257 0.69097 -5.94304
v -0.631567 0.730622 -5.87005
v -0.541223 0.772328 -5.58673
v -0.46941 0.807977 -5.21042
v -0.399144 0.855054 -4.81523
v -0.306174 0.884475 -4.33208
v -0.193861 0.907105 -3.89937
v -0.173696 -1.11782 -3.39548
v 0.0061459 -1.10604 -3.18094
v -0.339495 -1.03717 -3.04102
v -0.503174 -1.01003 -3.23612
v -0.800938 -0.881347 -3.11483
v -0.580143 -0.908003 -2.92175
v -1.14528 -0.124775 -2.84433
v -1.10636 -0.275054 -2.83252
v 0.00344981 -1.1086 -3.53496
v 0.00387853 -1.1614 -3.49528
v -0.173696 -1.11782 -3.39548
v -0.16972 -1.07376 -3.43626
v -0.79525 -0.829079 -3.14165
v -0.491154 -0.947953 -3.25939
v -0.503174 -1.01003 -3.23612
v -0.800938 -0.881347 -3.11483
v -1.15941 -0.592026 -3.03727
v -1.13818 -0.574887 -3.07596
v -0.903029 -0.845115 -3.37765
v -0.546522 -0.974615 -3.45527
v -0.491154 -0.947953 -3.25939
v -0.79525 -0.829079 -3.14165
v -1.23472 -0.500568 -3.32962
v -1.13818 -0.574887 -3.07596
v -0.16972 -1.07376 -3.43626
v -0.164529 -1.10045 -3.58277
v 0.0031577 -1.11131 -3.567
v 0.00344981 -1.1086 -3.53496
v -0.979187 -0.895568 -5.87428
v -0.724338 -1.07536 -5.8349
v -0.897805 -0.9654 -5.45414
v -0.656823 -0.970553 -5.93097
v -0.724105 -1.10044 -5.86545
v -0.986725 -0.901809 -5.90681
v -0.934157 -0.789859 -5.9729
v -1.34352 -0.422501 -6.03644
v -1.46213 -0.463481 -5.95841
v -0.193038 -1.08771 -4.22237
v -0.0867251 -1.11622 -3.89915
v -0.171023 -1.13498 -3.76788
v -0.283611 -1.17971 -4.22002
v -0.0845324 -1.11185 -3.6683
v -0.0425114 -1.11696 -3.8034
v -0.000150783 -1.08958 -3.75853
v 0.00106845 -1.09964 -3.6501
v -0.295377 -1.0904 -4.70045
v -0.379421 -1.19537 -4.67582
v -0.443667 -1.19265 -5.06554
v -0.368166 -1.08171 -5.09268
v -0.515089 -1.18971 -5.45924
v -0.448289 -1.08087 -5.46967
v -0.609768 -1.15139 -5.77871
v -0.53402 -1.05377 -5.80692
v -0.0932035 -1.08555 -3.643
v 0.00146259 -1.07327 -3.62026
v -1.4365 -0.453173 -5.92931
v -0.623287 -1.11964 -5.74578
v -0.462008 -1.15744 -5.03327
v -0.531937 -1.15423 -5.4285
v -0.39487 -1.16237 -4.6429
v -0.302654 -1.14917 -4.1865
v -0.188743 -1.10864 -3.74731
v -0.839527 -0.996521 -5.02936
v -0.783919 -1.0266 -4.62062
v -0.711201 -1.03462 -4.14691
v -0.79988 0.602105 -3.00396
v -0.865829 0.585676 -3.22554
v -0.81961 -0.793731 -2.84815
v -1.01063 -0.552072 -2.82373
v -1.15941 -0.592026 -3.03727
v -0.99687 0.519871 -5.95749
v -1.27398 0.340008 -5.97069
v -1.26759 -0.691564 -5.94769
v -1.27168 -0.691442 -5.91634
v -1.20247 -0.599342 -6.02452
v -1.00605 0.527303 -5.98737
v -1.28118 0.336817 -5.99997
v -0.955634 0.406288 -6.04389
v -1.17119 0.258281 -6.0664
v -1.32858 0.226432 -3.77303
v -1.28476 0.225916 -3.54854
v -1.03601 0.522133 -3.5919
v -1.06362 0.539979 -3.83477
v -1.30286 0.331289 -5.5518
v -1.36552 0.266475 -5.79572
v -1.49985 0.103074 -5.77767
v -1.48749 0.136043 -5.50444
v -1.45866 0.162959 -5.0908
v -1.2141 0.411888 -5.1328
v -1.38382 0.32673 -5.84134
v -1.54189 0.10785 -5.82577
v -1.30201 0.395398 -5.57238
v -1.20556 0.482261 -5.14295
v -1.42447 0.191715 -4.65941
v -1.15245 0.489146 -4.69773
v -1.14394 0.563799 -4.71149
v -1.37412 0.211139 -4.16215
v -1.10277 0.527346 -4.21154
v -1.08907 0.607826 -4.20753
v -1.05467 0.626625 -3.81218
v -1.44495 -0.155612 -3.73679
v -1.48622 -0.161098 -4.11366
v -1.02108 0.580087 -3.52316
v -1.30154 0.23991 -3.46752
v -1.00472 0.679314 -3.82812
v -1.03997 0.658614 -4.21013
v -0.979844 0.616991 -3.43044
v -1.07692 0.608655 -4.71539
v -1.12974 0.529231 -5.15214
v -1.23487 0.453929 -5.59601
v -1.33574 0.38514 -5.97143
v -1.54548 0.108392 -5.94257
v -1.16758 0.439102 -5.57226
v -1.27398 0.340008 -5.97069
v -1.08181 0.501114 -5.14873
v -1.03037 0.572371 -4.7242
v -0.980269 0.627956 -4.2446
v -0.919049 0.653977 -3.82821
v -0.87131 0.589714 -3.42715
v -1.27292 0.247087 -3.39198
v -1.18558 0.232156 -3.36469
v -1.44863 0.0785402 -5.95274
v -1.58801 -0.185237 -5.74911
v -1.58136 -0.182011 -5.45553
v -1.64141 -0.185978 -5.79722
v -1.5576 -0.17467 -5.04634
v -1.5375 -0.16727 -4.61956
v -1.38684 -0.150763 -3.35039
v -1.40872 -0.151453 -3.42505
v -1.06479 -0.845955 -3.5402
v -1.30985 -0.585152 -3.50856
v -1.35682 -0.591875 -3.72613
v -1.09938 -0.870027 -3.76861
v -1.51831 -0.502629 -5.74381
v -1.39663 -0.646943 -5.73906
v -1.3425 -0.716127 -5.47354
v -1.51289 -0.539904 -5.46015
v -1.25978 -0.786638 -5.0306
v -1.48915 -0.557958 -5.03418
v -1.55839 -0.50897 -5.79359
v -1.42013 -0.710184 -5.78058
v -1.34763 -0.784332 -5.48642
v -1.2571 -0.860297 -5.03088
v -1.19993 -0.843258 -4.59107
v -1.45536 -0.574281 -4.59809
v -1.19626 -0.919681 -4.59588
v -1.14566 -0.866216 -4.12384
v -1.40506 -0.583939 -4.10856
v -1.13419 -0.945817 -4.11447
v -1.07949 -0.94825 -3.75678
v -1.0433 -0.887087 -3.46275
v -1.08403 -0.98774 -4.10497
v -1.03954 -1.00239 -3.76018
v -0.988687 -0.913997 -3.39458
v -1.12987 -0.962973 -4.59528
v -1.18307 -0.909092 -5.03262
v -1.3756 -0.768189 -5.91257
v -1.28505 -0.847294 -5.50238
v -1.55958 -0.508554 -5.91588
v -1.27168 -0.691442 -5.91634
v -1.20052 -0.761726 -5.48103
v -1.10922 -0.845492 -5.02905
v -1.05899 -0.893168 -4.60094
v -1.00278 -0.930371 -4.12779
v -0.954109 -0.933294 -3.7401
v -1.23472 -0.500568 -3.32962
v -1.30292 -0.574532 -3.35402
v -0.903029 -0.845115 -3.37765
v -1.4365 -0.453173 -5.92931
v -1.33428 -0.577403 -3.42151
v -1.39426 -0.152725 -3.50906
v -1.51623 -0.180124 -5.92456
v -1.64501 -0.186258 -5.90843
v -1.29598 -0.145659 -3.33266
v -0.954109 -0.933294 -3.7401
v -0.621285 -1.02483 -3.75249
v -1.00278 -0.930371 -4.12779
v -1.05899 -0.893168 -4.60094
v -1.10922 -0.845492 -5.02905
v -1.20052 -0.761726 -5.48103
v 0.00387853 -1.1614 -3.49528
v -0.60135 0.772455 -3.85854
v -0.929119 0.662143 -3.82793
v 0.180615 0.907931 -3.52507
v 0.350007 0.819753 -3.17548
v 0.427204 0.832945 -3.4116
v 1.14857 0.0401156 -2.86341
v 1.31259 -0.156849 -3.03878
v 1.18346 0.307956 -3.10532
v 1.08682 0.326712 -2.90003
v 0.180615 0.907931 -3.52507
v 0.166235 0.83597 -3.56075
v 0.405353 0.778739 -3.44947
v 0.427204 0.832945 -3.4116
v 0.868866 0.587136 -3.22789
v 0.834078 0.556464 -3.26208
v 1.18346 0.307956 -3.10532
v 1.12725 0.297653 -3.14652
v 1.31259 -0.156849 -3.03878
v 1.24165 -0.137609 -3.08334
v 0.405353 0.778739 -3.44947
v 0.834078 0.556464 -3.26208
v 0.872123 0.590506 -3.43093
v 0.484519 0.785913 -3.5806
v 1.12725 0.297653 -3.14652
v 1.18734 0.233015 -3.3631
v 0.166235 0.83597 -3.56075
v 0.164274 0.872111 -3.69778
v 1.02187 0.57078 -4.71861
v 0.762185 0.705217 -4.77324
v 0.6865 0.75497 -4.29829
v 0.973605 0.625618 -4.24459
v 0.826794 0.642723 -5.17818
v 1.07522 0.502823 -5.13898
v 0.899077 0.597861 -5.57725
v 1.16698 0.444071 -5.55919
v 1.29936 -0.1458 -3.331
v 1.24165 -0.137609 -3.08334
v 1.44861 -0.16741 -6.0271
v 1.3664 0.0650944 -6.04412
v 1.47887 0.096994 -5.96295
v 1.54381 -0.167906 -5.93619
v 0.205974 0.85217 -4.38624
v 0.0834707 0.876678 -4.02309
v 0.170026 0.93463 -3.92426
v 0.278496 0.911732 -4.37726
v 0.0836207 0.923026 -3.81829
v 0.0403858 0.882962 -3.92199
v 0.304913 0.796778 -4.86734
v 0.377211 0.884395 -4.8559
v 0.448715 0.83949 -5.25137
v 0.372048 0.728503 -5.26528
v 0.527835 0.804975 -5.62677
v 0.445872 0.674898 -5.62371
v 0.62692 0.760854 -5.91091
v 0.742371 0.716251 -5.97823
v 0.673326 0.588092 -6.02835
v 0.533773 0.643951 -5.93175
v 0.0926549 0.895778 -3.78952
v 1.4556 0.0859227 -5.93668
v 1.52297 -0.172786 -5.91452
v 0.742218 0.691297 -5.94799
v 0.640179 0.730276 -5.87685
v 0.466748 0.806913 -5.21486
v 0.544515 0.771584 -5.59307
v 0.392369 0.853685 -4.818
v 0.297711 0.881598 -4.33908
v 0.188086 0.906929 -3.90043
v 0.182954 -1.11796 -3.39751
v 0.352171 -1.03682 -3.0436
v 0.513508 -1.01013 -3.24242
v 0.810212 -0.882554 -3.1235
v 0.593125 -0.917153 -2.93859
v 1.15122 -0.126736 -2.84309
v 1.11331 -0.278052 -2.83257
v 0.178205 -1.07392 -3.43827
v 0.182954 -1.11796 -3.39751
v 0.804698 -0.835072 -3.15871
v 0.810212 -0.882554 -3.1235
v 0.513508 -1.01013 -3.24242
v 0.504063 -0.952747 -3.27628
v 1.14554 -0.569381 -3.08368
v 1.16517 -0.588277 -3.04548
v 0.913784 -0.86316 -3.40149
v 0.804698 -0.835072 -3.15871
v 0.504063 -0.952747 -3.27628
v 0.557952 -0.977344 -3.47355
v 1.23383 -0.513367 -3.33972
v 1.14554 -0.569381 -3.08368
v 0.178205 -1.07392 -3.43827
v 0.170533 -1.10059 -3.58498
v 0.982333 -0.890751 -5.88469
v 0.896137 -0.963945 -5.46906
v 0.723415 -1.07065 -5.84263
v 0.656047 -0.965581 -5.93458
v 0.937542 -0.784969 -5.97965
v 0.989995 -0.896843 -5.91698
v 0.723122 -1.09548 -5.87295
v 1.46915 -0.457242 -5.95987
v 1.35067 -0.417105 -6.0381
v 0.184615 -1.10232 -4.24289
v 0.276173 -1.18053 -4.22491
v 0.17366 -1.16785 -3.79863
v 0.0861844 -1.11632 -3.9004
v 0.0883627 -1.15019 -3.69889
v 0.0440769 -1.11701 -3.80401
v 0.282847 -1.09188 -4.70601
v 0.366413 -1.19724 -4.68381
v 0.357545 -1.08292 -5.09965
v 0.432106 -1.19406 -5.07528
v 0.441677 -1.0799 -5.47652
v 0.507871 -1.18856 -5.46882
v 0.606545 -1.14727 -5.7859
v 0.530795 -1.04986 -5.81119
v 0.0976759 -1.12424 -3.67414
v 1.44322 -0.447081 -5.93058
v 0.620314 -1.11579 -5.75339
v 0.525003 -1.15335 -5.43831
v 0.450668 -1.15905 -5.04316
v 0.382217 -1.1643 -4.65098
v 0.295914 -1.14996 -4.19159
v 0.192057 -1.14152 -3.7786
v 0.831389 -0.999003 -5.04558
v 0.772889 -1.03013 -4.63601
v 0.706528 -1.0457 -4.17503
v 0.868866 0.587136 -3.22789
v 0.805244 0.603462 -3.00353
v 1.16517 -0.588277 -3.04548
v 1.00389 -0.545031 -2.83119
v 0.831511 -0.799824 -2.85213
v 1.28157 0.345971 -5.95624
v 1.00518 0.522761 -5.95359
v 1.27371 -0.686474 -5.95766
v 1.27766 -0.686364 -5.92644
v 1.20871 -0.594541 -6.03192
v 1.2893 0.342758 -5.98558
v 1.01502 0.530247 -5.98326
v 1.18009 0.262758 -6.05719
v 0.96506 0.408548 -6.04223
v 1.32776 0.224386 -3.77039
v 1.06097 0.538548 -3.83652
v 1.03791 0.522742 -3.59261
v 1.28555 0.225153 -3.54625
v 1.30198 0.337375 -5.53373
v 1.48682 0.142426 -5.48347
v 1.50416 0.111103 -5.75805
v 1.3697 0.273666 -5.77711
v 1.2073 0.413953 -5.11916
v 1.45248 0.164136 -5.07338
v 1.3889 0.334154 -5.82176
v 1.54706 0.116315 -5.80534
v 1.30138 0.401633 -5.55392
v 1.19872 0.484467 -5.12917
v 1.14418 0.487174 -4.68992
v 1.41714 0.188024 -4.64831
v 1.13551 0.562033 -4.70353
v 1.36982 0.206836 -4.15742
v 1.09703 0.524675 -4.21
v 1.08315 0.605249 -4.20645
v 1.04102 0.619752 -3.82756
v 1.44595 -0.157642 -3.73583
v 1.48319 -0.166125 -4.11301
v 1.02102 0.580206 -3.52633
v 1.30257 0.239633 -3.46493
v 1.03373 0.656185 -4.20982
v 1.00146 0.678077 -3.8313
v 0.972877 0.615203 -3.45249
v 1.06837 0.607013 -4.70881
v 1.12304 0.531209 -5.14066
v 1.34349 0.391823 -5.95436
v 1.23468 0.459642 -5.58006
v 1.55249 0.116803 -5.92327
v 1.28157 0.345971 -5.95624
v 1.16698 0.444071 -5.55919
v 1.07522 0.502823 -5.13898
v 1.02187 0.57078 -4.71861
v 0.973605 0.625618 -4.24459
v 0.915525 0.652989 -3.8318
v 0.872123 0.590506 -3.43093
v 1.18734 0.233015 -3.3631
v 1.27423 0.24749 -3.38958
v 1.4556 0.0859227 -5.93668
v 1.58121 -0.17734 -5.44256
v 1.5926 -0.177581 -5.73664
v 1.64672 -0.177715 -5.78402
v 1.53035 -0.173035 -4.61499
v 1.55173 -0.17601 -5.0366
v 1.38997 -0.151299 -3.3481
v 1.41158 -0.152134 -3.42286
v 1.07001 -0.84623 -3.55377
v 1.10178 -0.870492 -3.78448
v 1.35939 -0.593133 -3.73456
v 1.32056 -0.578975 -3.51377
v 1.52304 -0.496567 -5.74526
v 1.51297 -0.536833 -5.46333
v 1.34282 -0.713846 -5.48524
v 1.4012 -0.641925 -5.74744
v 1.48261 -0.561106 -5.04048
v 1.25278 -0.789914 -5.04597
v 1.42517 -0.704879 -5.79079
v 1.56383 -0.502408 -5.79481
v 1.348 -0.781917 -5.50019
v 1.24979 -0.863567 -5.04821
v 1.44721 -0.580747 -4.60788
v 1.19057 -0.848489 -4.60834
v 1.1865 -0.924908 -4.61478
v 1.40243 -0.587853 -4.11894
v 1.14212 -0.868525 -4.14133
v 1.13055 -0.948175 -4.13337
v 1.08253 -0.940737 -3.76768
v 1.05297 -0.900704 -3.4878
v 1.04178 -0.993978 -3.77096
v 1.08108 -0.995604 -4.135
v 1.00079 -0.930369 -3.41963
v 1.11981 -0.967898 -4.61456
v 1.17563 -0.91221 -5.05099
v 1.28555 -0.844861 -5.51814
v 1.38173 -0.762694 -5.92445
v 1.56643 -0.50169 -5.91755
v 1.20101 -0.759727 -5.49471
v 1.27766 -0.686364 -5.92644
v 1.10217 -0.848517 -5.04562
v 1.0492 -0.897761 -4.61828
v 0.998787 -0.938528 -4.15635
v 0.957517 -0.923221 -3.74874
v 1.23383 -0.513367 -3.33972
v 0.913784 -0.86316 -3.40149
v 1.30826 -0.576106 -3.35957
v 1.44322 -0.447081 -5.93058
v 1.34011 -0.580996 -3.43291
v 1.39684 -0.15349 -3.50737
v 1.52297 -0.172786 -5.91452
v 1.6518 -0.177787 -5.8961
v 1.29936 -0.1458 -3.331
v 0.62413 -1.02484 -3.76334
v 0.957517 -0.923221 -3.74874
v 0.998787 -0.938528 -4.15635
v 1.0492 -0.897761 -4.61828
v 1.10217 -0.848517 -5.04562
v 1.20101 -0.759727 -5.49471
v 0.596162 0.771871 -3.86159
v 0.925615 0.661127 -3.83151
v -1.07352 0.256681 -5.54538
v -1.10687 0.262013 -5.90655
v -1.29784 0.031683 -5.86107
v -1.29992 0.0653427 -5.52436
v -1.21198 -0.521934 -5.02538
v -1.18225 -0.487898 -5.45555
v -0.948515 -0.613895 -5.46536
v -0.923609 -0.683914 -5.039
v -1.2826 -0.27625 -6.0928
v -1.38486 -0.322951 -6.30135
v -1.32035 -0.597339 -6.23129
v -1.22475 -0.504884 -6.04858
v -0.580593 -0.565966 -6.41444
v -0.601178 -0.492047 -6.18602
v -0.79537 -0.596756 -6.10203
v -0.80091 -0.747495 -6.30422
v -1.41075 -0.155119 -6.95648
v -1.30573 -0.123991 -6.62967
v -1.14755 0.0126593 -6.69431
v -1.21757 0.00038901 -7.03651
v -1.22323 -0.908327 -8.19095
v -1.18849 -0.891061 -7.7669
v -1.44846 -0.805867 -7.74442
v -1.43141 -0.815755 -8.17713
v -0.777978 -0.658473 -7.92711
v -0.937483 -0.850546 -7.83757
v -0.993426 -0.865065 -8.23625
v -0.844775 -0.680796 -8.29683
v -1.53443 -0.602071 -8.20722
v -1.49489 -0.61448 -8.78835
v -1.4011 -0.777195 -8.76858
v -1.25078 -0.866868 -8.77957
v -1.07735 -0.841934 -8.80111
v -0.963452 -0.695904 -8.82883
v -0.745691 0.279286 -5.60026
v -0.786161 0.245043 -5.94964
v -1.14518 0.198069 -6.44344
v -0.848248 0.157426 -6.51505
v -0.876961 -0.00817288 -6.77225
v -1.16627 -0.952213 -7.27786
v -1.47756 -0.809675 -7.25015
v -1.56042 -0.551085 -7.77505
v -1.2494 -0.536858 -5.78033
v -1.35784 -0.260398 -5.80886
v -1.34956 -0.272751 -5.94503
v -1.26145 -0.543668 -5.90552
v -0.833645 -0.445467 -8.33693
v -0.92788 -0.493726 -8.85716
v -1.12076 -0.259608 -8.84484
v -1.05885 -0.198951 -8.32486
v -0.388832 -0.654521 -4.0731
v -0.789338 -0.704346 -4.04097
v -0.876283 -0.710697 -4.56044
v -0.500607 -0.689234 -4.626
v -0.616556 -0.635471 -5.08676
v -0.700272 -0.612575 -5.50063
v -1.43885 -0.228715 -5.0464
v -1.3721 -0.247316 -5.48844
v -1.23799 -0.036129 -6.14406
v -1.32361 -0.0417753 -6.3726
v -0.92788 -0.493726 -8.85716
v -0.833645 -0.445467 -8.33693
v -0.784149 -0.398054 -7.97245
v -1.44035 -0.196493 -4.53864
v -1.22356 -0.543613 -4.53659
v -1.36214 0.216409 -4.57088
v -1.35857 0.154859 -5.08188
v -1.1725 -0.549019 -4.01114
v -1.37709 -0.164081 -4.00938
v -1.31779 0.234678 -4.03251
v -1.08038 0.478633 -4.62451
v -1.07183 0.523299 -4.08516
v -0.60461 0.595556 -4.15267
v -0.644544 0.509458 -4.68624
v -0.409006 -0.489652 -5.56038
v -0.331108 -0.463906 -5.16278
v -0.248468 -0.422845 -4.71553
v -0.102095 -0.368919 -4.14666
v -0.820624 0.189608 -6.25476
v -0.802487 0.229248 -6.0968
v -0.525636 0.118362 -6.09334
v -0.576459 0.084743 -6.25501
v -0.7555 -0.646493 -5.96542
v -0.519626 -0.532975 -6.05029
v -0.490922 -0.530086 -5.90979
v -0.736841 -0.635918 -5.83718
v -1.10797 0.194335 -6.19863
v -1.27534 -0.0115129 -7.46489
v -1.50249 -0.193518 -7.3791
v -1.33173 -0.175538 -8.29443
v -1.49523 -0.345656 -8.25392
v -1.49031 -0.280989 -7.83746
v -1.30024 -0.103187 -7.91106
v -0.853173 -0.714835 -6.57512
v -0.670497 -0.551228 -6.64679
v -0.594216 0.0103691 -6.52699
v -0.687102 -0.269582 -6.75226
v -1.12152 0.26147 -6.05449
v -1.49071 -0.425456 -6.87915
v -1.59096 -0.491281 -7.30106
v -1.39522 -0.705931 -6.82178
v -1.13171 -0.831006 -6.84788
v -1.37844 -0.359972 -6.55475
v -1.30241 -0.599426 -6.50323
v -0.925134 -0.0634423 -7.11478
v -0.667433 -0.292868 -7.11051
v -0.662704 -0.324039 -7.57081
v -0.961302 -0.101263 -7.53556
v -1.47575 -0.406117 -8.81629
v -1.36166 -0.250918 -8.8272
v -1.01389 -0.164831 -7.95284
v -0.784149 -0.398054 -7.97245
v -0.687102 -0.269582 -6.75226
v -0.504073 -0.248962 -6.53602
v -1.079 -0.770525 -6.23128
v -1.09332 -0.738022 -6.52241
v -0.850087 -0.90297 -7.36357
v -0.847758 -0.800191 -6.91042
v -0.662704 -0.324039 -7.57081
v -0.625677 -0.658058 -7.49045
v -0.66068 -0.596288 -7.0117
v -0.667433 -0.292868 -7.11051
v -1.29351 0.0125482 -6.00043
v -1.08376 0.381859 -5.12113
v -0.694667 0.394483 -5.16687
v -0.519484 -0.231999 -6.25711
v -0.209327 -0.183604 -5.21547
v -0.312776 -0.260703 -5.57844
v -0.0414839 0.0339621 -4.18576
v -0.0871428 -0.0775196 -4.799
v -0.417147 -0.218772 -6.08939
v -0.312776 -0.260703 -5.57844
v -0.431542 0.189379 -5.59756
v -0.430253 0.190957 -5.18491
v -0.209327 -0.183604 -5.21547
v -0.34645 0.278357 -4.72563
v -0.992263 -0.639569 -5.79481
v -1.01239 -0.658153 -5.91243
v -1.01759 -0.61381 -6.04732
v -0.382321 -0.203109 -5.90791
v -0.967172 0.425786 -3.06827
v -1.00657 0.385341 -3.40574
v -1.22389 0.142242 -3.3238
v -1.15527 0.198757 -2.96759
v -0.322239 -0.598094 -3.46151
v -0.314029 -0.581073 -3.74321
v -0.0649001 -0.234359 -3.72014
v -0.0728741 -0.267923 -3.44533
v -0.147028 0.4013 -3.61408
v -0.0594845 0.120443 -3.57266
v -0.0581771 0.146476 -3.77816
v -0.17181 0.436073 -3.77104
v -1.04938 0.505442 -3.68911
v -1.2526 0.220468 -3.65582
v -1.27516 -0.14858 -3.63909
v -1.20403 -0.152269 -3.27826
v -1.02225 -0.506811 -3.63812
v -0.676477 -0.626605 -3.70268
v -0.96029 -0.510426 -2.6667
v -1.10864 -0.100895 -2.60682
v -1.13121 -0.104345 -2.90326
v -1.0018 -0.484601 -2.91102
v -0.23528 0.499732 -3.55409
v -0.000638005 0.586059 -3.60529
v 0.000231564 0.405842 -3.62047
v 0.00766376 -0.805578 -3.16613
v 0.00164543 -0.167359 -3.40399
v -0.358734 -0.865455 -3.22562
v -0.614065 -0.701746 -3.51242
v -0.69893 -0.850897 -3.22392
v -1.0697 0.202511 -2.67866
v -0.00832946 0.119035 -3.57857
v -0.588496 0.60576 -3.77115
v -0.0581771 0.146476 -3.77816
v -0.0594845 0.120443 -3.57266
v -0.00832946 0.119035 -3.57857
v -0.0414839 0.0339621 -4.18576
v -0.242347 0.379576 -4.1888
v -0.611385 0.590233 -3.48487
v -0.00692438 0.730174 -3.24128
v -0.253835 0.657754 -3.19408
v -0.30571 0.73179 -2.89629
v 0.00221818 0.795195 -2.92794
v -0.225524 0.593037 -3.42817
v -0.00717865 0.68901 -3.48215
v -0.662776 0.551728 -3.1982
v -0.887594 0.426795 -2.69838
v -0.88017 -0.652863 -3.4802
v -1.06937 -0.471062 -3.27521
v 0.00707773 -0.979885 -2.94474
v 0.00711398 -0.985683 -2.70627
v -0.415883 -0.950361 -2.68523
v -0.396564 -0.943662 -2.94252
v -0.738463 -0.849116 -2.68468
v -0.723792 -0.807622 -2.93504
v -0.507182 0.576873 -3.05943
v -0.522936 0.640487 -2.85525
v -0.686068 0.56731 -2.82209
v -0.502154 0.134549 -5.93213
v -0.0871428 -0.0775196 -4.799
v -0.382321 -0.203109 -5.90791
v -0.417147 -0.218772 -6.08939
v -0.519484 -0.231999 -6.25711
v -0.504073 -0.248962 -6.53602
v 1.0729 0.26046 -5.53708
v 1.29978 0.0704744 -5.51041
v 1.30328 0.0377636 -5.84921
v 1.11303 0.266234 -5.89854
v 1.20585 -0.524925 -5.0332
v 0.917666 -0.686473 -5.05078
v 0.948966 -0.612545 -5.4746
v 1.18264 -0.486005 -5.46119
v 1.28991 -0.271295 -6.09063
v 1.2313 -0.500118 -6.0535
v 1.32732 -0.592615 -6.23812
v 1.39296 -0.317843 -6.30049
v 0.581502 -0.562257 -6.41151
v 0.802303 -0.742399 -6.30346
v 0.797804 -0.592262 -6.10305
v 0.602313 -0.488313 -6.18464
v 1.41694 -0.153231 -6.95663
v 1.22425 0.00154116 -7.03695
v 1.15742 0.0150272 -6.69258
v 1.31443 -0.120422 -6.62693
v 1.21986 -0.911293 -8.19466
v 1.42813 -0.818091 -8.18152
v 1.44358 -0.808244 -7.75029
v 1.18302 -0.893684 -7.76979
v 0.773317 -0.662302 -7.92424
v 0.840685 -0.68481 -8.29613
v 0.989724 -0.868647 -8.23686
v 0.932025 -0.853622 -7.8357
v 1.53142 -0.603838 -8.20915
v 1.39825 -0.778053 -8.77234
v 1.49311 -0.615849 -8.79043
v 1.24658 -0.867489 -8.78359
v 0.95863 -0.69705 -8.83092
v 1.07229 -0.842634 -8.80378
v 0.793067 0.245741 -5.95364
v 0.747096 0.279611 -5.6042
v 0.886375 -0.00681297 -6.77382
v 0.859993 0.158609 -6.51762
v 1.15699 0.201081 -6.43892
v 1.47599 -0.811137 -7.25829
v 1.16296 -0.952986 -7.2807
v 1.55624 -0.552749 -7.77855
v 1.25435 -0.532256 -5.78638
v 1.26756 -0.538636 -5.9116
v 1.35618 -0.267007 -5.94118
v 1.36309 -0.254523 -5.80389
v 0.829634 -0.450091 -8.33821
v 1.05521 -0.203645 -8.32732
v 1.11906 -0.262806 -8.84577
v 0.924271 -0.49564 -8.86062
v 0.382648 -0.667034 -4.09404
v 0.491075 -0.69143 -4.63247
v 0.86734 -0.714301 -4.5728
v 0.788808 -0.696281 -4.04491
v 0.610915 -0.637421 -5.09357
v 0.699449 -0.611512 -5.50713
v 1.43311 -0.230441 -5.04093
v 1.3732 -0.243784 -5.4824
v 1.33305 -0.0371545 -6.36594
v 1.24621 -0.0314407 -6.13704
v 0.924271 -0.49564 -8.86062
v 0.829634 -0.450091 -8.33821
v 0.780726 -0.402129 -7.97261
v 1.43355 -0.202337 -4.53719
v 1.21586 -0.548784 -4.54683
v 1.35504 0.21247 -4.56202
v 1.35233 0.155772 -5.06733
v 1.17154 -0.550452 -4.02113
v 1.37543 -0.167548 -4.00992
v 1.31467 0.231336 -4.02929
v 1.07222 0.476329 -4.61913
v 1.06723 0.521283 -4.085
v 0.587795 0.594488 -4.15651
v 0.636755 0.507657 -4.68826
v 0.325655 -0.465145 -5.16444
v 0.406873 -0.489031 -5.56085
v 0.0969607 -0.369031 -4.14736
v 0.240119 -0.423927 -4.71726
v 0.831155 0.190643 -6.25795
v 0.585294 0.0844603 -6.26191
v 0.533189 0.117668 -6.10133
v 0.811554 0.230078 -6.1005
v 0.757508 -0.642184 -5.96754
v 0.738623 -0.632301 -5.84039
v 0.490514 -0.527209 -5.90882
v 0.519628 -0.529453 -6.04877
v 1.11795 0.197789 -6.19306
v 1.5025 -0.193689 -7.38119
v 1.27505 -0.0117276 -7.46678
v 1.3283 -0.17849 -8.29418
v 1.29596 -0.104687 -7.91237
v 1.48621 -0.281962 -7.8383
v 1.49216 -0.347521 -8.25325
v 0.672573 -0.548462 -6.64362
v 0.855056 -0.710809 -6.57282
v 0.692591 -0.268222 -6.75234
v 0.603529 0.0105767 -6.53171
v 1.13031 0.265461 -6.04696
v 1.49595 -0.423313 -6.88277
v 1.59065 -0.492129 -7.30639
v 1.39904 -0.704403 -6.82899
v 1.13335 -0.829137 -6.85055
v 1.38596 -0.355749 -6.55584
v 1.30846 -0.595778 -6.509
v 0.93042 -0.0625203 -7.11629
v 0.670635 -0.291066 -7.10964
v 0.960389 -0.102 -7.53853
v 0.661172 -0.324583 -7.57058
v 1.47453 -0.408263 -8.81616
v 1.36046 -0.253743 -8.826
v 0.780726 -0.402129 -7.97261
v 1.01002 -0.167927 -7.95604
v 0.692591 -0.268222 -6.75234
v 0.50893 -0.248179 -6.53735
v 1.09692 -0.734403 -6.52593
v 1.08326 -0.765887 -6.23767
v 0.846048 -0.902483 -7.35755
v 0.848314 -0.797149 -6.90572
v 0.622623 -0.657878 -7.48433
v 0.661172 -0.324583 -7.57058
v 0.661812 -0.593575 -7.00702
v 0.670635 -0.291066 -7.10964
v 1.30076 0.018235 -5.99009
v 1.07719 0.383244 -5.11206
v 0.690514 0.393895 -5.16982
v 0.523454 -0.230768 -6.25913
v 0.205402 -0.184362 -5.2167
v 0.31144 -0.260895 -5.57876
v 0.036586 0.0338809 -4.18604
v 0.0811278 -0.0778742 -4.79981
v 0.419903 -0.217919 -6.09154
v 0.31144 -0.260895 -5.57876
v 0.205402 -0.184362 -5.2167
v 0.427703 0.189635 -5.19082
v 0.433375 0.188031 -5.60524
v 0.340437 0.277065 -4.72941
v 0.996324 -0.635622 -5.80272
v 1.01703 -0.653697 -5.91981
v 1.0224 -0.609313 -6.05283
v 0.384015 -0.202725 -5.90995
v 0.970942 0.427905 -3.06749
v 1.15877 0.200145 -2.96461
v 1.22594 0.143205 -3.3214
v 1.01116 0.384779 -3.40749
v 0.326786 -0.621517 -3.48886
v 0.0766264 -0.268726 -3.4465
v 0.0663892 -0.234357 -3.72043
v 0.315502 -0.581174 -3.74624
v 0.131926 0.40236 -3.6137
v 0.170125 0.436204 -3.77106
v 0.0579048 0.146537 -3.77824
v 0.0426396 0.120704 -3.57287
v 1.2528 0.219262 -3.65405
v 1.03421 0.498403 -3.70636
v 1.28576 -0.134109 -3.63972
v 1.20794 -0.152231 -3.27732
v 1.02581 -0.506363 -3.64623
v 0.676668 -0.641285 -3.72728
v 0.966522 -0.520689 -2.67853
v 1.00536 -0.507577 -2.91736
v 1.13676 -0.10557 -2.90204
v 1.1169 -0.104073 -2.60447
v 0.220187 0.501801 -3.55321
v 0.371428 -0.87102 -3.24009
v 0.620042 -0.701469 -3.52036
v 0.709688 -0.855991 -3.24071
v 1.07584 0.20171 -2.6749
v 0.584754 0.605595 -3.77386
v 0.0579048 0.146537 -3.77824
v 0.0426396 0.120704 -3.57287
v 0.036586 0.0338809 -4.18604
v 0.236324 0.378897 -4.19032
v 0.611336 0.591007 -3.48701
v 0.311718 0.732266 -2.89642
v 0.238728 0.662782 -3.19045
v 0.210137 0.595869 -3.42662
v 0.648415 0.559332 -3.20281
v 0.893271 0.427012 -2.69412
v 0.886029 -0.652373 -3.49009
v 1.0691 -0.487599 -3.28606
v 0.412003 -0.952962 -2.9576
v 0.428976 -0.948575 -2.68658
v 0.733798 -0.815839 -2.95103
v 0.749492 -0.850703 -2.68783
v 0.530236 0.640961 -2.85365
v 0.492314 0.586962 -3.05454
v 0.692975 0.567948 -2.81934
v 0.507898 0.133668 -5.94036
v 0.0811278 -0.0778742 -4.79981
v 0.384015 -0.202725 -5.90995
v 0.419903 -0.217919 -6.09154
v 0.523454 -0.230768 -6.25913
v 0.50893 -0.248179 -6.53735
v -0.448755 0.357011 -5.2358
v -0.40838 0.417391 -4.92105
v -0.325411 0.264175 -4.89737
v -0.31437 0.185521 -5.19378
v -0.506905 0.0664417 -6.28786
v -0.584038 0.156391 -6.31402
v -0.532141 0.21997 -5.96224
v -0.436686 0.0696043 -5.93382
v -0.364062 0.107803 -5.56192
v -0.4855 0.287513 -5.61176
v -0.748177 0.477811 -5.25985
v -0.766262 0.41241 -5.64275
v -0.46408 0.0374959 -5.92162
v -0.53891 0.0366492 -6.2718
v -0.395478 0.0763661 -5.54234
v -0.34135 0.138869 -5.17312
v -0.435045 0.378893 -4.89355
v -0.350126 0.226082 -4.86986
v -0.620984 0.127883 -6.30722
v -0.803518 0.274016 -6.33257
v -0.812545 0.222815 -6.32684
v -0.786534 0.337201 -5.98079
v -0.735545 0.541556 -4.93964
v -0.742422 0.49356 -4.914
v -1.06419 0.459579 -5.26564
v -1.23407 0.343051 -5.24543
v -1.19201 0.392481 -4.9419
v -1.07607 0.512566 -4.94981
v -1.06197 0.331863 -5.99223
v -1.0474 0.260477 -6.33844
v -1.14929 0.211963 -6.32391
v -1.19865 0.233689 -5.98172
v -1.06757 0.40005 -5.643
v -1.23231 0.279272 -5.61521
v -1.12832 0.169695 -6.30695
v -1.18276 0.19217 -5.96944
v -1.21215 0.23704 -5.59571
v -1.22271 0.289418 -5.22677
v -1.18011 0.348075 -4.91547
v -1.06213 0.467443 -4.92269
v -1.0222 0.217785 -6.32966
v 0.446872 0.355718 -5.2424
v 0.312205 0.184373 -5.19902
v 0.320712 0.263091 -4.90177
v 0.403345 0.416097 -4.92577
v 0.515559 0.0659658 -6.29489
v 0.441713 0.068804 -5.94132
v 0.539053 0.218996 -5.97109
v 0.594361 0.15602 -6.32133
v 0.365067 0.106652 -5.56824
v 0.487846 0.28617 -5.61999
v 0.744834 0.477837 -5.2615
v 0.768497 0.412952 -5.6462
v 0.547117 0.0363781 -6.27838
v 0.468731 0.0368893 -5.92869
v 0.396103 0.075305 -5.5484
v 0.338802 0.137722 -5.17812
v 0.345134 0.224917 -4.87424
v 0.429728 0.377546 -4.89818
v 0.631122 0.127924 -6.31395
v 0.815736 0.274819 -6.33646
v 0.824143 0.223752 -6.33036
v 0.794495 0.337817 -5.98495
v 0.72855 0.540535 -4.94026
v 0.735313 0.492451 -4.91461
v 1.05897 0.462064 -5.25638
v 1.06807 0.512595 -4.94131
v 1.18414 0.392454 -4.93076
v 1.22847 0.346258 -5.23076
v 1.07004 0.335369 -5.98633
v 1.20614 0.238715 -5.97089
v 1.16056 0.215402 -6.31807
v 1.05938 0.263069 -6.33555
v 1.06869 0.403995 -5.63468
v 1.23282 0.284912 -5.60038
v 1.18994 0.197049 -5.95939
v 1.13908 0.173054 -6.3017
v 1.21242 0.242375 -5.58195
v 1.21707 0.292256 -5.21304
v 1.05411 0.467179 -4.91495
v 1.17223 0.347665 -4.90521
v 1.0337 0.220249 -6.32748
v -1.47141 0.143658 -4.09443
v -1.48469 0.18881 -3.83175
v -1.37854 0.35719 -3.87514
v -1.36655 0.292869 -4.014
v -1.54295 -0.00550108 -4.10329
v -1.55359 -0.182548 -4.04795
v -1.51783 -0.188848 -3.80725
v -1.52449 0.026875 -3.81953
v -1.13496 -0.852636 -3.56042
v -1.33724 -0.829266 -3.7547
v -1.22787 -0.849075 -3.75094
v -1.00287 -0.858496 -3.56774
v -0.622277 -0.813243 -2.79278
v -0.580558 -0.894578 -2.93363
v -0.500017 -0.854839 -2.95573
v -0.53162 -0.864693 -2.81362
v -1.02838 -0.1993 -2.69799
v -1.19781 -0.236102 -2.80036
v -1.05627 -0.526607 -2.79726
v -0.966037 -0.456693 -2.71971
v -1.18125 0.107523 -2.82445
v -1.03091 0.0967488 -2.72314
v -0.904593 0.59548 -2.97163
v -1.02316 0.633758 -3.20533
v -1.31386 0.387766 -3.11708
v -1.06364 0.390175 -2.87092
v -1.39094 0.0887461 -3.02982
v -1.32405 -0.229029 -3.03773
v -1.21699 -0.50311 -3.03031
v -1.5219 -0.451085 -3.76621
v -1.59344 -0.562307 -3.5256
v -1.5508 -0.235754 -3.53905
v -1.47646 0.0685026 -3.31149
v -1.41776 0.368414 -3.31925
v -1.4923 0.25574 -3.59486
v -1.51607 0.0466938 -3.53342
v -1.03477 0.634485 -3.72736
v -1.12106 0.59353 -3.71199
v -0.920402 0.683924 -3.4724
v -0.810209 0.738597 -3.51595
v -1.32485 0.456262 -3.66755
v -1.17355 0.566012 -3.39774
v -1.35229 0.296639 -4.07255
v -1.44987 0.121865 -4.17629
v -1.51257 -0.0148345 -4.20647
v -1.49622 -0.169693 -4.15891
v -1.4786 -0.690141 -3.89306
v -1.54913 -0.419536 -3.98907
v -1.48772 -0.414632 -4.07717
v -1.44709 -0.714305 -3.95018
v -0.947142 0.343698 -2.79222
v -0.789406 0.458321 -2.85345
v -0.666621 0.781146 -3.29338
v -0.7794 0.767126 -3.26142
v -0.708748 0.696498 -3.05359
v -0.599165 0.734195 -3.08533
v -0.757975 -0.882074 -3.17814
v -0.606524 -0.855469 -3.15567
v -0.51915 0.638248 -2.91008
v -0.621671 0.543041 -2.90022
v -1.46651 -0.235398 -3.27537
v -1.39302 -0.507672 -3.2651
v -0.812805 -0.859098 -3.35835
v -0.926903 -0.858863 -3.33701
v -1.23146 0.500473 -3.89249
v -1.29033 0.476545 -3.8459
v -1.49104 -0.7247 -3.76095
v -1.37699 -0.796724 -3.53054
v -0.764691 -0.69214 -2.76621
v -0.900965 -0.762532 -2.83035
v -1.06737 -0.780277 -3.07925
v -1.18578 -0.760233 -3.29301
v 1.41531 0.0895019 -3.50128
v 1.48004 -0.236694 -3.5363
v 1.43195 -0.226757 -3.6205
v 1.37023 0.0641152 -3.55941
v 1.49279 -0.246028 -3.23342
v 1.39351 -0.569909 -3.2648
v 1.41702 -0.512293 -3.53306
v 1.1674 -0.22919 -2.6811
v 1.2254 0.121339 -2.73272
v 1.12386 0.132246 -2.51295
v 1.09669 -0.211439 -2.47648
v 1.00271 -0.510688 -2.45317
v 1.1035 -0.55914 -2.62208
v 1.44506 0.143385 -2.97651
v 1.43895 -0.250248 -2.89139
v 1.32899 -0.620865 -2.89787
v 1.00073 0.378891 -2.50055
v 1.10389 0.438579 -2.69567
v 1.27784 0.45741 -2.95518
v 1.02844 0.679728 -2.95181
v 0.938857 0.719267 -2.66737
v 0.807204 0.648654 -2.68214
v 0.783642 0.554723 -2.49954
v 0.849699 0.503141 -2.49762
v 0.927659 0.702443 -2.94078
v 1.30672 0.406141 -3.2041
v 1.14373 0.573637 -3.19119
v 1.45002 0.110178 -3.22905
v 0.983206 -0.822749 -2.58315
v 0.874349 -0.723005 -2.43018
v 1.10326 -0.837464 -2.90562
v 1.23272 -0.812608 -3.20027
v 1.25016 -0.745286 -3.40063
v 1.38724 -0.482394 -3.5968
v 1.29173 0.382343 -3.38394
v 1.24517 0.35558 -3.43138
v 1.06514 0.569696 -3.18638
v 0.682724 -0.86918 -2.42881
v 0.571505 -0.915668 -2.4313
v 0.620982 -0.991043 -2.60105
v 0.779068 -1.02015 -2.60697
v 0.724141 -0.997068 -2.90415
v 0.863403 -0.988758 -2.95082
v 0.911571 -0.924335 -3.20153
v 1.00557 -0.902547 -3.20521
v 1.20359 -0.722061 -3.45224
v -1.01052 -0.525504 -2.52848
v -1.21031 -0.365425 -2.57926
v -1.25441 -0.466343 -2.53215
v -1.06354 -0.616564 -2.48274
v -0.560794 -1.26999 -2.84071
v -0.50415 -1.1672 -2.66384
v -0.740706 -1.03446 -2.66121
v -0.790702 -1.14979 -2.8613
v -0.57094 -1.41007 -3.26287
v -0.820905 -1.29259 -3.26433
v -0.778003 -1.2367 -3.38096
v -0.497267 -1.32125 -3.34508
v -1.45734 -0.845304 -3.36405
v -1.28794 -0.995525 -3.32583
v -1.25455 -0.936433 -3.14682
v -1.42682 -0.760442 -3.16787
v -1.18192 -0.360128 -2.66595
v -1.19103 -0.371165 -2.69743
v -1.21363 -0.425775 -2.66685
v -1.20485 -0.414408 -2.63356
v -0.489865 -1.15702 -2.68628
v -0.440909 -1.05315 -2.50397
v -0.434523 -1.03511 -2.43198
v -0.561151 -1.23288 -2.87344
v -0.586248 -1.33828 -3.00662
v -0.81616 -1.21356 -3.02849
v -0.786812 -1.15373 -2.94451
v -1.23763 -0.372701 -2.89766
v -1.01561 -0.51112 -2.84655
v -1.07512 -0.632574 -3.07089
v -1.2884 -0.469037 -3.11856
v -0.412334 -1.17266 -3.21449
v -0.663113 -1.03049 -3.21549
v -0.602725 -0.897435 -3.00436
v -0.368876 -1.07302 -3.00965
v -1.2884 -0.469037 -3.11856
v -1.34359 -0.559429 -3.32284
v -1.41885 -0.64325 -3.26931
v -1.36067 -0.546132 -3.052
v -0.657646 -0.90341 -2.44021
v -0.573506 -0.818081 -2.48221
v -0.801307 -0.675181 -2.49729
v -0.866145 -0.76274 -2.46188
v -1.24941 -0.926531 -3.43668
v -1.01108 -1.06304 -3.37931
v -1.07596 -1.13931 -3.27469
v -0.805552 -1.24025 -3.10326
v -1.03819 -1.10114 -3.12505
v -0.522185 -0.740118 -2.56236
v -0.560212 -0.835477 -2.79268
v -0.791628 -0.690722 -2.81204
v -0.744996 -0.597076 -2.58131
v -0.947904 -0.947739 -3.37281
v -1.18403 -0.81861 -3.43383
v -1.13108 -0.723652 -3.27041
v -0.903369 -0.879765 -3.23171
v -0.744996 -0.597076 -2.58131
v -0.962425 -0.44483 -2.61258
v -0.947904 -0.947739 -3.37281
v -0.713999 -1.12889 -3.38566
v -1.38068 -0.667301 -2.98958
v -1.33519 -0.55639 -2.81216
v -1.31509 -0.457407 -2.86098
v -0.368876 -1.07302 -3.00965
v -0.32204 -0.969444 -2.78742
v -0.352535 -1.08666 -2.74045
v -0.410246 -1.18863 -2.97173
v -1.457 -0.74321 -3.47904
v -0.46033 -1.26992 -3.38517
v -0.412334 -1.17266 -3.21449
v -0.457989 -1.27966 -3.16418
v -0.331501 -0.953251 -2.48942
v -0.283869 -0.870448 -2.55839
v -0.522185 -0.740118 -2.56236
v -1.39792 -0.642052 -3.4854
v -1.18403 -0.81861 -3.43383
v -1.24484 -0.927823 -3.08245
v -1.19903 -0.853513 -2.97154
v -1.02104 -1.02168 -2.99104
v -1.05224 -1.05922 -3.05162
v -1.07687 -1.06534 -3.01954
v -1.26108 -0.946883 -3.04752
v -1.24484 -0.927823 -3.08245
v -1.07176 -1.06707 -3.04092
v -1.03101 -1.08633 -3.09362
v -1.02104 -1.02168 -2.99104
v -1.06607 -1.06166 -3.09642
v -1.076 -1.07781 -3.13259
v -1.05224 -1.05922 -3.05162
v -1.03848 -1.08791 -3.03473
v -1.07176 -1.06707 -3.04092
v -1.08618 -1.09493 -3.05945
v -1.08441 -1.08122 -3.01037
v -1.07687 -1.06534 -3.01954
v -1.03821 -1.09003 -3.0698
v -1.03101 -1.08633 -3.09362
v -1.06607 -1.06166 -3.09642
v -1.07025 -1.06968 -3.07516
v -1.08239 -1.09343 -3.10183
v -1.04919 -1.11436 -3.09694
v -1.05351 -1.11584 -3.05693
v -1.03848 -1.08791 -3.03473
v -0.586248 -1.33828 -3.00662
v -0.602429 -1.36118 -2.98429
v -0.831902 -1.23133 -2.99858
v -0.81616 -1.21356 -3.02849
v -1.07176 -1.06707 -3.04092
v -1.076 -1.07781 -3.13259
v -1.03819 -1.10114 -3.12505
v -1.06607 -1.06166 -3.09642
v -1.07025 -1.06968 -3.07516
v -1.14695 -0.751367 -2.69799
v -0.960519 -0.891333 -2.67408
v -1.04077 -0.984612 -2.88921
v -1.00539 -1.01019 -2.88135
v -1.37877 -0.714314 -2.93168
v -1.21409 -0.854672 -2.90458
v -1.32245 -0.600067 -2.73453
v -1.23763 -0.372701 -2.89766
v -0.539855 -1.25892 -2.86607
v -1.20875 -0.317401 -2.76514
v -0.962425 -0.44483 -2.61258
v -0.32204 -0.969444 -2.78742
v -1.2259 -0.467897 -2.60413
v -1.2331 -0.464169 -2.63327
v -0.299359 -0.910794 -2.65504
v -0.334759 -1.01994 -2.6055
v -1.04077 -0.984612 -2.88921
v -1.06465 -1.0401 -2.92862
v -1.03295 -1.06131 -2.92381
v -1.00539 -1.01019 -2.88135
v -1.04922 -1.10345 -3.00541
v -1.03803 -1.09535 -3.01488
v -1.34161 -0.707439 -2.95759
v -1.30061 -0.601589 -2.78388
v -1.43472 -0.812449 -3.08234
v -1.03803 -1.09535 -3.01488
v -0.51118 -1.26556 -2.91849
v -0.449549 -1.15596 -2.70784
v -0.496858 -1.14721 -2.70332
v -0.561151 -1.23288 -2.87344
v -0.46033 -1.26992 -3.38517
v -0.713999 -1.12889 -3.38566
v -0.54844 -1.34613 -3.09289
v -1.34359 -0.559429 -3.32284
v -1.19903 -0.853513 -2.97154
v -0.786812 -1.15373 -2.94451
v -0.839319 -0.760621 -3.02898
v -1.39792 -0.642052 -3.4854
v -1.16966 -0.288617 -2.65732
v -1.41904 -0.794137 -3.11999
v -1.34161 -0.707439 -2.95759
v -1.41904 -0.794137 -3.11999
v -0.299359 -0.910794 -2.65504
v -1.37653 -0.689126 -2.95865
v -1.31799 -0.589175 -2.77347
v -1.2605 -0.491695 -2.6113
v -1.28145 -0.477314 -2.64728
v -1.37653 -0.689126 -2.95865
v -1.31799 -0.589175 -2.77347
v -1.30061 -0.601589 -2.78388
v -1.26069 -0.406898 -2.70524
v -1.20875 -0.317401 -2.76514
v -1.16966 -0.288617 -2.65732
v -1.19994 -0.31448 -2.66957
v -1.22773 -0.382569 -2.61979
v -1.16966 -0.288617 -2.65732
v -1.21369 -0.332833 -2.71813
v -1.19994 -0.31448 -2.66957
v -1.24498 -0.408441 -2.6869
v -1.26235 -0.463235 -2.63354
v -1.26706 -0.475129 -2.58317
v -1.25642 -0.454937 -2.57858
v -1.2497 -0.47531 -2.59997
v -1.25642 -0.454937 -2.57858
v -1.22773 -0.382569 -2.61979
v -1.26706 -0.475129 -2.58317
v -1.26706 -0.475129 -2.58317
v -1.2605 -0.491695 -2.6113
v -0.411336 -1.07745 -2.55817
v -0.539855 -1.25892 -2.86607
v -0.496858 -1.14721 -2.70332
v -0.489865 -1.15702 -2.68628
v -0.317419 -0.928045 -2.57917
v -0.366407 -0.973899 -2.54612
v -0.361874 -0.988638 -2.56902
v -0.325286 -0.936045 -2.59681
v -0.432208 -1.03175 -2.51419
v -0.415159 -1.03987 -2.53302
v -0.283869 -0.870448 -2.55839
v -0.283869 -0.870448 -2.55839
v -0.294813 -0.923455 -2.56856
v -0.301774 -0.938423 -2.60878
v -0.344956 -0.969616 -2.52358
v -0.294813 -0.923455 -2.56856
v -0.420961 -1.03324 -2.49373
v -0.338849 -1.00628 -2.58212
v -0.408381 -1.06112 -2.54103
v -0.440909 -1.05315 -2.50397
v -0.44841 -1.05612 -2.52795
v -0.420961 -1.03324 -2.49373
v -0.344956 -0.969616 -2.52358
v -0.44841 -1.05612 -2.52795
v -0.440909 -1.05315 -2.50397
v -0.826779 -0.829204 -2.79994
v -0.588998 -0.984315 -2.88073
v -0.580143 -0.908003 -2.92175
v -0.81961 -0.793731 -2.84815
v -1.01305 -0.597944 -2.77034
v -0.983585 -0.582779 -2.61927
v -0.797172 -0.820669 -2.65141
v -1.13871 -0.290007 -2.77847
v -1.10795 -0.284591 -2.623
v -1.01063 -0.552072 -2.82373
v -1.11908 0.361334 -2.86218
v -1.08289 0.325167 -2.90337
v -0.79988 0.602105 -3.00396
v -0.845616 0.646075 -2.96689
v -1.17482 0.0468989 -2.81696
v -1.14348 0.040483 -2.86579
v -1.14348 0.040483 -2.86579
v -1.17482 0.0468989 -2.81696
v -1.18335 -0.120006 -2.79917
v -1.14528 -0.124775 -2.84433
v -1.15361 0.0494878 -2.66457
v -1.12693 -0.116768 -2.64431
v -1.10636 -0.275054 -2.83252
v -0.334413 -1.08508 -2.9952
v -0.568846 -0.985191 -2.7269
v -0.330502 -1.07678 -2.82566
v -0.339495 -1.03717 -3.04102
v 0.0064741 -1.13696 -3.12581
v 0.0061459 -1.10604 -3.18094
v 0.0070062 -1.12548 -2.9646
v -0.363912 0.86219 -3.14161
v -0.000416826 0.909702 -3.2759
v 0.00117544 0.946134 -3.02632
v -0.372727 0.905644 -2.91337
v -0.347909 0.817986 -3.17218
v -0.000498392 0.859734 -3.30429
v -1.15361 0.0494878 -2.66457
v -1.08179 0.357415 -2.72081
v -0.833529 0.698527 -2.79295
v 0.836815 -0.831803 -2.80474
v 0.831511 -0.799824 -2.85213
v 0.593125 -0.917153 -2.93859
v 0.600667 -0.984535 -2.88514
v 0.807913 -0.82313 -2.65436
v 0.993364 -0.587194 -2.62027
v 1.02163 -0.602017 -2.77292
v 1.11656 -0.288867 -2.62186
v 1.1459 -0.293642 -2.77819
v 1.00389 -0.545031 -2.83119
v 1.12289 0.362659 -2.85825
v 0.850886 0.647446 -2.96595
v 0.805244 0.603462 -3.00353
v 1.08682 0.326712 -2.90003
v 1.14857 0.0401156 -2.86341
v 1.1801 0.0460229 -2.81424
v 1.18943 -0.122525 -2.79752
v 1.1801 0.0460229 -2.81424
v 1.14857 0.0401156 -2.86341
v 1.15122 -0.126736 -2.84309
v 1.16053 0.0473483 -2.66137
v 1.13476 -0.120063 -2.64218
v 1.11331 -0.278052 -2.83257
v 0.347364 -1.08462 -2.99747
v 0.343847 -1.07567 -2.82702
v 0.580697 -0.984861 -2.72963
v 0.352171 -1.03682 -3.0436
v 0.366346 0.862707 -3.1425
v 0.377877 0.90593 -2.9144
v 0.349631 0.804819 -3.17087
v 1.16053 0.0473483 -2.66137
v 1.08661 0.357624 -2.71622
v 0.839188 0.699157 -2.78959
v -0.183505 0.907678 -3.52448
v -0.00666689 0.942711 -3.6372
v -0.000498392 0.859734 -3.30429
v -0.347909 0.817986 -3.17218
v -0.42782 0.832384 -3.41047
v -1.14348 0.040483 -2.86579
v -1.30827 -0.155488 -3.04073
v -1.18046 0.308839 -3.1069
v -1.08289 0.325167 -2.90337
v -0.00197518 0.885769 -3.64891
v -0.00666689 0.942711 -3.6372
v -0.183505 0.907678 -3.52448
v -0.173736 0.848868 -3.55169
v -0.418906 0.77423 -3.45129
v -0.42782 0.832384 -3.41047
v -0.865829 0.585676 -3.22554
v -0.833978 0.563211 -3.26164
v -1.18046 0.308839 -3.1069
v -1.12471 0.295557 -3.14846
v -1.30827 -0.155488 -3.04073
v -1.23738 -0.136931 -3.08491
v -0.418906 0.77423 -3.45129
v -0.833978 0.563211 -3.26164
v -0.87131 0.589714 -3.42715
v -0.48686 0.785537 -3.57878
v -1.12471 0.295557 -3.14846
v -1.18558 0.232156 -3.36469
v -0.173736 0.848868 -3.55169
v -0.16843 0.871983 -3.69719
v -0.00207668 0.88594 -3.67915
v -0.00197518 0.885769 -3.64891
v -1.03037 0.572371 -4.7242
v -0.770391 0.706711 -4.77379
v -0.703379 0.756123 -4.29646
v -0.980269 0.627956 -4.2446
v -0.832054 0.642381 -5.18011
v -1.08181 0.501114 -5.14873
v -0.898382 0.595876 -5.57951
v -1.16758 0.439102 -5.57226
v -1.29598 -0.145659 -3.33266
v -1.23738 -0.136931 -3.08491
v -1.44102 -0.173862 -6.03514
v -1.35834 0.0589517 -6.05646
v -1.47148 0.089443 -5.97955
v -1.53662 -0.175625 -5.94661
v -0.214963 0.854848 -4.37921
v -0.089889 0.876825 -4.02251
v -0.176029 0.934827 -3.92322
v -0.29255 0.912193 -4.37585
v -0.0888366 0.923043 -3.81783
v -0.0461705 0.883 -3.92173
v -0.00283627 0.890323 -3.90332
v -0.00250801 0.912226 -3.79553
v -0.310908 0.797926 -4.86438
v -0.383663 0.885702 -4.85314
v -0.450743 0.840531 -5.24685
v -0.373454 0.729621 -5.25995
v -0.523705 0.805749 -5.6203
v -0.441839 0.676073 -5.61595
v -0.617343 0.761259 -5.90389
v -0.731897 0.71592 -5.97327
v -0.662602 0.588427 -6.021
v -0.524259 0.644972 -5.92278
v -0.0975804 0.895766 -3.78908
v -0.00234704 0.885224 -3.76189
v -1.44863 0.0785402 -5.95274
v -1.51623 -0.180124 -5.92456
v -0.73257 0.69097 -5.94304
v -0.631567 0.730622 -5.87005
v -0.46941 0.807977 -5.21042
v -0.541223 0.772328 -5.58673
v -0.399144 0.855054 -4.81523
v -0.306174 0.884475 -4.33208
v -0.193861 0.907105 -3.89937
v -0.173696 -1.11782 -3.39548
v -0.339495 -1.03717 -3.04102
v 0.0061459 -1.10604 -3.18094
v -0.503174 -1.01003 -3.23612
v -0.800938 -0.881347 -3.11483
v -0.580143 -0.908003 -2.92175
v -1.14528 -0.124775 -2.84433
v -1.10636 -0.275054 -2.83252
v 0.00344981 -1.1086 -3.53496
v -0.16972 -1.07376 -3.43626
v -0.173696 -1.11782 -3.39548
v 0.00387853 -1.1614 -3.49528
v -0.79525 -0.829079 -3.14165
v -0.800938 -0.881347 -3.11483
v -0.503174 -1.01003 -3.23612
v -0.491154 -0.947953 -3.25939
v -1.13818 -0.574887 -3.07596
v -1.15941 -0.592026 -3.03727
v -0.903029 -0.845115 -3.37765
v -0.79525 -0.829079 -3.14165
v -0.491154 -0.947953 -3.25939
v -0.546522 -0.974615 -3.45527
v -1.23472 -0.500568 -3.32962
v -1.13818 -0.574887 -3.07596
v -0.16972 -1.07376 -3.43626
v 0.00344981 -1.1086 -3.53496
v 0.0031577 -1.11131 -3.567
v -0.164529 -1.10045 -3.58277
v -0.979187 -0.895568 -5.87428
v -0.897805 -0.9654 -5.45414
v -0.724338 -1.07536 -5.8349
v -0.656823 -0.970553 -5.93097
v -0.934157 -0.789859 -5.9729
v -0.986725 -0.901809 -5.90681
v -0.724105 -1.10044 -5.86545
v -1.46213 -0.463481 -5.95841
v -1.34352 -0.422501 -6.03644
v -0.193038 -1.08771 -4.22237
v -0.283611 -1.17971 -4.22002
v -0.171023 -1.13498 -3.76788
v -0.0867251 -1.11622 -3.89915
v -0.0845324 -1.11185 -3.6683
v 0.00106845 -1.09964 -3.6501
v -0.000150783 -1.08958 -3.75853
v -0.0425114 -1.11696 -3.8034
v -0.295377 -1.0904 -4.70045
v -0.379421 -1.19537 -4.67582
v -0.368166 -1.08171 -5.09268
v -0.443667 -1.19265 -5.06554
v -0.448289 -1.08087 -5.46967
v -0.515089 -1.18971 -5.45924
v -0.609768 -1.15139 -5.77871
v -0.53402 -1.05377 -5.80692
v -0.0932035 -1.08555 -3.643
v 0.00146259 -1.07327 -3.62026
v -1.4365 -0.453173 -5.92931
v -0.623287 -1.11964 -5.74578
v -0.531937 -1.15423 -5.4285
v -0.462008 -1.15744 -5.03327
v -0.39487 -1.16237 -4.6429
v -0.302654 -1.14917 -4.1865
v -0.188743 -1.10864 -3.74731
v -0.839527 -0.996521 -5.02936
v -0.783919 -1.0266 -4.62062
v -0.711201 -1.03462 -4.14691
v -0.865829 0.585676 -3.22554
v -0.79988 0.602105 -3.00396
v -1.15941 -0.592026 -3.03727
v -1.01063 -0.552072 -2.82373
v -0.81961 -0.793731 -2.84815
v -1.27398 0.340008 -5.97069
v -0.99687 0.519871 -5.95749
v -1.26759 -0.691564 -5.94769
v -1.27168 -0.691442 -5.91634
v -1.20247 -0.599342 -6.02452
v -1.28118 0.336817 -5.99997
v -1.00605 0.527303 -5.98737
v -1.17119 0.258281 -6.0664
v -0.955634 0.406288 -6.04389
v -1.32858 0.226432 -3.77303
v -1.06362 0.539979 -3.83477
v -1.03601 0.522133 -3.5919
v -1.28476 0.225916 -3.54854
v -1.30286 0.331289 -5.5518
v -1.48749 0.136043 -5.50444
v -1.49985 0.103074 -5.77767
v -1.36552 0.266475 -5.79572
v -1.2141 0.411888 -5.1328
v -1.45866 0.162959 -5.0908
v -1.38382 0.32673 -5.84134
v -1.54189 0.10785 -5.82577
v -1.30201 0.395398 -5.57238
v -1.20556 0.482261 -5.14295
v -1.15245 0.489146 -4.69773
v -1.42447 0.191715 -4.65941
v -1.14394 0.563799 -4.71149
v -1.37412 0.211139 -4.16215
v -1.10277 0.527346 -4.21154
v -1.08907 0.607826 -4.20753
v -1.05467 0.626625 -3.81218
v -1.44495 -0.155612 -3.73679
v -1.48622 -0.161098 -4.11366
v -1.02108 0.580087 -3.52316
v -1.30154 0.23991 -3.46752
v -1.03997 0.658614 -4.21013
v -1.00472 0.679314 -3.82812
v -0.979844 0.616991 -3.43044
v -1.07692 0.608655 -4.71539
v -1.12974 0.529231 -5.15214
v -1.33574 0.38514 -5.97143
v -1.23487 0.453929 -5.59601
v -1.54548 0.108392 -5.94257
v -1.27398 0.340008 -5.97069
v -1.16758 0.439102 -5.57226
v -1.08181 0.501114 -5.14873
v -1.03037 0.572371 -4.7242
v -0.980269 0.627956 -4.2446
v -0.919049 0.653977 -3.82821
v -0.87131 0.589714 -3.42715
v -1.18558 0.232156 -3.36469
v -1.27292 0.247087 -3.39198
v -1.44863 0.0785402 -5.95274
v -1.58136 -0.182011 -5.45553
v -1.58801 -0.185237 -5.74911
v -1.64141 -0.185978 -5.79722
v -1.5375 -0.16727 -4.61956
v -1.5576 -0.17467 -5.04634
v -1.38684 -0.150763 -3.35039
v -1.40872 -0.151453 -3.42505
v -1.06479 -0.845955 -3.5402
v -1.09938 -0.870027 -3.76861
v -1.35682 -0.591875 -3.72613
v -1.30985 -0.585152 -3.50856
v -1.51831 -0.502629 -5.74381
v -1.51289 -0.539904 -5.46015
v -1.3425 -0.716127 -5.47354
v -1.39663 -0.646943 -5.73906
v -1.48915 -0.557958 -5.03418
v -1.25978 -0.786638 -5.0306
v -1.42013 -0.710184 -5.78058
v -1.55839 -0.50897 -5.79359
v -1.34763 -0.784332 -5.48642
v -1.2571 -0.860297 -5.03088
v -1.45536 -0.574281 -4.59809
v -1.19993 -0.843258 -4.59107
v -1.19626 -0.919681 -4.59588
v -1.40506 -0.583939 -4.10856
v -1.14566 -0.866216 -4.12384
v -1.13419 -0.945817 -4.11447
v -1.07949 -0.94825 -3.75678
v -1.0433 -0.887087 -3.46275
v -1.03954 -1.00239 -3.76018
v -1.08403 -0.98774 -4.10497
v -0.988687 -0.913997 -3.39458
v -1.12987 -0.962973 -4.59528
v -1.18307 -0.909092 -5.03262
v -1.28505 -0.847294 -5.50238
v -1.3756 -0.768189 -5.91257
v -1.55958 -0.508554 -5.91588
v -1.20052 -0.761726 -5.48103
v -1.27168 -0.691442 -5.91634
v -1.10922 -0.845492 -5.02905
v -1.05899 -0.893168 -4.60094
v -1.00278 -0.930371 -4.12779
v -0.954109 -0.933294 -3.7401
v -1.23472 -0.500568 -3.32962
v -0.903029 -0.845115 -3.37765
v -1.30292 -0.574532 -3.35402
v -1.4365 -0.453173 -5.92931
v -1.33428 -0.577403 -3.42151
v -1.39426 -0.152725 -3.50906
v -1.51623 -0.180124 -5.92456
v -1.64501 -0.186258 -5.90843
v -1.29598 -0.145659 -3.33266
v -0.621285 -1.02483 -3.75249
v -0.954109 -0.933294 -3.7401
v -1.00278 -0.930371 -4.12779
v -1.05899 -0.893168 -4.60094
v -1.10922 -0.845492 -5.02905
v -1.20052 -0.761726 -5.48103
v 0.00387853 -1.1614 -3.49528
v -0.60135 0.772455 -3.85854
v -0.929119 0.662143 -3.82793
v 0.180615 0.907931 -3.52507
v 0.427204 0.832945 -3.4116
v 0.350007 0.819753 -3.17548
v 1.14857 0.0401156 -2.86341
v 1.08682 0.326712 -2.90003
v 1.18346 0.307956 -3.10532
v 1.31259 -0.156849 -3.03878
v 0.166235 0.83597 -3.56075
v 0.180615 0.907931 -3.52507
v 0.405353 0.778739 -3.44947
v 0.834078 0.556464 -3.26208
v 0.868866 0.587136 -3.22789
v 0.427204 0.832945 -3.4116
v 1.12725 0.297653 -3.14652
v 1.18346 0.307956 -3.10532
v 1.24165 -0.137609 -3.08334
v 1.31259 -0.156849 -3.03878
v 0.405353 0.778739 -3.44947
v 0.484519 0.785913 -3.5806
v 0.872123 0.590506 -3.43093
v 0.834078 0.556464 -3.26208
v 1.18734 0.233015 -3.3631
v 1.12725 0.297653 -3.14652
v 0.166235 0.83597 -3.56075
v 0.164274 0.872111 -3.69778
v 1.02187 0.57078 -4.71861
v 0.973605 0.625618 -4.24459
v 0.6865 0.75497 -4.29829
v 0.762185 0.705217 -4.77324
v 0.826794 0.642723 -5.17818
v 1.07522 0.502823 -5.13898
v 0.899077 0.597861 -5.57725
v 1.16698 0.444071 -5.55919
v 1.29936 -0.1458 -3.331
v 1.24165 -0.137609 -3.08334
v 1.44861 -0.16741 -6.0271
v 1.54381 -0.167906 -5.93619
v 1.47887 0.096994 -5.96295
v 1.3664 0.0650944 -6.04412
v 0.205974 0.85217 -4.38624
v 0.278496 0.911732 -4.37726
v 0.170026 0.93463 -3.92426
v 0.0834707 0.876678 -4.02309
v 0.0836207 0.923026 -3.81829
v 0.0403858 0.882962 -3.92199
v 0.304913 0.796778 -4.86734
v 0.377211 0.884395 -4.8559
v 0.372048 0.728503 -5.26528
v 0.448715 0.83949 -5.25137
v 0.445872 0.674898 -5.62371
v 0.527835 0.804975 -5.62677
v 0.62692 0.760854 -5.91091
v 0.533773 0.643951 -5.93175
v 0.673326 0.588092 -6.02835
v 0.742371 0.716251 -5.97823
v 0.0926549 0.895778 -3.78952
v 1.52297 -0.172786 -5.91452
v 1.4556 0.0859227 -5.93668
v 0.742218 0.691297 -5.94799
v 0.640179 0.730276 -5.87685
v 0.544515 0.771584 -5.59307
v 0.466748 0.806913 -5.21486
v 0.392369 0.853685 -4.818
v 0.297711 0.881598 -4.33908
v 0.188086 0.906929 -3.90043
v 0.182954 -1.11796 -3.39751
v 0.352171 -1.03682 -3.0436
v 0.513508 -1.01013 -3.24242
v 0.810212 -0.882554 -3.1235
v 0.593125 -0.917153 -2.93859
v 1.15122 -0.126736 -2.84309
v 1.11331 -0.278052 -2.83257
v 0.182954 -1.11796 -3.39751
v 0.178205 -1.07392 -3.43827
v 0.804698 -0.835072 -3.15871
v 0.504063 -0.952747 -3.27628
v 0.513508 -1.01013 -3.24242
v 0.810212 -0.882554 -3.1235
v 1.16517 -0.588277 -3.04548
v 1.14554 -0.569381 -3.08368
v 0.913784 -0.86316 -3.40149
v 0.557952 -0.977344 -3.47355
v 0.504063 -0.952747 -3.27628
v 0.804698 -0.835072 -3.15871
v 1.23383 -0.513367 -3.33972
v 1.14554 -0.569381 -3.08368
v 0.178205 -1.07392 -3.43827
v 0.170533 -1.10059 -3.58498
v 0.982333 -0.890751 -5.88469
v 0.723415 -1.07065 -5.84263
v 0.896137 -0.963945 -5.46906
v 0.656047 -0.965581 -5.93458
v 0.723122 -1.09548 -5.87295
v 0.989995 -0.896843 -5.91698
v 0.937542 -0.784969 -5.97965
v 1.35067 -0.417105 -6.0381
v 1.46915 -0.457242 -5.95987
v 0.184615 -1.10232 -4.24289
v 0.0861844 -1.11632 -3.9004
v 0.17366 -1.16785 -3.79863
v 0.276173 -1.18053 -4.22491
v 0.0883627 -1.15019 -3.69889
v 0.0440769 -1.11701 -3.80401
v 0.282847 -1.09188 -4.70601
v 0.366413 -1.19724 -4.68381
v 0.432106 -1.19406 -5.07528
v 0.357545 -1.08292 -5.09965
v 0.507871 -1.18856 -5.46882
v 0.441677 -1.0799 -5.47652
v 0.606545 -1.14727 -5.7859
v 0.530795 -1.04986 -5.81119
v 0.0976759 -1.12424 -3.67414
v 1.44322 -0.447081 -5.93058
v 0.620314 -1.11579 -5.75339
v 0.450668 -1.15905 -5.04316
v 0.525003 -1.15335 -5.43831
v 0.382217 -1.1643 -4.65098
v 0.295914 -1.14996 -4.19159
v 0.192057 -1.14152 -3.7786
v 0.831389 -0.999003 -5.04558
v 0.772889 -1.03013 -4.63601
v 0.706528 -1.0457 -4.17503
v 0.805244 0.603462 -3.00353
v 0.868866 0.587136 -3.22789
v 0.831511 -0.799824 -2.85213
v 1.00389 -0.545031 -2.83119
v 1.16517 -0.588277 -3.04548
v 1.00518 0.522761 -5.95359
v 1.28157 0.345971 -5.95624
v 1.27371 -0.686474 -5.95766
v 1.27766 -0.686364 -5.92644
v 1.20871 -0.594541 -6.03192
v 1.01502 0.530247 -5.98326
v 1.2893 0.342758 -5.98558
v 0.96506 0.408548 -6.04223
v 1.18009 0.262758 -6.05719
v 1.32776 0.224386 -3.77039
v 1.28555 0.225153 -3.54625
v 1.03791 0.522742 -3.59261
v 1.06097 0.538548 -3.83652
v 1.30198 0.337375 -5.53373
v 1.3697 0.273666 -5.77711
v 1.50416 0.111103 -5.75805
v 1.48682 0.142426 -5.48347
v 1.45248 0.164136 -5.07338
v 1.2073 0.413953 -5.11916
v 1.3889 0.334154 -5.82176
v 1.54706 0.116315 -5.80534
v 1.30138 0.401633 -5.55392
v 1.19872 0.484467 -5.12917
v 1.41714 0.188024 -4.64831
v 1.14418 0.487174 -4.68992
v 1.13551 0.562033 -4.70353
v 1.36982 0.206836 -4.15742
v 1.09703 0.524675 -4.21
v 1.08315 0.605249 -4.20645
v 1.04102 0.619752 -3.82756
v 1.44595 -0.157642 -3.73583
v 1.48319 -0.166125 -4.11301
v 1.02102 0.580206 -3.52633
v 1.30257 0.239633 -3.46493
v 1.00146 0.678077 -3.8313
v 1.03373 0.656185 -4.20982
v 0.972877 0.615203 -3.45249
v 1.06837 0.607013 -4.70881
v 1.12304 0.531209 -5.14066
v 1.23468 0.459642 -5.58006
v 1.34349 0.391823 -5.95436
v 1.55249 0.116803 -5.92327
v 1.16698 0.444071 -5.55919
v 1.28157 0.345971 -5.95624
v 1.07522 0.502823 -5.13898
v 1.02187 0.57078 -4.71861
v 0.973605 0.625618 -4.24459
v 0.915525 0.652989 -3.8318
v 0.872123 0.590506 -3.43093
v 1.27423 0.24749 -3.38958
v 1.18734 0.233015 -3.3631
v 1.4556 0.0859227 -5.93668
v 1.5926 -0.177581 -5.73664
v 1.58121 -0.17734 -5.44256
v 1.64672 -0.177715 -5.78402
v 1.55173 -0.17601 -5.0366
v 1.53035 -0.173035 -4.61499
v 1.38997 -0.151299 -3.3481
v 1.41158 -0.152134 -3.42286
v 1.07001 -0.84623 -3.55377
v 1.32056 -0.578975 -3.51377
v 1.35939 -0.593133 -3.73456
v 1.10178 -0.870492 -3.78448
v 1.52304 -0.496567 -5.74526
v 1.4012 -0.641925 -5.74744
v 1.34282 -0.713846 -5.48524
v 1.51297 -0.536833 -5.46333
v 1.25278 -0.789914 -5.04597
v 1.48261 -0.561106 -5.04048
v 1.56383 -0.502408 -5.79481
v 1.42517 -0.704879 -5.79079
v 1.348 -0.781917 -5.50019
v 1.24979 -0.863567 -5.04821
v 1.19057 -0.848489 -4.60834
v 1.44721 -0.580747 -4.60788
v 1.1865 -0.924908 -4.61478
v 1.14212 -0.868525 -4.14133
v 1.40243 -0.587853 -4.11894
v 1.13055 -0.948175 -4.13337
v 1.08253 -0.940737 -3.76768
v 1.05297 -0.900704 -3.4878
v 1.08108 -0.995604 -4.135
v 1.04178 -0.993978 -3.77096
v 1.00079 -0.930369 -3.41963
v 1.11981 -0.967898 -4.61456
v 1.17563 -0.91221 -5.05099
v 1.38173 -0.762694 -5.92445
v 1.28555 -0.844861 -5.51814
v 1.56643 -0.50169 -5.91755
v 1.27766 -0.686364 -5.92644
v 1.20101 -0.759727 -5.49471
v 1.10217 -0.848517 -5.04562
v 1.0492 -0.897761 -4.61828
v 0.998787 -0.938528 -4.15635
v 0.957517 -0.923221 -3.74874
v 1.23383 -0.513367 -3.33972
v 1.30826 -0.576106 -3.35957
v 0.913784 -0.86316 -3.40149
v 1.44322 -0.447081 -5.93058
v 1.34011 -0.580996 -3.43291
v 1.39684 -0.15349 -3.50737
v 1.52297 -0.172786 -5.91452
v 1.6518 -0.177787 -5.8961
v 1.29936 -0.1458 -3.331
v 0.957517 -0.923221 -3.74874
v 0.62413 -1.02484 -3.76334
v 0.998787 -0.938528 -4.15635
v 1.0492 -0.897761 -4.61828
v 1.10217 -0.848517 -5.04562
v 1.20101 -0.759727 -5.49471
v 0.596162 0.771871 -3.86159
v 0.925615 0.661127 -3.83151
v -1.12625 0.125205 1.13493
v -1.09166 0.216331 0.888489
v -1.27122 0.262179 0.917578
v -1.3065 0.1419 1.17893
v -1.37227 0.00721525 1.31391
v -1.20058 -0.00623343 1.29503
v -1.26528 0.346323 0.611424
v -1.04483 0.362075 0.500583
v -1.06606 0.406401 0.308904
v -1.21553 0.392898 0.360749
v -1.26061 0.3956 0.197757
v -1.1109 0.414703 0.129317
v -1.39451 -0.118844 -0.230916
v -1.35349 0.244696 -0.0581324
v -1.22497 0.175363 -0.167705
v -1.27792 -0.0979057 -0.256948
v -1.38212 -0.534055 -0.257752
v -1.24236 -0.526929 -0.263218
v -1.38212 -0.534055 -0.257752
v -1.24236 -0.526929 -0.263218
v -1.20164 -0.89423 -0.0648208
v -1.28365 -0.90772 -0.0815554
v -1.22278 -1.06352 0.463603
v -1.25347 -1.05731 0.208259
v -1.06147 -1.0164 0.183748
v -1.03231 -1.03358 0.445354
v -1.07883 -1.00266 0.708849
v -1.25647 -1.00488 0.776868
v -1.13404 -0.938139 0.933376
v -1.44671 -0.624372 1.29724
v -1.25192 -0.598351 1.28161
v -1.26612 -0.302621 1.3482
v -1.4591 -0.300723 1.36097
v -1.37129 -0.864657 1.08594
v -1.18573 -0.838332 1.08662
v -1.13188 -0.979068 0.0672103
v -1.23899 -0.986244 0.0543075
v -1.08471 0.288394 0.664596
v -1.31603 0.321106 0.0488404
v -1.16059 0.375861 -0.00134138
v -1.51874 0.11826 1.06769
v -1.19187 0.0853802 1.1178
v -1.15845 0.197072 0.871023
v -1.43956 0.249119 0.842602
v -1.62305 -0.0151731 1.2561
v -1.25287 -0.0384924 1.24383
v -1.35492 0.352715 0.591656
v -1.15067 0.281271 0.576126
v -1.15805 0.327408 0.363536
v -1.30067 0.386497 0.390283
v -1.30278 0.323241 0.251981
v -1.20116 0.331204 0.210416
v -1.39567 -0.163953 -0.161978
v -1.35521 0.164397 0.0317636
v -1.29129 0.191857 -0.0277204
v -1.32797 -0.144457 -0.188763
v -1.37957 -0.539607 -0.193073
v -1.31625 -0.533776 -0.21209
v -1.37316 -0.902254 -0.0693601
v -1.37957 -0.539607 -0.193073
v -1.31625 -0.533776 -0.21209
v -1.22591 -0.879755 -0.0442998
v -1.33796 -1.0946 0.354101
v -1.31174 -1.0782 0.220625
v -1.14309 -1.00914 0.202943
v -1.11588 -1.01692 0.442916
v -1.14701 -0.962921 0.741208
v -1.43679 -1.04477 0.661426
v -1.65464 -0.645996 1.21431
v -1.32092 -0.61119 1.22941
v -1.33378 -0.320969 1.28802
v -1.71284 -0.321501 1.2704
v -1.56081 -0.880841 0.951894
v -1.25019 -0.827653 1.03309
v -1.18624 -0.951703 0.0831534
v -1.33654 -0.998777 0.0794096
v -1.33875 0.25863 0.131365
v -1.25509 0.262524 0.0715782
v -1.27071 0.152157 0.800948
v -1.52519 0.183154 0.708064
v -1.60756 0.0535424 0.885995
v -1.32112 0.0408121 1.01557
v -1.71251 -0.0718262 1.06046
v -1.39761 -0.0706485 1.19673
v -1.27801 -0.961317 0.645176
v -1.49606 -1.01649 0.570992
v -1.32974 -1.0361 0.328057
v -1.47241 -0.617393 1.15141
v -1.47947 -0.338417 1.22188
v -1.80013 -0.331742 1.07891
v -1.79001 -0.621125 1.00934
v -1.38694 -0.813347 0.911231
v -1.66345 -0.841302 0.787579
v -1.21958 0.253645 0.561732
v -1.44137 0.283066 0.515826
v -1.19586 0.290955 0.381579
v -1.37437 0.322258 0.339061
v -1.20787 -1.01028 0.362136
v -1.36886 -1.04511 0.328124
v -1.29632 -1.01771 0.230837
v -1.38809 0.113411 0.695728
v -1.61205 0.185098 0.599496
v -1.73388 0.0449664 0.754803
v -1.4681 -0.00382427 0.870237
v -1.82245 -0.0985471 0.856706
v -1.56786 -0.11358 1.04078
v -1.58043 -1.00973 0.485151
v -1.35847 -0.966823 0.574903
v -1.9094 -0.33227 0.872166
v -1.89708 -0.604125 0.804645
v -1.63652 -0.609894 0.990992
v -1.64904 -0.350386 1.06022
v -1.78986 -0.826136 0.650657
v -1.51486 -0.804012 0.780014
v -1.30551 0.213715 0.511106
v -1.4721 0.276057 0.426066
v -1.24087 0.258948 0.339819
v -1.38151 0.285513 0.314193
v -1.61002 -0.0185928 0.720051
v -1.49598 0.115493 0.572822
v -1.64531 0.179027 0.459753
v -1.77286 0.026934 0.579615
v -1.6924 -0.147929 0.817551
v -1.87316 -0.105403 0.626063
v -1.46377 -0.969284 0.471838
v -1.64998 -0.965448 0.329264
v -1.39641 -1.01869 0.196123
v -1.26569 -1.00125 0.319633
v -1.7735 -0.356963 0.83179
v -1.9685 -0.310539 0.631481
v -1.97821 -0.561597 0.558616
v -1.76156 -0.599027 0.766931
v -1.86528 -0.792883 0.462476
v -1.66054 -0.79947 0.624873
v -1.36437 0.212495 0.406533
v -1.49389 0.282513 0.297064
v -1.28293 -0.958318 0.144023
v -1.20225 -0.999272 0.239895
v -1.27915 0.228598 0.296077
v -1.39887 0.265923 0.201568
v -1.78411 -0.780128 0.414553
v -2.00315 -0.746047 0.210709
v -1.75098 -0.91354 0.106757
v -1.58005 -0.940933 0.292043
v -1.69806 -0.0266221 0.525058
v -1.58127 0.121504 0.412577
v -1.75274 0.192017 0.232591
v -1.87187 0.0420426 0.329209
v -1.79114 -0.150063 0.56701
v -1.96855 -0.0757538 0.366272
v -1.47111 -0.973747 0.0465081
v -1.34106 -0.989323 0.162802
v -1.88047 -0.337564 0.569899
v -2.07084 -0.261031 0.368153
v -2.10306 -0.493771 0.28888
v -1.89059 -0.56681 0.500557
v -1.44145 0.226433 0.254964
v -1.58836 0.281643 0.0972712
v -1.30769 -0.868654 -0.00183731
v -1.23418 -0.931688 0.111954
v -1.35279 0.214191 0.161508
v -1.45962 0.259009 0.0429335
v -2.0289 0.0776973 -0.0545049
v -1.8026 -0.007876 0.288212
v -1.69239 0.135456 0.197543
v -1.89854 0.188168 -0.120789
v -2.11641 -0.0212108 -0.0253346
v -1.89235 -0.11867 0.321691
v -2.20946 -0.180998 -0.0148711
v -2.23349 -0.411123 -0.0283192
v -2.01734 -0.505886 0.246763
v -1.98781 -0.290672 0.321813
v -2.13561 -0.736367 -0.0677066
v -1.92138 -0.73943 0.177817
v -1.86617 -0.940505 -0.111657
v -1.68241 -0.89435 0.0833696
v -1.53845 0.223777 0.0680708
v -1.67575 0.239296 -0.1576
v -1.58279 -0.967127 -0.172024
v -1.41837 -0.94873 0.023971
v -1.45635 -0.840105 -0.21505
v -1.26435 -0.848344 -0.0233559
v -1.41665 0.205887 0.0150542
v -1.50353 0.224797 -0.152059
v 1.13597 0.123016 1.13578
v 1.31757 0.140776 1.17746
v 1.27928 0.263306 0.913168
v 1.09947 0.215447 0.888616
v 1.38236 0.00454691 1.3117
v 1.20885 -0.00929991 1.29475
v 1.26856 0.345755 0.606491
v 1.21424 0.394844 0.365406
v 1.06168 0.410166 0.32307
v 1.04307 0.362952 0.510783
v 1.25668 0.399732 0.203409
v 1.1051 0.420202 0.143234
v 1.37712 -0.125756 -0.223442
v 1.25925 -0.100632 -0.248284
v 1.20852 0.182053 -0.16056
v 1.34072 0.251077 -0.0559339
v 1.37406 -0.544339 -0.25796
v 1.2335 -0.536488 -0.260911
v 1.37406 -0.544339 -0.25796
v 1.28295 -0.916113 -0.0958849
v 1.19915 -0.904652 -0.0751887
v 1.2335 -0.536488 -0.260911
v 1.22874 -1.07576 0.447644
v 1.03507 -1.0443 0.445966
v 1.05896 -1.0297 0.179303
v 1.25535 -1.06901 0.189056
v 1.26496 -1.01367 0.76056
v 1.08663 -1.00884 0.706963
v 1.1454 -0.940425 0.927713
v 1.45805 -0.629042 1.28515
v 1.46749 -0.304412 1.3554
v 1.27337 -0.305849 1.34545
v 1.2638 -0.600971 1.2748
v 1.19976 -0.839704 1.07799
v 1.38276 -0.870171 1.06779
v 1.23855 -0.996772 0.0383597
v 1.12898 -0.991738 0.0578316
v 1.0875 0.288023 0.666638
v 1.30772 0.327316 0.0519593
v 1.15235 0.382516 0.00977788
v 1.52823 0.120621 1.06069
v 1.44539 0.25137 0.831771
v 1.16629 0.197491 0.868884
v 1.20196 0.0837113 1.11788
v 1.63318 -0.0158551 1.24952
v 1.26158 -0.0414599 1.24315
v 1.35858 0.351409 0.582818
v 1.30117 0.386869 0.389141
v 1.15644 0.330228 0.368744
v 1.15311 0.281513 0.575326
v 1.3003 0.326486 0.251548
v 1.19651 0.336576 0.21664
v 1.38013 -0.171292 -0.154718
v 1.31161 -0.149593 -0.180549
v 1.27799 0.199773 -0.024817
v 1.34402 0.17097 0.0305751
v 1.37188 -0.549264 -0.193462
v 1.30808 -0.543186 -0.211124
v 1.37408 -0.908043 -0.087895
v 1.22394 -0.8894 -0.0552818
v 1.30808 -0.543186 -0.211124
v 1.37188 -0.549264 -0.193462
v 1.34406 -1.10663 0.327201
v 1.11987 -1.02852 0.436446
v 1.14239 -1.02187 0.192875
v 1.31524 -1.08919 0.196327
v 1.44445 -1.05862 0.631293
v 1.15527 -0.970012 0.733031
v 1.66167 -0.654227 1.19809
v 1.71948 -0.325981 1.26171
v 1.34132 -0.324458 1.28395
v 1.33232 -0.614735 1.21987
v 1.26209 -0.831255 1.0201
v 1.56564 -0.892939 0.926932
v 1.18479 -0.963147 0.0711434
v 1.33873 -1.007 0.0566399
v 1.33229 0.264138 0.13003
v 1.24595 0.270221 0.0753835
v 1.27703 0.154439 0.794076
v 1.33065 0.0419137 1.01245
v 1.61097 0.0568754 0.876036
v 1.52741 0.184272 0.693977
v 1.40689 -0.0725384 1.19373
v 1.71791 -0.0712731 1.05272
v 1.2853 -0.972762 0.625434
v 1.33496 -1.04755 0.302626
v 1.5033 -1.03085 0.537182
v 1.48068 -0.623551 1.13761
v 1.78916 -0.631966 0.995314
v 1.80152 -0.336683 1.07138
v 1.48649 -0.342193 1.21555
v 1.39353 -0.822372 0.890797
v 1.66385 -0.856253 0.763316
v 1.22268 0.253922 0.556325
v 1.4446 0.281023 0.502823
v 1.1954 0.293231 0.382644
v 1.3749 0.32244 0.332936
v 1.21154 -1.02245 0.34734
v 1.29936 -1.02854 0.208865
v 1.37479 -1.05625 0.299483
v 1.39107 0.115532 0.684456
v 1.47296 -0.000649977 0.862789
v 1.7315 0.0464359 0.744245
v 1.61278 0.183234 0.584375
v 1.57433 -0.113338 1.0346
v 1.81947 -0.0982964 0.850104
v 1.58755 -1.02309 0.447871
v 1.36558 -0.97987 0.549034
v 1.90289 -0.337097 0.868755
v 1.65199 -0.355212 1.05305
v 1.63808 -0.619914 0.97629
v 1.88928 -0.615156 0.796817
v 1.51759 -0.81747 0.756611
v 1.78697 -0.840996 0.62963
v 1.30843 0.213782 0.501374
v 1.47457 0.273534 0.413458
v 1.24006 0.261679 0.33826
v 1.38147 0.286184 0.307216
v 1.6081 -0.0168399 0.710968
v 1.76757 0.0246219 0.571089
v 1.6459 0.174252 0.445613
v 1.49693 0.114937 0.559401
v 1.69015 -0.14813 0.811754
v 1.86363 -0.107329 0.62359
v 1.47076 -0.982254 0.439487
v 1.26945 -1.01298 0.299939
v 1.40118 -1.02713 0.167179
v 1.65656 -0.974098 0.291961
v 1.76814 -0.362775 0.828046
v 1.75545 -0.610917 0.757116
v 1.96526 -0.570004 0.560824
v 1.95524 -0.31476 0.635236
v 1.65969 -0.814604 0.602018
v 1.86097 -0.804009 0.446485
v 1.49443 0.280593 0.286812
v 1.36596 0.212427 0.396382
v 1.20333 -1.01137 0.225536
v 1.28436 -0.968135 0.12541
v 1.39567 0.2685 0.196242
v 1.27743 0.231978 0.292666
v 1.78157 -0.79118 0.396131
v 1.58634 -0.948922 0.256959
v 1.75669 -0.915131 0.0724374
v 1.99752 -0.750335 0.201992
v 1.69277 -0.0295494 0.517929
v 1.86749 0.033147 0.324434
v 1.75214 0.183314 0.22297
v 1.58146 0.117595 0.399858
v 1.78151 -0.153169 0.565622
v 1.95949 -0.0835185 0.368078
v 1.34413 -0.998255 0.139019
v 1.47555 -0.97774 0.0171372
v 1.86745 -0.343197 0.573925
v 1.8788 -0.576383 0.501407
v 2.08926 -0.500516 0.300082
v 2.05708 -0.267913 0.378509
v 1.58438 0.278932 0.0909894
v 1.44013 0.226935 0.246086
v 1.23406 -0.942097 0.097544
v 1.30729 -0.876155 -0.0164637
v 1.34708 0.219223 0.157761
v 1.45176 0.261851 0.0398777
v 2.02639 0.0652784 -0.051373
v 1.89186 0.177609 -0.118638
v 1.69056 0.128031 0.188993
v 1.79793 -0.0169265 0.284367
v 1.88349 -0.127336 0.323794
v 2.11451 -0.0345124 -0.0200746
v 2.20469 -0.194222 -0.00590574
v 1.97463 -0.298942 0.33157
v 2.00482 -0.514032 0.255788
v 2.22352 -0.420934 -0.0185276
v 1.91743 -0.744518 0.16599
v 2.13075 -0.737233 -0.0778717
v 1.68782 -0.896499 0.0507804
v 1.87351 -0.938223 -0.148968
v 1.66346 0.234759 -0.156156
v 1.53222 0.223237 0.0625241
v 1.4213 -0.953741 -0.000845474
v 1.5882 -0.968266 -0.202925
v 1.26283 -0.856843 -0.0348656
v 1.45604 -0.845102 -0.23235
v 1.4064 0.21049 0.0129796
v 1.48882 0.226309 -0.150658
v -1.56413 -0.925419 1.17271
v -1.74002 -0.95587 0.805635
v -1.26292 -1.10404 0.874632
v -1.10811 -1.09535 1.04468
v -1.82047 -0.257701 1.33639
v -2.17187 -0.278974 0.7431
v -2.08521 -0.601314 0.760827
v -1.78271 -0.595802 1.27401
v -0.862185 0.61881 0.832556
v -0.945859 0.568879 0.822858
v -1.06718 0.532947 1.044
v -1.6127 0.12786 1.25544
v -1.87761 0.0161368 0.766405
v -1.4673 -0.241907 1.6033
v -1.37601 0.150033 1.53876
v -1.17638 0.444063 1.34845
v -0.98788 0.578566 1.15081
v -1.29524 0.371872 1.12822
v -1.34778 -0.833301 1.44068
v -1.43957 -0.556733 1.58149
v -1.19952 0.440236 0.827199
v -1.48578 0.27076 0.807824
v -1.86766 -0.0163932 0.728667
v -2.14618 -0.282721 0.702527
v -2.17187 -0.278974 0.7431
v -1.87761 0.0161368 0.766405
v -2.14618 -0.282721 0.702527
v -2.05554 -0.574862 0.722125
v -2.08521 -0.601314 0.760827
v -2.17187 -0.278974 0.7431
v -1.72113 -0.915669 0.773161
v -1.74002 -0.95587 0.805635
v -0.862185 0.61881 0.832556
v -0.833469 0.587024 0.809127
v -0.92603 0.559136 0.792419
v -1.48578 0.27076 0.807824
v -1.19952 0.440236 0.827199
v -1.18896 0.412976 0.79657
v -1.48702 0.229699 0.773756
v -1.26292 -1.10404 0.874632
v -1.24307 -1.07386 0.85309
v -1.19061 -1.00773 1.25906
v -1.18373 -1.11781 0.899824
v -1.17558 -1.07244 0.871935
v -1.18373 -1.11781 0.899824
v -1.07622 -1.1151 1.00537
v -0.945859 0.568879 0.822858
v -0.752269 0.669539 0.913465
v -1.3927 -0.248564 1.89612
v -1.27182 0.185278 1.79808
v -1.39391 0.164003 1.56017
v -1.51537 -0.252111 1.62476
v -1.0278 -1.14458 1.43189
v -1.01869 -1.1643 1.07637
v -0.666276 -1.28182 1.03231
v -1.36633 -0.644659 1.85921
v -1.49217 -0.568941 1.59857
v -1.20921 -0.964296 1.66183
v -1.3608 -0.853942 1.46001
v -1.06458 0.537633 1.5832
v -0.850272 0.722332 1.318
v -1.01991 0.594691 1.16304
v -1.19922 0.450165 1.37163
v -1.19703 -1.02867 1.27268
v -1.01869 -1.1643 1.07637
v -1.0278 -1.14458 1.43189
v -0.772134 0.694306 0.918156
v -0.850272 0.722332 1.318
v -0.483055 0.828559 0.878344
v -0.772134 0.694306 0.918156
v -1.09337 -0.22786 1.91669
v -0.999291 0.144465 1.83709
v -0.710997 -1.15292 1.37893
v -0.810432 -1.0182 1.53915
v -1.0803 -0.561364 1.86857
v -0.943806 -0.860232 1.6912
v -0.831923 0.424826 1.65236
v -0.669305 0.61179 1.46718
v -0.528968 0.746195 1.27079
v -1.0278 -1.14458 1.43189
v -0.666276 -1.28182 1.03231
v -0.710997 -1.15292 1.37893
v -0.483055 0.828559 0.878344
v -0.850272 0.722332 1.318
v -0.528968 0.746195 1.27079
v -0.480256 0.78935 0.874183
v -0.752269 0.669539 0.913465
v -0.772134 0.694306 0.918156
v -0.483055 0.828559 0.878344
v -1.08877 -0.22688 1.87534
v -1.00026 0.128084 1.79826
v -0.654718 -1.24419 1.02786
v -0.708962 -1.10594 1.35611
v -0.666276 -1.28182 1.03231
v -0.817118 -0.977497 1.50398
v -1.07786 -0.542314 1.829
v -0.947354 -0.834202 1.65676
v -0.838143 0.402046 1.61739
v -0.677785 0.584384 1.43598
v -0.536491 0.710342 1.24779
v -0.480256 0.78935 0.874183
v -0.483055 0.828559 0.878344
v -2.05463 -0.868883 0.343082
v -1.57524 -1.05403 0.547526
v -1.61592 -1.10985 0.545209
v -2.08415 -0.905503 0.338044
v -2.1939 -0.00957705 0.302347
v -2.48448 -0.244658 0.261734
v -2.54493 -0.220051 0.271657
v -2.21448 0.0491577 0.30421
v -2.48448 -0.244658 0.261734
v -2.34687 -0.52541 0.261106
v -2.38604 -0.561626 0.265182
v -1.27204 0.415052 0.592307
v -1.7513 0.253608 0.406216
v -1.78142 0.27902 0.425974
v -1.32197 0.452342 0.603287
v -0.901177 0.499206 0.798534
v -0.92603 0.559136 0.792419
v -1.23968 -1.01763 0.848111
v -1.24307 -1.07386 0.85309
v -0.745726 0.637981 0.905865
v -0.833469 0.587024 0.809127
v -1.17558 -1.07244 0.871935
v -1.06703 -1.0626 0.992542
v -1.0004 -1.12417 1.07963
v -0.985905 -1.08055 1.05823
v -0.666276 -1.28182 1.03231
v -1.01869 -1.1643 1.07637
v -1.0004 -1.12417 1.07963
v -0.654718 -1.24419 1.02786
v -2.21448 0.0491577 0.30421
v -2.54493 -0.220051 0.271657
v -2.14618 -0.282721 0.702527
v -1.86766 -0.0163932 0.728667
v -1.18896 0.412976 0.79657
v -0.92603 0.559136 0.792419
v -1.32197 0.452342 0.603287
v -1.78142 0.27902 0.425974
v -1.48702 0.229699 0.773756
v -2.38604 -0.561626 0.265182
v -2.05554 -0.574862 0.722125
v -2.08415 -0.905503 0.338044
v -1.72113 -0.915669 0.773161
v -1.61592 -1.10985 0.545209
v -1.24307 -1.07386 0.85309
v -1.49217 -0.568941 1.59857
v -1.51537 -0.252111 1.62476
v -1.4673 -0.241907 1.6033
v -1.43957 -0.556733 1.58149
v -1.3608 -0.853942 1.46001
v -1.34778 -0.833301 1.44068
v -1.19703 -1.02867 1.27268
v -1.19061 -1.00773 1.25906
v -1.0004 -1.12417 1.07963
v -1.01869 -1.1643 1.07637
v -1.57524 -1.05403 0.547526
v -2.05463 -0.868883 0.343082
v -2.13041 -0.658267 0.406357
v -1.92821 0.0764482 0.418352
v -2.25138 -0.273281 0.532496
v -2.48448 -0.244658 0.261734
v -2.1939 -0.00957705 0.302347
v -2.34687 -0.52541 0.261106
v -1.7513 0.253608 0.406216
v -1.27204 0.415052 0.592307
v -0.752269 0.669539 0.913465
v -0.480256 0.78935 0.874183
v -0.536491 0.710342 1.24779
v -0.654718 -1.24419 1.02786
v -1.0004 -1.12417 1.07963
v -0.708962 -1.10594 1.35611
v -1.90395 -0.253929 0.965036
v -1.23968 -1.01763 0.848111
v -0.901177 0.499206 0.798534
v -1.17558 -1.07244 0.871935
v -1.24307 -1.07386 0.85309
v -1.34534 -0.899664 1.09543
v -0.92603 0.559136 0.792419
v -0.833469 0.587024 0.809127
v -1.09221 0.395264 1.15062
v -1.21145 -0.182874 1.74826
v -0.986882 0.490719 1.33299
v -1.00026 0.128084 1.79826
v -1.08877 -0.22688 1.87534
v -1.19061 -1.00773 1.25906
v -1.07786 -0.542314 1.829
v -0.947354 -0.834202 1.65676
v -0.677785 0.584384 1.43598
v -0.838143 0.402046 1.61739
v -0.817118 -0.977497 1.50398
v -0.745726 0.637981 0.905865
v -1.06703 -1.0626 0.992542
v -0.985905 -1.08055 1.05823
v -0.985905 -1.08055 1.05823
v -0.708962 -1.10594 1.35611
v -1.0004 -1.12417 1.07963
v 1.54689 -0.942417 1.16336
v 1.08615 -1.09106 1.05713
v 1.23777 -1.11245 0.876707
v 1.71274 -0.989842 0.792104
v 1.82831 -0.27978 1.32959
v 1.77565 -0.620226 1.26701
v 2.06374 -0.644997 0.765695
v 2.16264 -0.321101 0.749111
v 0.88813 0.616125 0.839888
v 1.09996 0.525728 1.03943
v 0.974013 0.563508 0.828582
v 1.63946 0.115093 1.24329
v 1.88779 -0.011137 0.754738
v 1.47682 -0.247808 1.59875
v 1.40226 0.146428 1.53008
v 1.21112 0.440757 1.33651
v 1.33017 0.363838 1.11566
v 1.01889 0.574177 1.14565
v 1.33942 -0.834356 1.438
v 1.43852 -0.561344 1.57763
v 1.23329 0.4294 0.8177
v 1.51484 0.256121 0.785362
v 1.87571 -0.0442066 0.718791
v 1.88779 -0.011137 0.754738
v 2.16264 -0.321101 0.749111
v 2.1365 -0.324427 0.709258
v 2.1365 -0.324427 0.709258
v 2.16264 -0.321101 0.749111
v 2.06374 -0.644997 0.765695
v 2.03489 -0.617369 0.727831
v 1.71274 -0.989842 0.792104
v 1.69479 -0.949117 0.760529
v 0.88813 0.616125 0.839888
v 0.953499 0.554411 0.799119
v 0.858568 0.585311 0.816264
v 1.51484 0.256121 0.785362
v 1.51406 0.2149 0.751578
v 1.22205 0.4024 0.787009
v 1.23329 0.4294 0.8177
v 1.23777 -1.11245 0.876707
v 1.21846 -1.08187 0.85558
v 1.17545 -1.00282 1.26412
v 1.15871 -1.12155 0.907823
v 1.15136 -1.07659 0.879136
v 1.0527 -1.11038 1.02022
v 1.15871 -1.12155 0.907823
v 0.974013 0.563508 0.828582
v 0.776238 0.671091 0.917089
v 1.40314 -0.24691 1.89244
v 1.52512 -0.259511 1.61964
v 1.42098 0.160148 1.55096
v 1.29697 0.191487 1.78871
v 1.00639 -1.12962 1.4439
v 0.629196 -1.26042 1.0599
v 0.993929 -1.15489 1.09492
v 1.36419 -0.643073 1.85724
v 1.49126 -0.57546 1.59405
v 1.19676 -0.956704 1.66357
v 1.35208 -0.85525 1.45725
v 1.09686 0.543038 1.56806
v 1.23446 0.446679 1.35928
v 1.05172 0.589437 1.15782
v 0.877609 0.724002 1.30994
v 1.18139 -1.02374 1.27792
v 1.00639 -1.12962 1.4439
v 0.993929 -1.15489 1.09492
v 0.796515 0.695133 0.922654
v 0.509611 0.843083 0.871185
v 0.877609 0.724002 1.30994
v 0.796515 0.695133 0.922654
v 1.10056 -0.213578 1.9154
v 1.01879 0.163129 1.82885
v 0.786938 -0.998723 1.54868
v 0.679429 -1.12897 1.39573
v 1.07698 -0.549637 1.87052
v 0.929433 -0.845982 1.69565
v 0.859115 0.44439 1.63852
v 0.698025 0.628773 1.45208
v 0.555563 0.762196 1.25682
v 1.00639 -1.12962 1.4439
v 0.679429 -1.12897 1.39573
v 0.629196 -1.26042 1.0599
v 0.509611 0.843083 0.871185
v 0.555563 0.762196 1.25682
v 0.877609 0.724002 1.30994
v 0.506034 0.803921 0.866942
v 0.509611 0.843083 0.871185
v 0.796515 0.695133 0.922654
v 0.776238 0.671091 0.917089
v 1.09595 -0.213046 1.87399
v 1.01944 0.14609 1.79023
v 0.618565 -1.22243 1.0545
v 0.629196 -1.26042 1.0599
v 0.678734 -1.08241 1.3719
v 0.794988 -0.958646 1.51274
v 1.07493 -0.530906 1.83063
v 0.933679 -0.820343 1.66073
v 0.864936 0.420738 1.60373
v 0.70597 0.600369 1.42137
v 0.562735 0.725832 1.23447
v 0.509611 0.843083 0.871185
v 0.506034 0.803921 0.866942
v 2.029 -0.913535 0.339519
v 2.05788 -0.950789 0.332711
v 1.58836 -1.14059 0.524873
v 1.5489 -1.08315 0.529192
v 2.20127 -0.0654502 0.304087
v 2.22536 -0.00799577 0.303166
v 2.53923 -0.286622 0.289115
v 2.47759 -0.309215 0.279286
v 2.47759 -0.309215 0.279286
v 2.36462 -0.618527 0.284492
v 2.32692 -0.581692 0.280296
v 1.30563 0.400152 0.579521
v 1.35694 0.435379 0.588548
v 1.80775 0.240582 0.400069
v 1.77667 0.216187 0.381044
v 0.927957 0.495267 0.803474
v 0.953499 0.554411 0.799119
v 1.21846 -1.08187 0.85558
v 1.21655 -1.02559 0.849516
v 0.769452 0.639724 0.908975
v 0.858568 0.585311 0.816264
v 1.15136 -1.07659 0.879136
v 1.04494 -1.05783 1.00648
v 0.976722 -1.11381 1.09778
v 0.963192 -1.07011 1.07594
v 0.629196 -1.26042 1.0599
v 0.618565 -1.22243 1.0545
v 0.976722 -1.11381 1.09778
v 0.993929 -1.15489 1.09492
v 2.22536 -0.00799577 0.303166
v 1.87571 -0.0442066 0.718791
v 2.1365 -0.324427 0.709258
v 2.53923 -0.286622 0.289115
v 1.22205 0.4024 0.787009
v 1.35694 0.435379 0.588548
v 0.953499 0.554411 0.799119
v 1.80775 0.240582 0.400069
v 1.51406 0.2149 0.751578
v 2.03489 -0.617369 0.727831
v 2.36462 -0.618527 0.284492
v 1.69479 -0.949117 0.760529
v 2.05788 -0.950789 0.332711
v 1.58836 -1.14059 0.524873
v 1.21846 -1.08187 0.85558
v 1.49126 -0.57546 1.59405
v 1.43852 -0.561344 1.57763
v 1.47682 -0.247808 1.59875
v 1.52512 -0.259511 1.61964
v 1.35208 -0.85525 1.45725
v 1.33942 -0.834356 1.438
v 1.18139 -1.02374 1.27792
v 1.17545 -1.00282 1.26412
v 0.993929 -1.15489 1.09492
v 0.976722 -1.11381 1.09778
v 1.5489 -1.08315 0.529192
v 2.10642 -0.70569 0.417617
v 2.029 -0.913535 0.339519
v 1.94119 0.0343478 0.406181
v 2.20127 -0.0654502 0.304087
v 2.47759 -0.309215 0.279286
v 2.24056 -0.322399 0.545213
v 2.32692 -0.581692 0.280296
v 1.77667 0.216187 0.381044
v 1.30563 0.400152 0.579521
v 0.776238 0.671091 0.917089
v 0.562735 0.725832 1.23447
v 0.506034 0.803921 0.866942
v 0.618565 -1.22243 1.0545
v 0.678734 -1.08241 1.3719
v 0.976722 -1.11381 1.09778
v 1.90464 -0.282664 0.961859
v 1.21655 -1.02559 0.849516
v 0.927957 0.495267 0.803474
v 1.15136 -1.07659 0.879136
v 1.33006 -0.906443 1.09161
v 1.21846 -1.08187 0.85558
v 0.953499 0.554411 0.799119
v 1.12491 0.390877 1.14148
v 0.858568 0.585311 0.816264
v 1.22125 -0.176078 1.74569
v 1.09595 -0.213046 1.87399
v 1.01944 0.14609 1.79023
v 1.01811 0.491986 1.3212
v 1.17545 -1.00282 1.26412
v 1.07493 -0.530906 1.83063
v 0.933679 -0.820343 1.66073
v 0.70597 0.600369 1.42137
v 0.864936 0.420738 1.60373
v 0.794988 -0.958646 1.51274
v 0.769452 0.639724 0.908975
v 1.04494 -1.05783 1.00648
v 0.963192 -1.07011 1.07594
v 0.963192 -1.07011 1.07594
v 0.976722 -1.11381 1.09778
v 0.678734 -1.08241 1.3719
v -1.12625 0.125206 1.13493
v -1.19187 0.0853801 1.1178
v -1.15845 0.197072 0.871023
v -1.09166 0.216331 0.888488
v -1.25287 -0.0384924 1.24383
v -1.20058 -0.00623343 1.29503
v -1.15067 0.281271 0.576126
v -1.15805 0.327408 0.363536
v -1.06606 0.406401 0.308904
v -1.04483 0.362075 0.500583
v -1.20116 0.331204 0.210415
v -1.1109 0.414703 0.129317
v -1.32797 -0.144457 -0.188763
v -1.27792 -0.0979058 -0.256948
v -1.22497 0.175363 -0.167705
v -1.29129 0.191857 -0.0277204
v -1.31625 -0.533776 -0.21209
v -1.24236 -0.526929 -0.263218
v -1.31625 -0.533776 -0.21209
v -1.22591 -0.879755 -0.0443
v -1.20164 -0.89423 -0.0648207
v -1.24236 -0.526929 -0.263218
v -1.11588 -1.01692 0.442916
v -1.03231 -1.03358 0.445354
v -1.06147 -1.0164 0.183748
v -1.14309 -1.00914 0.202942
v -1.14701 -0.962921 0.741209
v -1.05066 -1.00046 0.70867
v -1.10503 -0.936275 0.933832
v -1.32092 -0.61119 1.22941
v -1.33378 -0.320969 1.28802
v -1.26612 -0.302621 1.3482
v -1.25192 -0.598351 1.28161
v -1.18573 -0.838332 1.08662
v -1.25019 -0.827653 1.03309
v -1.18624 -0.951703 0.0831533
v -1.13188 -0.979068 0.0672102
v -1.08471 0.288394 0.664596
v -1.25509 0.262524 0.0715776
v -1.16059 0.375861 -0.00134188
v -1.32112 0.0408123 1.01557
v -1.27071 0.152157 0.800949
v -1.39761 -0.0706485 1.19673
v -1.21958 0.253645 0.561731
v -1.19586 0.290955 0.381579
v -1.19917 0.237499 0.255799
v -1.28455 -0.190777 -0.112502
v -1.24953 0.0996197 0.0585647
v -1.27023 -0.527755 -0.137087
v -1.26435 -0.848344 -0.0233558
v -1.27023 -0.527755 -0.137087
v -1.20787 -1.01028 0.362136
v -1.20223 -0.999305 0.239545
v -1.27801 -0.961317 0.645177
v -1.47241 -0.617393 1.15141
v -1.47947 -0.338417 1.22188
v -1.38694 -0.813347 0.911231
v -1.23418 -0.931688 0.111954
v -1.23378 0.181479 0.147601
v -1.60997 -0.0186402 0.719737
v -1.69806 -0.0266221 0.525058
v -1.58127 0.121504 0.412577
v -1.49597 0.115496 0.572528
v -1.69234 -0.147986 0.817213
v -1.79114 -0.150063 0.56701
v -1.46376 -0.96932 0.471515
v -1.26567 -1.00129 0.319292
v -1.34106 -0.989323 0.162801
v -1.58005 -0.940933 0.292042
v -1.77344 -0.356995 0.831435
v -1.76152 -0.599037 0.766571
v -1.89059 -0.56681 0.500557
v -1.88047 -0.337564 0.569899
v -1.66053 -0.799488 0.624538
v -1.78411 -0.780128 0.414553
v -1.68241 -0.89435 0.08337
v -1.92138 -0.73943 0.177817
v -1.44145 0.226433 0.254964
v -1.36441 0.212541 0.406213
v -1.9667 0.0269187 -0.109343
v -1.84579 0.13213 -0.171144
v -1.69239 0.135456 0.197543
v -1.8026 -0.007876 0.288212
v -1.89235 -0.11867 0.321691
v -2.04717 -0.0665669 -0.0823092
v -2.13242 -0.216109 -0.0727765
v -1.98781 -0.290672 0.321813
v -2.01734 -0.505886 0.246763
v -2.15353 -0.42995 -0.08395
v -2.05887 -0.732252 -0.115046
v -1.80343 -0.921747 -0.154073
v -1.63538 0.184417 -0.204993
v -1.53845 0.223777 0.0680704
v -1.4681 -0.00382426 0.870237
v -1.38809 0.113411 0.695728
v -1.56786 -0.11358 1.04078
v -1.35847 -0.966823 0.574902
v -1.63652 -0.609894 0.990992
v -1.64904 -0.350386 1.06022
v -1.51486 -0.804012 0.780014
v -1.30551 0.213715 0.511106
v -1.41837 -0.94873 0.0239712
v -1.53536 -0.944734 -0.213533
v -1.41539 -0.824235 -0.25518
v -1.41665 0.205887 0.0150542
v -1.47089 0.175609 -0.200786
v -1.35279 0.214191 0.161508
v -1.2792 0.22865 0.295729
v -1.24087 0.258948 0.33982
v -1.31798 -0.0859635 -0.28641
v -1.31793 -0.0742824 -0.317395
v -1.2561 0.237418 -0.220348
v -1.2527 0.219338 -0.180698
v -1.11596 0.454617 0.120193
v -1.08825 0.541933 0.083201
v -1.01132 0.560203 0.269889
v -1.06187 0.447276 0.299757
v -1.03942 0.40726 0.490001
v -0.989152 0.494408 0.549925
v -1.11597 0.159661 1.16197
v -1.07417 0.255082 0.896203
v -0.970485 0.357718 0.890201
v -0.990928 0.222627 1.21323
v -1.19535 0.0212213 1.33972
v -1.03447 0.0431231 1.41615
v -1.2567 -0.292178 1.39381
v -1.07979 -0.282868 1.48739
v -1.24824 -0.605997 1.32114
v -1.03369 -0.594312 1.43457
v -0.887944 -0.844363 1.26462
v -1.17304 -0.851996 1.13091
v -1.08954 -0.976684 0.949317
v -0.822364 -0.998296 0.975776
v -1.03515 -1.05088 0.713935
v -0.826935 -1.09234 0.691028
v -0.897791 -1.09238 0.396974
v -1.01986 -1.07275 0.445424
v -1.03528 -1.07655 0.143811
v -1.06594 -1.06009 0.161281
v -1.21707 -0.914747 -0.100459
v -1.19473 -0.917272 -0.12842
v -1.29596 -0.527503 -0.338721
v -1.30774 -0.537224 -0.300765
v -1.30774 -0.537224 -0.300765
v -1.29596 -0.527503 -0.338721
v -1.14185 -1.01178 0.0383696
v -1.11551 -1.02178 0.0160743
v -1.07229 0.335383 0.662
v -1.18548 0.41718 -0.0154247
v -1.16282 0.449272 -0.0487047
v 1.13878 0.125571 1.12039
v 1.10242 0.213519 0.875865
v 1.17051 0.194061 0.851723
v 1.20499 0.0858821 1.10006
v 1.2638 -0.0348229 1.23127
v 1.2106 -0.00357358 1.28668
v 1.15733 0.279349 0.567115
v 1.04445 0.362392 0.508185
v 1.06341 0.409308 0.320301
v 1.1601 0.328156 0.362991
v 1.20007 0.333785 0.211207
v 1.10704 0.418774 0.140219
v 1.31612 -0.154616 -0.18271
v 1.28611 0.195177 -0.0283771
v 1.21634 0.177525 -0.163791
v 1.26431 -0.10568 -0.250462
v 1.30793 -0.547995 -0.210547
v 1.23337 -0.540986 -0.260352
v 1.30793 -0.547995 -0.210547
v 1.23337 -0.540986 -0.260352
v 1.19442 -0.907473 -0.0724431
v 1.21842 -0.895158 -0.050435
v 1.1165 -1.03283 0.444377
v 1.13616 -1.02742 0.200816
v 1.05591 -1.03252 0.183429
v 1.0331 -1.0466 0.450416
v 1.05612 -1.00754 0.714992
v 1.14853 -0.974004 0.751247
v 1.11359 -0.937743 0.937803
v 1.32945 -0.607951 1.22578
v 1.26181 -0.595555 1.27787
v 1.27319 -0.300847 1.34369
v 1.34097 -0.316908 1.28092
v 1.2553 -0.828279 1.03953
v 1.1938 -0.835505 1.09304
v 1.1256 -0.994434 0.0612278
v 1.17782 -0.96952 0.0784342
v 1.08951 0.287025 0.661831
v 1.24965 0.265936 0.0697837
v 1.15399 0.380807 0.00717361
v 1.33422 0.039655 0.989552
v 1.28412 0.147673 0.771272
v 1.40987 -0.0650279 1.17169
v 1.2294 0.25001 0.543954
v 1.20061 0.290046 0.374512
v 1.2015 0.237962 0.249053
v 1.2739 -0.19933 -0.105666
v 1.2447 0.104439 0.0574662
v 1.26211 -0.540628 -0.134703
v 1.24725 -0.875062 -0.0202681
v 1.26211 -0.540628 -0.134703
v 1.20213 -1.03092 0.361423
v 1.19371 -1.01995 0.2373
v 1.27678 -0.981347 0.649837
v 1.47678 -0.616631 1.14933
v 1.48585 -0.331277 1.20996
v 1.38519 -0.824107 0.917656
v 1.22089 -0.955209 0.111918
v 1.22927 0.185654 0.144125
v 1.62181 -0.0358211 0.680206
v 1.52072 0.0911533 0.519297
v 1.62213 0.0763954 0.355347
v 1.71735 -0.0635446 0.485919
v 1.69838 -0.16261 0.790364
v 1.8002 -0.186144 0.545075
v 1.45164 -1.00519 0.474927
v 1.55283 -0.996311 0.301857
v 1.32349 -1.01898 0.161888
v 1.25496 -1.02545 0.318362
v 1.77229 -0.376061 0.823916
v 1.87928 -0.37848 0.56976
v 1.88077 -0.617109 0.516305
v 1.75368 -0.626883 0.773848
v 1.76781 -0.838342 0.429576
v 1.65044 -0.836084 0.634094
v 1.89967 -0.824982 0.194822
v 1.64948 -0.966811 0.0933257
v 1.41067 0.188649 0.363678
v 1.50807 0.174732 0.195875
v 2.02367 -0.0948476 -0.132405
v 1.84187 -0.0789152 0.252938
v 1.74983 0.0618145 0.144655
v 1.91292 0.0191955 -0.20561
v 2.09278 -0.193413 -0.0953044
v 1.91811 -0.190395 0.303545
v 2.15909 -0.3477 -0.0714701
v 2.1542 -0.55925 -0.0696378
v 2.0108 -0.59397 0.26501
v 1.9972 -0.367471 0.325576
v 2.03027 -0.847969 -0.100343
v 1.75787 -1.01462 -0.145487
v 1.60786 0.153067 0.0137976
v 1.70307 0.0905436 -0.245765
v 1.40391 0.103333 0.655294
v 1.47952 -0.00965769 0.836211
v 1.57761 -0.11494 1.01117
v 1.35456 -0.992842 0.577875
v 1.65242 -0.353241 1.04782
v 1.63455 -0.620627 0.992121
v 1.50752 -0.827321 0.788803
v 1.32206 0.20397 0.478562
v 1.48797 -1.00747 -0.204821
v 1.38877 -0.990113 0.0288887
v 1.37662 -0.862816 -0.253437
v 1.47763 0.14724 -0.0305025
v 1.53297 0.0979721 -0.238435
v 1.29473 0.223084 0.278798
v 1.38647 0.18986 0.128674
v 1.24698 0.256653 0.327717
v 1.30412 -0.0954532 -0.28031
v 1.24487 0.221089 -0.177397
v 1.24816 0.238376 -0.216705
v 1.30356 -0.0839533 -0.311209
v 1.11214 0.458386 0.132654
v 1.05816 0.450295 0.313938
v 1.0064 0.56238 0.289567
v 1.08512 0.544545 0.0993313
v 1.03756 0.407768 0.500668
v 0.983897 0.49419 0.567087
v 1.12928 0.160992 1.14343
v 1.00028 0.222826 1.20607
v 0.973955 0.354577 0.896652
v 1.08458 0.251924 0.884204
v 1.20546 0.0244521 1.33136
v 1.04074 0.0431962 1.41402
v 1.26383 -0.290578 1.38978
v 1.08547 -0.283328 1.48617
v 1.25868 -0.603319 1.3173
v 1.04382 -0.595454 1.43319
v 1.18246 -0.847533 1.13717
v 0.900267 -0.841827 1.2695
v 1.09882 -0.977211 0.954506
v 0.831745 -0.994157 0.991241
v 1.04098 -1.05706 0.721591
v 0.832248 -1.09386 0.708902
v 1.02079 -1.08509 0.451117
v 0.897662 -1.10182 0.407366
v 1.06112 -1.07555 0.15901
v 1.03072 -1.09098 0.141783
v 1.20969 -0.928304 -0.10902
v 1.29901 -0.552494 -0.299234
v 1.28705 -0.54323 -0.336821
v 1.18745 -0.930974 -0.136493
v 1.28705 -0.54323 -0.336821
v 1.29901 -0.552494 -0.299234
v 1.13566 -1.02692 0.0307506
v 1.10947 -1.03665 0.00883974
v 1.07507 0.33419 0.663842
v 1.1795 0.421475 -0.00658288
v 1.15723 0.453154 -0.0380436

vt 0.202271 0.743896
vt 0.198242 0.706787
vt 0.207764 0.704102
vt 0.211182 0.743408
vt 0.223022 0.765625
vt 0.215576 0.769531
vt 0.212891 0.658447
vt 0.196899 0.647705
vt 0.199219 0.623047
vt 0.217163 0.62915
vt 0.219482 0.609131
vt 0.202393 0.601074
vt 0.270996 0.543945
vt 0.235107 0.577148
vt 0.22998 0.558594
vt 0.260986 0.536377
vt 0.321045 0.516113
vt 0.315918 0.507324
vt 0.5 0.789062
vt 0.509277 0.793823
vt 0.471191 0.832642
vt 0.468262 0.828247
vt 0.407715 0.85083
vt 0.437012 0.84375
vt 0.439697 0.854126
vt 0.407715 0.862183
vt 0.372314 0.862061
vt 0.365479 0.850952
vt 0.340088 0.856567
vt 0.283447 0.819092
vt 0.275879 0.824707
vt 0.24353 0.798462
vt 0.251709 0.792725
vt 0.320312 0.838135
vt 0.314697 0.845459
vt 0.453857 0.84436
vt 0.452148 0.835571
vt 0.200073 0.671631
vt 0.227905 0.590332
vt 0.208496 0.584473
vt 0.22583 0.734619
vt 0.221191 0.69873
vt 0.238159 0.756104
vt 0.224365 0.657227
vt 0.226929 0.631836
vt 0.232178 0.612793
vt 0.280029 0.551514
vt 0.248901 0.584229
vt 0.325684 0.524414
vt 0.466309 0.821167
vt 0.492188 0.784912
vt 0.416748 0.838135
vt 0.432129 0.836182
vt 0.376465 0.834595
vt 0.296387 0.805786
vt 0.265381 0.781006
vt 0.33252 0.821899
vt 0.448486 0.828247
vt 0.239258 0.5979
vt 0.272705 0.704834
vt 0.262207 0.674316
vt 0.284668 0.656494
vt 0.297852 0.684082
vt 0.286133 0.723633
vt 0.311279 0.70166
vt 0.391113 0.814331
vt 0.410889 0.795166
vt 0.437012 0.817627
vt 0.421631 0.831909
vt 0.307129 0.744629
vt 0.331299 0.722168
vt 0.356201 0.743652
vt 0.331543 0.766968
vt 0.381104 0.768311
vt 0.357422 0.789307
vt 0.403809 0.747314
vt 0.430908 0.776978
vt 0.255371 0.643311
vt 0.273926 0.628662
vt 0.357666 0.632324
vt 0.322998 0.664062
vt 0.307861 0.639648
vt 0.338379 0.612061
vt 0.372314 0.647217
vt 0.335938 0.68042
vt 0.391357 0.666992
vt 0.411865 0.692627
vt 0.380127 0.720459
vt 0.35498 0.700439
vt 0.43335 0.722656
vt 0.455322 0.75647
vt 0.292236 0.614502
vt 0.3125 0.592773
vt 0.241699 0.686523
vt 0.249268 0.719727
vt 0.262207 0.73999
vt 0.383789 0.824463
vt 0.286133 0.762817
vt 0.313965 0.786377
vt 0.344971 0.805542
vt 0.239868 0.650146
vt 0.474121 0.786621
vt 0.449707 0.805176
vt 0.47876 0.796753
vt 0.280518 0.60083
vt 0.294678 0.582275
vt 0.246338 0.625244
vt 0.263916 0.613037
vt 0.236694 0.628662
vt 0.151001 0.651855
vt 0.16333 0.615479
vt 0.174683 0.618652
vt 0.17334 0.653809
vt 0.374512 0.90509
vt 0.373047 0.894592
vt 0.413086 0.88385
vt 0.419189 0.890747
vt 0.256592 0.53125
vt 0.2229 0.555908
vt 0.219238 0.551025
vt 0.253418 0.527344
vt 0.196045 0.599121
vt 0.192017 0.621582
vt 0.18335 0.595459
vt 0.189941 0.645996
vt 0.197632 0.744873
vt 0.180054 0.75
vt 0.174194 0.703613
vt 0.192749 0.706055
vt 0.211426 0.771851
vt 0.194336 0.782349
vt 0.239624 0.80127
vt 0.222534 0.815796
vt 0.273193 0.827637
vt 0.253418 0.847412
vt 0.310547 0.848633
vt 0.28833 0.877991
vt 0.3396 0.861328
vt 0.331787 0.892517
vt 0.372314 0.868408
vt 0.407715 0.86792
vt 0.443115 0.859497
vt 0.44458 0.86438
vt 0.475098 0.836304
vt 0.516113 0.797363
vt 0.520508 0.799683
vt 0.47876 0.839722
vt 0.30957 0.496582
vt 0.312012 0.500488
vt 0.457764 0.848877
vt 0.460205 0.853271
vt 0.193237 0.67041
vt 0.144165 0.713135
vt 0.145508 0.687744
vt 0.202271 0.581543
vt 0.196289 0.577637
vt 0.177734 0.589844
vt 0.151123 0.753906
vt 0.182983 0.784424
vt 0.21936 0.817627
vt 0.248901 0.853149
vt 0.27417 0.887146
vt 0.328613 0.901611
vt 0.189941 0.574951
vt 0.214478 0.54834
vt 0.251221 0.523438
vt 0.308594 0.494629
vt 0.522949 0.800903
vt 0.482422 0.842285
vt 0.463135 0.858765
vt 0.447998 0.871094
vt 0.146729 0.756104
vt 0.138306 0.713135
vt 0.182373 0.788574
vt 0.375244 0.909119
vt 0.326904 0.905762
vt 0.24585 0.854736
vt 0.216064 0.819702
vt 0.271729 0.891357
vt 0.336182 0.983246
vt 0.369873 0.993668
vt 0.369629 0.996071
vt 0.337158 0.98864
vt 0.0654297 0.695557
vt 0.0572815 0.70166
vt 0.0328979 0.682617
vt 0.0406799 0.676025
vt 0.139526 0.547363
vt 0.123596 0.52002
vt 0.172119 0.49707
vt 0.187988 0.52002
vt 0.22998 0.498535
vt 0.218628 0.475586
vt 0.283203 0.450195
vt 0.294922 0.470703
vt 0.535645 0.87085
vt 0.512695 0.862671
vt 0.54834 0.814087
vt 0.569824 0.825439
vt 0.483154 0.973541
vt 0.473389 0.99729
vt 0.468018 0.997269
vt 0.478027 0.973297
vt 0.533203 0.942444
vt 0.514648 0.975021
vt 0.506836 0.973099
vt 0.525391 0.939606
vt 0.505371 0.997414
vt 0.496094 0.997379
vt 0.371338 0.980637
vt 0.413818 0.975555
vt 0.382324 0.996933
vt 0.419189 0.932983
vt 0.420898 0.904297
vt 0.450684 0.876099
vt 0.474365 0.919006
vt 0.495117 0.94162
vt 0.5 0.94278
vt 0.492676 0.944183
vt 0.541504 0.904907
vt 0.558594 0.877075
vt 0.566406 0.878357
vt 0.549805 0.90741
vt 0.574707 0.827881
vt 0.541504 0.869629
vt 0.595703 0.838989
vt 0.589355 0.835571
vt 0.45166 0.873779
vt 0.477051 0.918152
vt 0.516602 0.901123
vt 0.490723 0.887756
vt 0.274658 0.963104
vt 0.256348 0.9245
vt 0.27417 0.927185
vt 0.289307 0.962738
vt 0.288818 0.927002
vt 0.302734 0.960205
vt 0.241821 0.894775
vt 0.226807 0.86499
vt 0.237427 0.858643
vt 0.253906 0.886963
vt 0.200439 0.832886
vt 0.209839 0.824585
vt 0.169434 0.803955
vt 0.177124 0.795288
vt 0.103333 0.736572
vt 0.0992432 0.746582
vt 0.0477905 0.70459
vt 0.108887 0.724609
vt 0.0240479 0.688477
vt 0.0209045 0.670898
vt 0.0279236 0.669189
vt 0.0311737 0.663574
vt 0.0623779 0.675781
vt 0.0589294 0.632568
vt 0.0313416 0.628174
vt 0.313477 0.981049
vt 0.313721 0.971786
vt 0.104553 0.687256
vt 0.135742 0.775513
vt 0.143921 0.766602
vt 0.332275 0.960144
vt 0.0353088 0.576904
vt 0.0236511 0.629639
vt 0.0280457 0.573975
vt 0.085144 0.539307
vt 0.057373 0.559082
vt 0.0530396 0.552002
vt 0.0825806 0.532471
vt 0.0662842 0.589844
vt 0.0986938 0.557861
vt 0.0394287 0.531494
vt 0.0401917 0.538086
vt 0.0127487 0.556885
vt 0.0126343 0.54834
vt 0.0708618 0.511475
vt 0.0750122 0.519043
vt 0.116028 0.570801
vt 0.111511 0.606201
vt 0.214355 0.470215
vt 0.280518 0.445801
vt 0.204712 0.449707
vt 0.269775 0.426758
vt 0.272705 0.432129
vt 0.207642 0.455078
vt 0.168823 0.490234
vt 0.122986 0.512451
vt 0.117493 0.496582
vt 0.11261 0.488281
vt 0.157227 0.467773
vt 0.160889 0.475586
vt 0.0894165 0.539551
vt 0.0869141 0.53418
vt 0.101685 0.55542
vt 0.447021 0.972092
vt 0.443604 0.997173
vt 0.119568 0.568359
vt 0.264893 0.968353
vt 0.282227 0.99654
vt 0.272217 0.996502
vt 0.234131 0.901001
vt 0.218872 0.870972
vt 0.191895 0.838867
vt 0.162842 0.808105
vt 0.092041 0.752197
vt 0.041748 0.711182
vt 0.12793 0.780273
vt 0.0541077 0.501221
vt 0.0133743 0.525635
vt 0.0132523 0.505127
vt 0.0534363 0.478516
vt 0.600586 0.841431
vt 0.618652 0.850952
vt 0.596191 0.891113
vt 0.578613 0.883911
vt 0.19873 0.42041
vt 0.256836 0.404297
vt 0.266846 0.421875
vt 0.202881 0.441406
vt 0.151367 0.458008
vt 0.146606 0.434082
vt 0.538086 0.997543
vt 0.524414 0.99749
vt 0.533203 0.973282
vt 0.547363 0.973129
vt 0.107971 0.452148
vt 0.111633 0.475098
vt 0.583496 0.914246
vt 0.56543 0.910217
vt 0.547852 0.943604
vt 0.562012 0.944702
vt 0.105164 0.643066
vt 0.145386 0.650879
vt 0.139893 0.6875
vt 0.421143 0.895203
vt 0.376465 0.920715
vt 0.32666 0.923157
vt 0.375732 0.947876
vt 0.157593 0.613525
vt 0.170044 0.586914
vt 0.135132 0.57959
vt 0.174561 0.58374
vt 0.248047 0.519043
vt 0.209717 0.543945
vt 0.306396 0.490723
vt 0.484619 0.845459
vt 0.526855 0.802979
vt 0.46582 0.861694
vt 0.24939 0.932861
vt 0.0122147 0.693848
vt 0.0145874 0.667236
vt 0.295166 0.996592
vt 0.337402 0.996758
vt 0.316162 0.996674
vt 0.369385 0.996883
vt 0.37793 0.996916
vt 0.0226746 0.663574
vt 0.0791626 0.772217
vt 0.0365906 0.731689
vt 0.121765 0.79895
vt 0.158813 0.827759
vt 0.17981 0.845093
vt 0.208984 0.875366
vt 0.228882 0.906921
vt 0.244629 0.937134
vt 0.256348 0.97229
vt 0.261963 0.996462
vt 0.0121613 0.706543
vt 0.0137863 0.630859
vt 0.0133896 0.58374
vt 0.521973 0.90033
vt 0.137573 0.575684
vt 0.184448 0.571533
vt 0.412354 0.997051
vt 0.226318 0.996386
vt 0.194824 0.995811
vt 0.193359 0.970749
vt 0.217651 0.972641
vt 0.192139 0.938873
vt 0.206055 0.934937
vt 0.187744 0.91687
vt 0.17041 0.943024
vt 0.167847 0.927612
vt 0.175659 0.890686
vt 0.180908 0.88678
vt 0.19751 0.912048
vt 0.1521 0.860352
vt 0.13855 0.843018
vt 0.137573 0.848999
vt 0.112 0.83374
vt 0.11554 0.829834
vt 0.0681763 0.805664
vt 0.0697632 0.799072
vt 0.158447 0.908081
vt 0.130859 0.878723
vt 0.102661 0.859619
vt 0.0725708 0.843506
vt 0.0348816 0.786621
vt 0.0348511 0.78125
vt 0.0372314 0.838989
vt 0.0118713 0.78125
vt 0.0116348 0.840698
vt 0.249878 0.996477
vt 0.239014 0.996435
vt 0.226074 0.972183
vt 0.238647 0.972214
vt 0.210327 0.931458
vt 0.2229 0.932983
vt 0.209229 0.906921
vt 0.199219 0.908752
vt 0.183594 0.885498
vt 0.190796 0.88031
vt 0.155762 0.854004
vt 0.163696 0.85083
vt 0.13855 0.843018
vt 0.11554 0.829834
vt 0.116272 0.812866
vt 0.139893 0.831421
vt 0.0348511 0.78125
vt 0.0309601 0.75354
vt 0.0806274 0.790039
vt 0.0697632 0.799072
vt 0.012001 0.748779
vt 0.0118942 0.775024
vt 0.170166 0.970795
vt 0.168945 0.995708
vt 0.155762 0.854004
vt 0.0118942 0.775024
vt 0.226074 0.972183
vt 0.239014 0.996435
vt 0.210327 0.931458
vt 0.183594 0.885498
vt 0.199219 0.908752
vt 0.128662 0.94342
vt 0.121826 0.918884
vt 0.100403 0.894714
vt 0.0720215 0.871704
vt 0.0430298 0.862549
vt 0.0115433 0.863037
vt 0.130493 0.99556
vt 0.13147 0.966797
vt 0.261963 0.996462
vt 0.249878 0.996477
vt 0.238647 0.972214
vt 0.256348 0.97229
vt 0.228882 0.906921
vt 0.244629 0.937134
vt 0.2229 0.932983
vt 0.209229 0.906921
vt 0.190796 0.88031
vt 0.208984 0.875366
vt 0.163696 0.85083
vt 0.17981 0.845093
vt 0.139893 0.831421
vt 0.158813 0.827759
vt 0.0365906 0.731689
vt 0.0791626 0.772217
vt 0.0806274 0.790039
vt 0.0309601 0.75354
vt 0.0121613 0.706543
vt 0.012001 0.748779
vt 0.121765 0.79895
vt 0.116272 0.812866
vt 0.0122147 0.693848
vt 0.0145874 0.667236
vt 0.0209045 0.670898
vt 0.0240479 0.688477
vt 0.37793 0.996916
vt 0.369385 0.996883
vt 0.369629 0.996071
vt 0.202271 0.743896
vt 0.211182 0.743408
vt 0.207764 0.704102
vt 0.198242 0.706787
vt 0.223022 0.765625
vt 0.215576 0.769531
vt 0.212891 0.658447
vt 0.217163 0.62915
vt 0.199219 0.623047
vt 0.196899 0.647705
vt 0.219482 0.609131
vt 0.202393 0.601074
vt 0.270996 0.543945
vt 0.260986 0.536377
vt 0.22998 0.558594
vt 0.235107 0.577148
vt 0.321045 0.516113
vt 0.315918 0.507324
vt 0.5 0.789062
vt 0.468262 0.828247
vt 0.471191 0.832642
vt 0.509277 0.793823
vt 0.407715 0.85083
vt 0.407715 0.862183
vt 0.439697 0.854126
vt 0.437012 0.84375
vt 0.365479 0.850952
vt 0.372314 0.862061
vt 0.340088 0.856567
vt 0.283447 0.819092
vt 0.251709 0.792725
vt 0.24353 0.798462
vt 0.275879 0.824707
vt 0.314697 0.845459
vt 0.320312 0.838135
vt 0.452148 0.835571
vt 0.453857 0.84436
vt 0.200073 0.671631
vt 0.227905 0.590332
vt 0.208496 0.584473
vt 0.22583 0.734619
vt 0.221191 0.69873
vt 0.238159 0.756104
vt 0.224365 0.657227
vt 0.226929 0.631836
vt 0.232178 0.612793
vt 0.280029 0.551514
vt 0.248901 0.584229
vt 0.325684 0.524414
vt 0.466309 0.821167
vt 0.492188 0.784912
vt 0.416748 0.838135
vt 0.432129 0.836182
vt 0.376465 0.834595
vt 0.296387 0.805786
vt 0.265381 0.781006
vt 0.33252 0.821899
vt 0.448486 0.828247
vt 0.239258 0.5979
vt 0.272705 0.704834
vt 0.297852 0.684082
vt 0.284668 0.656494
vt 0.262207 0.674316
vt 0.286133 0.723633
vt 0.311279 0.70166
vt 0.391113 0.814331
vt 0.421631 0.831909
vt 0.437012 0.817627
vt 0.410889 0.795166
vt 0.307129 0.744629
vt 0.331543 0.766968
vt 0.356201 0.743652
vt 0.331299 0.722168
vt 0.357422 0.789307
vt 0.381104 0.768311
vt 0.430908 0.776978
vt 0.403809 0.747314
vt 0.273926 0.628662
vt 0.255371 0.643311
vt 0.357666 0.632324
vt 0.338379 0.612061
vt 0.307861 0.639648
vt 0.322998 0.664062
vt 0.335938 0.68042
vt 0.372314 0.647217
vt 0.391357 0.666992
vt 0.35498 0.700439
vt 0.380127 0.720459
vt 0.411865 0.692627
vt 0.43335 0.722656
vt 0.455322 0.75647
vt 0.3125 0.592773
vt 0.292236 0.614502
vt 0.249268 0.719727
vt 0.241699 0.686523
vt 0.262207 0.73999
vt 0.383789 0.824463
vt 0.313965 0.786377
vt 0.286133 0.762817
vt 0.344971 0.805542
vt 0.239868 0.650146
vt 0.449707 0.805176
vt 0.474121 0.786621
vt 0.47876 0.796753
vt 0.280518 0.60083
vt 0.294678 0.582275
vt 0.263916 0.613037
vt 0.246338 0.625244
vt 0.236694 0.628662
vt 0.151001 0.651855
vt 0.17334 0.653809
vt 0.174683 0.618652
vt 0.16333 0.615479
vt 0.374512 0.90509
vt 0.419189 0.890747
vt 0.413086 0.88385
vt 0.373047 0.894592
vt 0.256592 0.53125
vt 0.253418 0.527344
vt 0.219238 0.551025
vt 0.2229 0.555908
vt 0.196045 0.599121
vt 0.18335 0.595459
vt 0.192017 0.621582
vt 0.189941 0.645996
vt 0.197632 0.744873
vt 0.192749 0.706055
vt 0.174194 0.703613
vt 0.180054 0.75
vt 0.211426 0.771851
vt 0.194336 0.782349
vt 0.239624 0.80127
vt 0.222534 0.815796
vt 0.273193 0.827637
vt 0.253418 0.847412
vt 0.28833 0.877991
vt 0.310547 0.848633
vt 0.3396 0.861328
vt 0.331787 0.892517
vt 0.372314 0.868408
vt 0.407715 0.86792
vt 0.44458 0.86438
vt 0.443115 0.859497
vt 0.475098 0.836304
vt 0.47876 0.839722
vt 0.520508 0.799683
vt 0.516113 0.797363
vt 0.312012 0.500488
vt 0.30957 0.496582
vt 0.457764 0.848877
vt 0.460205 0.853271
vt 0.193237 0.67041
vt 0.144165 0.713135
vt 0.145508 0.687744
vt 0.202271 0.581543
vt 0.196289 0.577637
vt 0.177734 0.589844
vt 0.151123 0.753906
vt 0.182983 0.784424
vt 0.21936 0.817627
vt 0.248901 0.853149
vt 0.27417 0.887146
vt 0.328613 0.901611
vt 0.189941 0.574951
vt 0.251221 0.523438
vt 0.214478 0.54834
vt 0.308594 0.494629
vt 0.482422 0.842285
vt 0.522949 0.800903
vt 0.463135 0.858765
vt 0.447998 0.871094
vt 0.138306 0.713135
vt 0.146729 0.756104
vt 0.182373 0.788574
vt 0.326904 0.905762
vt 0.375244 0.909119
vt 0.216064 0.819702
vt 0.24585 0.854736
vt 0.271729 0.891357
vt 0.336182 0.983246
vt 0.337158 0.98864
vt 0.369629 0.996071
vt 0.369873 0.993668
vt 0.0654297 0.695557
vt 0.0406799 0.676025
vt 0.0328979 0.682617
vt 0.0572815 0.70166
vt 0.139526 0.547363
vt 0.187988 0.52002
vt 0.172119 0.49707
vt 0.123596 0.52002
vt 0.22998 0.498535
vt 0.218628 0.475586
vt 0.294922 0.470703
vt 0.283203 0.450195
vt 0.535645 0.87085
vt 0.569824 0.825439
vt 0.54834 0.814087
vt 0.512695 0.862671
vt 0.483154 0.973541
vt 0.478027 0.973297
vt 0.533203 0.942444
vt 0.525391 0.939606
vt 0.506836 0.973099
vt 0.514648 0.975021
vt 0.371338 0.980637
vt 0.413818 0.975555
vt 0.419189 0.932983
vt 0.474365 0.919006
vt 0.450684 0.876099
vt 0.420898 0.904297
vt 0.495117 0.94162
vt 0.492676 0.944183
vt 0.5 0.94278
vt 0.541504 0.904907
vt 0.549805 0.90741
vt 0.566406 0.878357
vt 0.558594 0.877075
vt 0.541504 0.869629
vt 0.574707 0.827881
vt 0.595703 0.838989
vt 0.589355 0.835571
vt 0.477051 0.918152
vt 0.45166 0.873779
vt 0.490723 0.887756
vt 0.516602 0.901123
vt 0.274658 0.963104
vt 0.289307 0.962738
vt 0.27417 0.927185
vt 0.256348 0.9245
vt 0.302734 0.960205
vt 0.288818 0.927002
vt 0.241821 0.894775
vt 0.253906 0.886963
vt 0.237427 0.858643
vt 0.226807 0.86499
vt 0.200439 0.832886
vt 0.209839 0.824585
vt 0.169434 0.803955
vt 0.177124 0.795288
vt 0.103333 0.736572
vt 0.0477905 0.70459
vt 0.0992432 0.746582
vt 0.108887 0.724609
vt 0.0240479 0.688477
vt 0.0279236 0.669189
vt 0.0209045 0.670898
vt 0.0623779 0.675781
vt 0.0311737 0.663574
vt 0.0589294 0.632568
vt 0.0313416 0.628174
vt 0.313477 0.981049
vt 0.313721 0.971786
vt 0.104553 0.687256
vt 0.143921 0.766602
vt 0.135742 0.775513
vt 0.332275 0.960144
vt 0.0353088 0.576904
vt 0.0280457 0.573975
vt 0.0236511 0.629639
vt 0.085144 0.539307
vt 0.0825806 0.532471
vt 0.0530396 0.552002
vt 0.057373 0.559082
vt 0.0662842 0.589844
vt 0.0986938 0.557861
vt 0.0394287 0.531494
vt 0.0401917 0.538086
vt 0.0750122 0.519043
vt 0.0708618 0.511475
vt 0.111511 0.606201
vt 0.116028 0.570801
vt 0.280518 0.445801
vt 0.214355 0.470215
vt 0.204712 0.449707
vt 0.207642 0.455078
vt 0.272705 0.432129
vt 0.269775 0.426758
vt 0.168823 0.490234
vt 0.122986 0.512451
vt 0.117493 0.496582
vt 0.160889 0.475586
vt 0.157227 0.467773
vt 0.11261 0.488281
vt 0.0869141 0.53418
vt 0.0894165 0.539551
vt 0.101685 0.55542
vt 0.447021 0.972092
vt 0.119568 0.568359
vt 0.264893 0.968353
vt 0.218872 0.870972
vt 0.234131 0.901001
vt 0.191895 0.838867
vt 0.162842 0.808105
vt 0.041748 0.711182
vt 0.092041 0.752197
vt 0.12793 0.780273
vt 0.0541077 0.501221
vt 0.0534363 0.478516
vt 0.600586 0.841431
vt 0.578613 0.883911
vt 0.596191 0.891113
vt 0.618652 0.850952
vt 0.19873 0.42041
vt 0.202881 0.441406
vt 0.266846 0.421875
vt 0.256836 0.404297
vt 0.146606 0.434082
vt 0.151367 0.458008
vt 0.547363 0.973129
vt 0.533203 0.973282
vt 0.107971 0.452148
vt 0.111633 0.475098
vt 0.583496 0.914246
vt 0.56543 0.910217
vt 0.547852 0.943604
vt 0.562012 0.944702
vt 0.105164 0.643066
vt 0.139893 0.6875
vt 0.145386 0.650879
vt 0.421143 0.895203
vt 0.376465 0.920715
vt 0.375732 0.947876
vt 0.32666 0.923157
vt 0.157593 0.613525
vt 0.170044 0.586914
vt 0.135132 0.57959
vt 0.174561 0.58374
vt 0.209717 0.543945
vt 0.248047 0.519043
vt 0.306396 0.490723
vt 0.526855 0.802979
vt 0.484619 0.845459
vt 0.46582 0.861694
vt 0.24939 0.932861
vt 0.0226746 0.663574
vt 0.0791626 0.772217
vt 0.0365906 0.731689
vt 0.121765 0.79895
vt 0.158813 0.827759
vt 0.17981 0.845093
vt 0.208984 0.875366
vt 0.228882 0.906921
vt 0.244629 0.937134
vt 0.256348 0.97229
vt 0.521973 0.90033
vt 0.137573 0.575684
vt 0.184448 0.571533
vt 0.217651 0.972641
vt 0.193359 0.970749
vt 0.206055 0.934937
vt 0.192139 0.938873
vt 0.187744 0.91687
vt 0.167847 0.927612
vt 0.17041 0.943024
vt 0.19751 0.912048
vt 0.180908 0.88678
vt 0.175659 0.890686
vt 0.1521 0.860352
vt 0.13855 0.843018
vt 0.11554 0.829834
vt 0.112 0.83374
vt 0.137573 0.848999
vt 0.0697632 0.799072
vt 0.0681763 0.805664
vt 0.158447 0.908081
vt 0.130859 0.878723
vt 0.102661 0.859619
vt 0.0725708 0.843506
vt 0.0348511 0.78125
vt 0.0348816 0.786621
vt 0.0372314 0.838989
vt 0.238647 0.972214
vt 0.226074 0.972183
vt 0.2229 0.932983
vt 0.210327 0.931458
vt 0.209229 0.906921
vt 0.190796 0.88031
vt 0.183594 0.885498
vt 0.199219 0.908752
vt 0.163696 0.85083
vt 0.155762 0.854004
vt 0.13855 0.843018
vt 0.139893 0.831421
vt 0.116272 0.812866
vt 0.11554 0.829834
vt 0.0348511 0.78125
vt 0.0697632 0.799072
vt 0.0806274 0.790039
vt 0.0309601 0.75354
vt 0.170166 0.970795
vt 0.155762 0.854004
vt 0.226074 0.972183
vt 0.210327 0.931458
vt 0.199219 0.908752
vt 0.183594 0.885498
vt 0.128662 0.94342
vt 0.121826 0.918884
vt 0.100403 0.894714
vt 0.0720215 0.871704
vt 0.0430298 0.862549
vt 0.13147 0.966797
vt 0.256348 0.97229
vt 0.238647 0.972214
vt 0.228882 0.906921
vt 0.209229 0.906921
vt 0.2229 0.932983
vt 0.244629 0.937134
vt 0.190796 0.88031
vt 0.208984 0.875366
vt 0.163696 0.85083
vt 0.17981 0.845093
vt 0.158813 0.827759
vt 0.139893 0.831421
vt 0.0365906 0.731689
vt 0.0309601 0.75354
vt 0.0806274 0.790039
vt 0.0791626 0.772217
vt 0.116272 0.812866
vt 0.121765 0.79895
vt 0.0240479 0.688477
vt 0.0209045 0.670898
vt 0.369629 0.996071
vt 0.716797 0.296387
vt 0.712891 0.289551
vt 0.742188 0.277832
vt 0.746094 0.288086
vt 0.717285 0.3125
vt 0.686523 0.317871
vt 0.685059 0.30127
vt 0.71875 0.320312
vt 0.6875 0.325195
vt 0.652832 0.320312
vt 0.651855 0.303223
vt 0.681641 0.294434
vt 0.961914 0.582031
vt 0.914551 0.570801
vt 0.915039 0.562256
vt 0.960938 0.57373
vt 0.996582 0.579834
vt 0.996582 0.588867
vt 0.617188 0.297363
vt 0.632324 0.295898
vt 0.634277 0.304688
vt 0.617188 0.305664
vt 0.617188 0.322754
vt 0.634766 0.321289
vt 0.647461 0.294434
vt 0.653809 0.328125
vt 0.689453 0.349121
vt 0.655762 0.347656
vt 0.71875 0.350586
vt 0.74707 0.3125
vt 0.746582 0.350586
vt 0.745605 0.304688
vt 0.771484 0.29541
vt 0.772949 0.303711
vt 0.772949 0.276367
vt 0.770996 0.349609
vt 0.659668 0.386719
vt 0.687012 0.35498
vt 0.692871 0.39209
vt 0.717773 0.35791
vt 0.723633 0.398438
vt 0.996582 0.714844
vt 0.996582 0.722412
vt 0.962402 0.721924
vt 0.963379 0.714111
vt 0.658203 0.394043
vt 0.617188 0.386719
vt 0.617188 0.380371
vt 0.996582 0.613525
vt 0.996582 0.632568
vt 0.958984 0.626221
vt 0.959961 0.605713
vt 0.617188 0.346191
vt 0.617188 0.329102
vt 0.635254 0.328613
vt 0.63623 0.34668
vt 0.769531 0.266113
vt 0.806641 0.254395
vt 0.806152 0.264648
vt 0.806152 0.282715
vt 0.806152 0.291016
vt 0.806641 0.347656
vt 0.746582 0.362305
vt 0.751953 0.406738
vt 0.776855 0.415527
vt 0.771973 0.366699
vt 0.775879 0.423828
vt 0.750977 0.414551
vt 0.806641 0.424316
vt 0.806641 0.432617
vt 0.806641 0.452148
vt 0.779297 0.442383
vt 0.806641 0.458008
vt 0.777344 0.448242
vt 0.753906 0.431641
vt 0.725098 0.422363
vt 0.722656 0.406738
vt 0.723145 0.42627
vt 0.692871 0.418945
vt 0.693848 0.414551
vt 0.751465 0.436523
vt 0.691406 0.399902
vt 0.806641 0.37207
vt 0.819336 0.570312
vt 0.819336 0.562988
vt 0.859863 0.574219
vt 0.858887 0.581787
vt 0.819336 0.614746
vt 0.858887 0.617188
vt 0.858398 0.55127
vt 0.819336 0.538086
vt 0.819336 0.530273
vt 0.859375 0.54248
vt 0.661133 0.407715
vt 0.617188 0.401367
vt 0.996582 0.737061
vt 0.949219 0.736572
vt 0.905762 0.743408
vt 0.919922 0.725586
vt 0.946777 0.742432
vt 0.90625 0.748779
vt 0.819336 0.767456
vt 0.857422 0.758179
vt 0.857422 0.763672
vt 0.819336 0.772705
vt 0.858887 0.741211
vt 0.819336 0.75
vt 0.819336 0.742432
vt 0.858398 0.734131
vt 0.659668 0.413086
vt 0.617188 0.407715
vt 0.996582 0.743652
vt 0.996582 0.606689
vt 0.960938 0.598389
vt 0.914062 0.589111
vt 0.913574 0.59668
vt 0.914551 0.621094
vt 0.858887 0.64917
vt 0.915527 0.64917
vt 0.916992 0.679932
vt 0.85791 0.687744
vt 0.919922 0.717773
vt 0.958496 0.651855
vt 0.959961 0.677002
vt 0.819336 0.64917
vt 0.819336 0.691162
vt 0.782227 0.479004
vt 0.780762 0.489258
vt 0.756348 0.48291
vt 0.757324 0.472656
vt 0.807129 0.482422
vt 0.807129 0.493164
vt 0.807129 0.469727
vt 0.781738 0.464355
vt 0.755859 0.456055
vt 0.722656 0.441895
vt 0.723145 0.458008
vt 0.701172 0.4375
vt 0.701172 0.44873
vt 0.663574 0.437988
vt 0.663086 0.427246
vt 0.936523 0.770142
vt 0.935059 0.755981
vt 0.963379 0.753296
vt 0.963867 0.770386
vt 0.996582 0.770386
vt 0.996582 0.755615
vt 0.699707 0.459961
vt 0.663086 0.44873
vt 0.72168 0.469727
vt 0.617188 0.437012
vt 0.617188 0.45166
vt 0.898926 0.766602
vt 0.902344 0.781372
vt 0.847656 0.782837
vt 0.848633 0.796143
vt 0.819336 0.789551
vt 0.819336 0.802368
vt 0.819336 0.822388
vt 0.854004 0.814209
vt 0.900879 0.797241
vt 0.936523 0.784058
vt 0.617188 0.420898
vt 0.962891 0.782593
vt 0.996582 0.783569
vt 0.895996 0.295898
vt 0.866699 0.287598
vt 0.870605 0.277344
vt 0.898438 0.28418
vt 0.927734 0.300781
vt 0.92627 0.316895
vt 0.895508 0.312012
vt 0.925781 0.324219
vt 0.894531 0.319824
vt 0.961426 0.302246
vt 0.960449 0.319336
vt 0.931641 0.291504
vt 0.676758 0.582031
vt 0.677734 0.573975
vt 0.723633 0.562256
vt 0.724121 0.570801
vt 0.64209 0.588867
vt 0.64209 0.579834
vt 0.978516 0.303223
vt 0.980957 0.294922
vt 0.996094 0.295898
vt 0.996094 0.304688
vt 0.996094 0.321289
vt 0.978027 0.320312
vt 0.965332 0.293457
vt 0.959473 0.32666
vt 0.95752 0.34668
vt 0.923828 0.348633
vt 0.894531 0.350098
vt 0.866699 0.350098
vt 0.865723 0.312012
vt 0.867188 0.304688
vt 0.839844 0.303711
vt 0.841309 0.294922
vt 0.839355 0.276367
vt 0.842285 0.349609
vt 0.895508 0.357422
vt 0.92627 0.354004
vt 0.92041 0.391602
vt 0.889648 0.397949
vt 0.64209 0.714844
vt 0.675781 0.714111
vt 0.67627 0.721924
vt 0.64209 0.722656
vt 0.955078 0.393066
vt 0.953613 0.385742
vt 0.996094 0.379395
vt 0.996094 0.385742
vt 0.64209 0.613525
vt 0.678711 0.605713
vt 0.679688 0.626221
vt 0.64209 0.632568
vt 0.996094 0.345215
vt 0.977051 0.345703
vt 0.978027 0.327148
vt 0.996094 0.327637
vt 0.843262 0.266113
vt 0.866699 0.361816
vt 0.861328 0.40625
vt 0.836914 0.415039
vt 0.841309 0.366699
vt 0.862793 0.414062
vt 0.837402 0.423828
vt 0.834473 0.442383
vt 0.836426 0.447754
vt 0.859375 0.431152
vt 0.888672 0.421875
vt 0.891113 0.40625
vt 0.890625 0.425781
vt 0.919434 0.414062
vt 0.92041 0.418457
vt 0.862305 0.436523
vt 0.921875 0.399414
vt 0.779785 0.581787
vt 0.778809 0.574219
vt 0.779785 0.617188
vt 0.780273 0.55127
vt 0.779297 0.54248
vt 0.952148 0.406738
vt 0.996094 0.399902
vt 0.689453 0.736572
vt 0.64209 0.737061
vt 0.71875 0.725586
vt 0.733398 0.743408
vt 0.73291 0.748779
vt 0.691895 0.742676
vt 0.78125 0.763672
vt 0.78125 0.758179
vt 0.780273 0.741211
vt 0.780273 0.734131
vt 0.953613 0.412109
vt 0.996094 0.406738
vt 0.64209 0.743652
vt 0.64209 0.606689
vt 0.678223 0.598389
vt 0.724609 0.589111
vt 0.725098 0.59668
vt 0.724609 0.621094
vt 0.780273 0.64917
vt 0.723145 0.649414
vt 0.780762 0.687744
vt 0.72168 0.679932
vt 0.71875 0.717773
vt 0.680664 0.651855
vt 0.678711 0.677246
vt 0.831543 0.479004
vt 0.856445 0.472656
vt 0.85791 0.482422
vt 0.833008 0.48877
vt 0.832031 0.464355
vt 0.85791 0.455566
vt 0.890625 0.441406
vt 0.890625 0.45752
vt 0.912109 0.436523
vt 0.912598 0.447754
vt 0.949707 0.437012
vt 0.950195 0.42627
vt 0.64209 0.770508
vt 0.64209 0.755615
vt 0.703613 0.755981
vt 0.702637 0.770264
vt 0.950195 0.447754
vt 0.914062 0.459473
vt 0.89209 0.469238
vt 0.996094 0.436035
vt 0.996094 0.450684
vt 0.739746 0.766602
vt 0.736816 0.781494
vt 0.791504 0.782837
vt 0.790039 0.796143
vt 0.785156 0.814209
vt 0.738281 0.797241
vt 0.702148 0.784058
vt 0.996094 0.419922
vt 0.64209 0.783691
vt 0.737793 0.890808
vt 0.723633 0.898193
vt 0.719727 0.895386
vt 0.735352 0.888306
vt 0.723633 0.898193
vt 0.737793 0.890808
vt 0.743652 0.89386
vt 0.726074 0.901062
vt 0.738281 0.91626
vt 0.733887 0.942474
vt 0.719238 0.929016
vt 0.722656 0.915039
vt 0.726074 0.901062
vt 0.743652 0.89386
vt 0.767578 0.886658
vt 0.763672 0.918213
vt 0.767578 0.886658
vt 0.76416 0.881775
vt 0.786133 0.880615
vt 0.786133 0.885864
vt 0.76416 0.881775
vt 0.76416 0.879333
vt 0.787598 0.877625
vt 0.786133 0.880615
vt 0.811523 0.92218
vt 0.783203 0.919739
vt 0.786133 0.885864
vt 0.810547 0.892639
vt 0.814941 0.889099
vt 0.810547 0.892639
vt 0.761719 0.955475
vt 0.733887 0.942474
vt 0.761719 0.955475
vt 0.757324 0.960419
vt 0.727539 0.946289
vt 0.727539 0.946289
vt 0.757324 0.960419
vt 0.756836 0.964874
vt 0.724609 0.951263
vt 0.714844 0.932983
vt 0.719238 0.929016
vt 0.780762 0.957214
vt 0.779297 0.963013
vt 0.804199 0.95343
vt 0.807617 0.958069
vt 0.779297 0.963013
vt 0.807617 0.958069
vt 0.809082 0.960449
vt 0.779785 0.966675
vt 0.804199 0.95343
vt 0.780762 0.957214
vt 0.705566 0.916016
vt 0.706543 0.901794
vt 0.675293 0.901001
vt 0.681152 0.896729
vt 0.706543 0.899414
vt 0.706543 0.901794
vt 0.681152 0.896729
vt 0.675293 0.901001
vt 0.67334 0.894226
vt 0.674805 0.916443
vt 0.662109 0.915894
vt 0.662109 0.897827
vt 0.67334 0.894226
vt 0.662109 0.897827
vt 0.665527 0.891418
vt 0.682617 0.892395
vt 0.704102 0.894165
vt 0.706543 0.899414
vt 0.673828 0.890808
vt 0.675781 0.932617
vt 0.705078 0.930115
vt 0.723633 0.898193
vt 0.726074 0.901062
vt 0.714844 0.932983
vt 0.701172 0.932434
vt 0.705078 0.930115
vt 0.719238 0.929016
vt 0.726074 0.874878
vt 0.763184 0.8573
vt 0.791016 0.856689
vt 0.828613 0.870728
vt 0.816895 0.886169
vt 0.814941 0.889099
vt 0.838379 0.899963
vt 0.835449 0.901978
vt 0.829102 0.903381
vt 0.835449 0.901978
vt 0.829102 0.903381
vt 0.859375 0.894531
vt 0.828613 0.849487
vt 0.860352 0.866943
vt 0.882812 0.885925
vt 0.847168 0.91217
vt 0.843262 0.913574
vt 0.866699 0.910095
vt 0.850098 0.924622
vt 0.84668 0.924988
vt 0.868652 0.92334
vt 0.794434 0.840454
vt 0.837891 0.841797
vt 0.79541 0.832031
vt 0.889648 0.869995
vt 0.901367 0.884033
vt 0.92627 0.887817
vt 0.937988 0.904602
vt 0.912598 0.904419
vt 0.92041 0.874756
vt 0.894531 0.905762
vt 0.759766 0.841797
vt 0.755371 0.834961
vt 0.728516 0.854492
vt 0.720703 0.848511
vt 0.702148 0.873779
vt 0.692383 0.869385
vt 0.964844 0.904358
vt 0.956055 0.926453
vt 0.937012 0.925598
vt 0.957031 0.877563
vt 0.981445 0.86499
vt 0.97998 0.893982
vt 0.994141 0.858887
vt 0.979492 0.85022
vt 0.994141 0.84375
vt 0.994141 0.895081
vt 0.994141 0.908203
vt 0.982422 0.909302
vt 0.981445 0.897339
vt 0.967773 0.907043
vt 0.97168 0.913574
vt 0.959961 0.927429
vt 0.961914 0.948547
vt 0.935059 0.945709
vt 0.965332 0.948029
vt 0.96875 0.929443
vt 0.994141 0.932251
vt 0.994141 0.891235
vt 0.953613 0.863647
vt 0.914551 0.925476
vt 0.894531 0.924377
vt 0.867676 0.935547
vt 0.888672 0.94342
vt 0.878418 0.957855
vt 0.861328 0.946259
vt 0.907715 0.946564
vt 0.89502 0.964111
vt 0.922363 0.958466
vt 0.912598 0.968887
vt 0.960449 0.973129
vt 0.950195 0.984558
vt 0.874023 0.973022
vt 0.859375 0.968796
vt 0.847656 0.957367
vt 0.837891 0.946533
vt 0.847656 0.935913
vt 0.821777 0.982788
vt 0.81543 0.970856
vt 0.779297 0.976639
vt 0.778809 0.988419
vt 0.82666 0.99073
vt 0.777832 0.996874
vt 0.743164 0.994019
vt 0.746094 0.985779
vt 0.834961 0.945038
vt 0.844238 0.935181
vt 0.837402 0.933838
vt 0.844238 0.935181
vt 0.834961 0.945038
vt 0.829102 0.942627
vt 0.837402 0.933838
vt 0.829102 0.942627
vt 0.839844 0.924316
vt 0.839844 0.924316
vt 0.84668 0.924988
vt 0.636719 0.942474
vt 0.636719 0.936157
vt 0.641113 0.936096
vt 0.640137 0.943512
vt 0.64209 0.915283
vt 0.64502 0.9151
vt 0.644043 0.937195
vt 0.641113 0.936096
vt 0.636719 0.936157
vt 0.636719 0.914124
vt 0.64209 0.915283
vt 0.641113 0.936096
vt 0.629395 0.892151
vt 0.641113 0.894043
vt 0.631836 0.887634
vt 0.640625 0.886536
vt 0.641113 0.894043
vt 0.629395 0.892151
vt 0.640625 0.886536
vt 0.645508 0.884338
vt 0.644531 0.892517
vt 0.641113 0.894043
vt 0.658691 0.894409
vt 0.662109 0.886536
vt 0.665527 0.891418
vt 0.659668 0.915894
vt 0.64502 0.94516
vt 0.640137 0.943512
vt 0.658691 0.937012
vt 0.65918 0.944977
vt 0.662109 0.934143
vt 0.663574 0.940826
vt 0.675781 0.932617
vt 0.67041 0.938629
vt 0.663574 0.940826
vt 0.662109 0.934143
vt 0.678711 0.936279
vt 0.67041 0.938629
vt 0.678223 0.940338
vt 0.670898 0.942169
vt 0.701172 0.932434
vt 0.70166 0.937256
vt 0.678223 0.940338
vt 0.678711 0.936279
vt 0.678711 0.936279
vt 0.980957 0.951233
vt 0.994141 0.954041
vt 0.994141 0.964264
vt 0.978516 0.959961
vt 0.970703 0.944672
vt 0.994141 0.966888
vt 0.976562 0.961792
vt 0.994141 0.986794
vt 0.994141 0.997694
vt 0.712891 0.936462
vt 0.714844 0.932983
vt 0.716309 0.955658
vt 0.70166 0.937256
vt 0.712891 0.973038
vt 0.688965 0.955627
vt 0.752441 0.97377
vt 0.708984 0.980545
vt 0.683105 0.96106
vt 0.714844 0.932983
vt 0.712891 0.936462
vt 0.837891 0.913757
vt 0.843262 0.913574
vt 0.837891 0.913757
vt 0.108704 0.959534
vt 0.0988159 0.960449
vt 0.102905 0.940186
vt 0.110291 0.939056
vt 0.114441 0.960876
vt 0.115784 0.938293
vt 0.109436 0.976303
vt 0.118652 0.96582
vt 0.112854 0.911682
vt 0.10968 0.915527
vt 0.0950317 0.896179
vt 0.0892944 0.902405
vt 0.0613708 0.895447
vt 0.061554 0.887817
vt 0.0975952 0.923218
vt 0.10376 0.918274
vt 0.0858154 0.912354
vt 0.0882568 0.991516
vt 0.0846558 0.985229
vt 0.102722 0.971558
vt 0.061554 0.998028
vt 0.061554 0.989929
vt 0.061554 0.982285
vt 0.083374 0.977402
vt 0.0824585 0.972839
vt 0.061554 0.977509
vt 0.061554 0.97049
vt 0.0784302 0.967987
vt 0.061554 0.953461
vt 0.0881958 0.955017
vt 0.0957642 0.957001
vt 0.0975952 0.938568
vt 0.0887451 0.939636
vt 0.061554 0.938477
vt 0.061554 0.916748
vt 0.0822754 0.923645
vt 0.061554 0.907654
vt 0.0819092 0.914124
vt 0.061554 0.910278
vt 0.0916748 0.923096
vt 0.0144119 0.959534
vt 0.0128021 0.939056
vt 0.0201721 0.940186
vt 0.0242615 0.960449
vt 0.00868988 0.960876
vt 0.00734329 0.938293
vt 0.0203552 0.971558
vt 0.0136566 0.976303
vt 0.0102768 0.911682
vt 0.0280457 0.896179
vt 0.0133972 0.915527
vt 0.033783 0.902405
vt 0.0193176 0.918274
vt 0.0254974 0.923218
vt 0.0372925 0.912354
vt 0.0384521 0.985229
vt 0.0348816 0.991516
vt 0.0397339 0.977402
vt 0.0406189 0.972839
vt 0.0446777 0.967987
vt 0.0349121 0.955017
vt 0.0254822 0.938568
vt 0.0273132 0.957001
vt 0.0343628 0.939636
vt 0.0408325 0.923645
vt 0.0411682 0.914124
vt 0.0314026 0.923096
vt 0.00442123 0.96582
vt 0.737793 0.890808
vt 0.735352 0.888306
vt 0.719727 0.895386
vt 0.723633 0.898193
vt 0.723633 0.898193
vt 0.726074 0.901062
vt 0.743652 0.89386
vt 0.737793 0.890808
vt 0.738281 0.91626
vt 0.722656 0.915039
vt 0.719238 0.929016
vt 0.733887 0.942474
vt 0.743652 0.89386
vt 0.726074 0.901062
vt 0.763672 0.918213
vt 0.767578 0.886658
vt 0.767578 0.886658
vt 0.786133 0.885864
vt 0.786133 0.880615
vt 0.76416 0.881775
vt 0.76416 0.881775
vt 0.786133 0.880615
vt 0.787598 0.877625
vt 0.76416 0.879333
vt 0.811523 0.92218
vt 0.810547 0.892639
vt 0.786133 0.885864
vt 0.783203 0.919739
vt 0.810547 0.892639
vt 0.814941 0.889099
vt 0.761719 0.955475
vt 0.733887 0.942474
vt 0.727539 0.946289
vt 0.757324 0.960419
vt 0.761719 0.955475
vt 0.727539 0.946289
vt 0.724609 0.951263
vt 0.756836 0.964874
vt 0.757324 0.960419
vt 0.719238 0.929016
vt 0.714844 0.932983
vt 0.779297 0.963013
vt 0.780762 0.957214
vt 0.807617 0.958069
vt 0.804199 0.95343
vt 0.779297 0.963013
vt 0.779785 0.966675
vt 0.809082 0.960449
vt 0.807617 0.958069
vt 0.780762 0.957214
vt 0.804199 0.95343
vt 0.706543 0.901794
vt 0.705566 0.916016
vt 0.675293 0.901001
vt 0.706543 0.901794
vt 0.706543 0.899414
vt 0.681152 0.896729
vt 0.681152 0.896729
vt 0.67334 0.894226
vt 0.675293 0.901001
vt 0.674805 0.916443
vt 0.662109 0.897827
vt 0.662109 0.915894
vt 0.67334 0.894226
vt 0.665527 0.891418
vt 0.662109 0.897827
vt 0.706543 0.899414
vt 0.704102 0.894165
vt 0.682617 0.892395
vt 0.673828 0.890808
vt 0.675781 0.932617
vt 0.705078 0.930115
vt 0.723633 0.898193
vt 0.726074 0.901062
vt 0.714844 0.932983
vt 0.719238 0.929016
vt 0.705078 0.930115
vt 0.701172 0.932434
vt 0.763184 0.8573
vt 0.726074 0.874878
vt 0.791016 0.856689
vt 0.816895 0.886169
vt 0.828613 0.870728
vt 0.814941 0.889099
vt 0.835449 0.901978
vt 0.838379 0.899963
vt 0.829102 0.903381
vt 0.829102 0.903381
vt 0.835449 0.901978
vt 0.859375 0.894531
vt 0.860352 0.866943
vt 0.828613 0.849487
vt 0.882812 0.885925
vt 0.847168 0.91217
vt 0.843262 0.913574
vt 0.866699 0.910095
vt 0.84668 0.924988
vt 0.850098 0.924622
vt 0.868652 0.92334
vt 0.794434 0.840454
vt 0.837891 0.841797
vt 0.79541 0.832031
vt 0.889648 0.869995
vt 0.901367 0.884033
vt 0.92627 0.887817
vt 0.912598 0.904419
vt 0.937988 0.904602
vt 0.92041 0.874756
vt 0.894531 0.905762
vt 0.759766 0.841797
vt 0.755371 0.834961
vt 0.720703 0.848511
vt 0.728516 0.854492
vt 0.692383 0.869385
vt 0.702148 0.873779
vt 0.937012 0.925598
vt 0.956055 0.926453
vt 0.964844 0.904358
vt 0.957031 0.877563
vt 0.97998 0.893982
vt 0.981445 0.86499
vt 0.979492 0.85022
vt 0.981445 0.897339
vt 0.982422 0.909302
vt 0.967773 0.907043
vt 0.97168 0.913574
vt 0.959961 0.927429
vt 0.935059 0.945709
vt 0.961914 0.948547
vt 0.965332 0.948029
vt 0.96875 0.929443
vt 0.953613 0.863647
vt 0.914551 0.925476
vt 0.894531 0.924377
vt 0.867676 0.935547
vt 0.888672 0.94342
vt 0.861328 0.946259
vt 0.878418 0.957855
vt 0.89502 0.964111
vt 0.907715 0.946564
vt 0.922363 0.958466
vt 0.912598 0.968887
vt 0.950195 0.984558
vt 0.960449 0.973129
vt 0.874023 0.973022
vt 0.859375 0.968796
vt 0.847656 0.957367
vt 0.847656 0.935913
vt 0.837891 0.946533
vt 0.81543 0.970856
vt 0.821777 0.982788
vt 0.779297 0.976639
vt 0.778809 0.988419
vt 0.82666 0.99073
vt 0.777832 0.996874
vt 0.746094 0.985779
vt 0.743164 0.994019
vt 0.834961 0.945038
vt 0.844238 0.935181
vt 0.837402 0.933838
vt 0.829102 0.942627
vt 0.834961 0.945038
vt 0.844238 0.935181
vt 0.837402 0.933838
vt 0.839844 0.924316
vt 0.829102 0.942627
vt 0.84668 0.924988
vt 0.839844 0.924316
vt 0.636719 0.942474
vt 0.640137 0.943512
vt 0.641113 0.936096
vt 0.636719 0.936157
vt 0.64209 0.915283
vt 0.641113 0.936096
vt 0.644043 0.937195
vt 0.64502 0.9151
vt 0.636719 0.936157
vt 0.641113 0.936096
vt 0.64209 0.915283
vt 0.636719 0.914124
vt 0.629395 0.892151
vt 0.641113 0.894043
vt 0.631836 0.887634
vt 0.629395 0.892151
vt 0.641113 0.894043
vt 0.640625 0.886536
vt 0.640625 0.886536
vt 0.641113 0.894043
vt 0.644531 0.892517
vt 0.645508 0.884338
vt 0.658691 0.894409
vt 0.662109 0.886536
vt 0.665527 0.891418
vt 0.659668 0.915894
vt 0.640137 0.943512
vt 0.64502 0.94516
vt 0.658691 0.937012
vt 0.65918 0.944977
vt 0.663574 0.940826
vt 0.662109 0.934143
vt 0.675781 0.932617
vt 0.662109 0.934143
vt 0.663574 0.940826
vt 0.67041 0.938629
vt 0.678711 0.936279
vt 0.67041 0.938629
vt 0.678223 0.940338
vt 0.670898 0.942169
vt 0.701172 0.932434
vt 0.678711 0.936279
vt 0.678223 0.940338
vt 0.70166 0.937256
vt 0.678711 0.936279
vt 0.980957 0.951233
vt 0.978516 0.959961
vt 0.970703 0.944672
vt 0.976562 0.961792
vt 0.712891 0.936462
vt 0.714844 0.932983
vt 0.70166 0.937256
vt 0.716309 0.955658
vt 0.712891 0.973038
vt 0.688965 0.955627
vt 0.752441 0.97377
vt 0.708984 0.980545
vt 0.683105 0.96106
vt 0.712891 0.936462
vt 0.714844 0.932983
vt 0.843262 0.913574
vt 0.837891 0.913757
vt 0.837891 0.913757
vt 0.0249329 0.311523
vt 0.00279999 0.33252
vt 0.00279999 0.299316
vt 0.0575256 0.32373
vt 0.0545044 0.351074
vt 0.197998 0.372559
vt 0.179199 0.37207
vt 0.178589 0.347656
vt 0.210083 0.349609
vt 0.00279999 0.292969
vt 0.0262451 0.305176
vt 0.0249329 0.311523
vt 0.00279999 0.299316
vt 0.0582275 0.317871
vt 0.123535 0.335449
vt 0.122925 0.339844
vt 0.0575256 0.32373
vt 0.179199 0.34375
vt 0.178589 0.347656
vt 0.210083 0.344727
vt 0.210083 0.349609
vt 0.0582275 0.317871
vt 0.0657349 0.300293
vt 0.12323 0.313477
vt 0.123535 0.335449
vt 0.184204 0.316895
vt 0.179199 0.34375
vt 0.0262451 0.305176
vt 0.00279999 0.292969
vt 0.00279999 0.288086
vt 0.0240479 0.287109
vt 0.129883 0.166992
vt 0.123962 0.218262
vt 0.0847168 0.217773
vt 0.0932007 0.165527
vt 0.101562 0.121094
vt 0.137451 0.12207
vt 0.110657 0.0761719
vt 0.150635 0.0751953
vt 0.210083 0.31543
vt 0.210083 0.344727
vt 0.210083 0.00292969
vt 0.210083 0.0166016
vt 0.194824 0.0200195
vt 0.188965 0.00537109
vt 0.0196838 0.210449
vt 0.0348511 0.212891
vt 0.0261078 0.261719
vt 0.0158997 0.249512
vt 0.0146637 0.272949
vt 0.00279999 0.275391
vt 0.00279999 0.26416
vt 0.0125732 0.260742
vt 0.0224152 0.15625
vt 0.0437012 0.160156
vt 0.0263367 0.11084
vt 0.0499878 0.116699
vt 0.0334473 0.0693359
vt 0.0588684 0.0751953
vt 0.0700684 0.0439453
vt 0.0513611 0.0322266
vt 0.0744019 0.0170898
vt 0.0830078 0.0356445
vt 0.0153351 0.276855
vt 0.00279999 0.279785
vt 0.210083 0.0209961
vt 0.195312 0.0234375
vt 0.0844727 0.0380859
vt 0.0723267 0.046875
vt 0.0619507 0.0786133
vt 0.0532227 0.120605
vt 0.0456848 0.164551
vt 0.0365601 0.217285
vt 0.0268555 0.265137
vt 0.0249329 0.311523
vt 0.00279999 0.331543
vt 0.0533447 0.349609
vt 0.0709839 0.327148
vt 0.115479 0.338867
vt 0.0910034 0.359863
vt 0.210083 0.373047
vt 0.199585 0.373047
vt 0.00279999 0.292969
vt 0.00279999 0.299316
vt 0.0249329 0.311523
vt 0.0262451 0.305176
vt 0.117126 0.334473
vt 0.0713501 0.321777
vt 0.0709839 0.327148
vt 0.115479 0.338867
vt 0.178589 0.347656
vt 0.179199 0.34375
vt 0.125366 0.305176
vt 0.0748901 0.297852
vt 0.0713501 0.321777
vt 0.117126 0.334473
vt 0.184692 0.313965
vt 0.179199 0.34375
vt 0.0262451 0.305176
vt 0.0240479 0.287109
vt 0.00279999 0.288086
vt 0.00279999 0.292969
vt 0.122864 0.0327148
vt 0.0844727 0.0380859
vt 0.11145 0.0761719
vt 0.0744019 0.0170898
vt 0.0830078 0.0356445
vt 0.122803 0.0302734
vt 0.116882 0.0126953
vt 0.185181 0.00537109
vt 0.192017 0.0205078
vt 0.0196838 0.210449
vt 0.0158997 0.249512
vt 0.0261078 0.261719
vt 0.0348511 0.212891
vt 0.0146637 0.272949
vt 0.0125732 0.260742
vt 0.00279999 0.26416
vt 0.00279999 0.275391
vt 0.0224152 0.15625
vt 0.0437012 0.160156
vt 0.0499878 0.116699
vt 0.0263367 0.11084
vt 0.0588684 0.0751953
vt 0.0334473 0.0693359
vt 0.0700684 0.0439453
vt 0.0513611 0.0322266
vt 0.0153351 0.276855
vt 0.00279999 0.279785
vt 0.192627 0.0239258
vt 0.0723267 0.046875
vt 0.0532227 0.120605
vt 0.0619507 0.0786133
vt 0.0456848 0.164551
vt 0.0365601 0.217285
vt 0.0268555 0.265137
vt 0.103516 0.121094
vt 0.0953979 0.166016
vt 0.0869141 0.217773
vt 0.124084 0.365723
vt 0.122925 0.339844
vt 0.126709 0.367676
vt 0.179199 0.37207
vt 0.178589 0.347656
vt 0.124634 0.0327148
vt 0.167358 0.0268555
vt 0.166138 0.0244141
vt 0.167725 0.0263672
vt 0.15979 0.00830078
vt 0.124268 0.0302734
vt 0.166382 0.0244141
vt 0.121948 0.012207
vt 0.157959 0.00830078
vt 0.301514 0.306641
vt 0.300293 0.336426
vt 0.245483 0.330566
vt 0.244751 0.299805
vt 0.276367 0.0732422
vt 0.288086 0.0415039
vt 0.316406 0.0410156
vt 0.313232 0.0771484
vt 0.310059 0.131836
vt 0.262207 0.128906
vt 0.282715 0.034668
vt 0.317383 0.0327148
vt 0.268555 0.0703125
vt 0.253174 0.12793
vt 0.306396 0.188965
vt 0.251953 0.187012
vt 0.242676 0.185547
vt 0.303711 0.255371
vt 0.246826 0.250977
vt 0.236572 0.251465
vt 0.234497 0.300781
vt 0.351807 0.309082
vt 0.352051 0.258301
vt 0.239014 0.339844
vt 0.300049 0.347656
vt 0.22583 0.300781
vt 0.227661 0.251465
vt 0.232666 0.349121
vt 0.232422 0.185547
vt 0.241821 0.126953
vt 0.257324 0.0673828
vt 0.273438 0.019043
vt 0.31665 0.0175781
vt 0.248169 0.0644531
vt 0.267822 0.0126953
vt 0.232422 0.124512
vt 0.222168 0.185547
vt 0.213867 0.252441
vt 0.214966 0.302246
vt 0.224731 0.356934
vt 0.297852 0.359375
vt 0.294434 0.369629
vt 0.316406 0.00537109
vt 0.353027 0.0419922
vt 0.352783 0.0800781
vt 0.353271 0.0322266
vt 0.352539 0.133789
vt 0.352295 0.19043
vt 0.35083 0.363281
vt 0.351562 0.351562
vt 0.455811 0.331543
vt 0.410645 0.336426
vt 0.409668 0.306641
vt 0.457031 0.300293
vt 0.395508 0.0415039
vt 0.416992 0.0424805
vt 0.428223 0.0737305
vt 0.398926 0.0776367
vt 0.44165 0.129883
vt 0.4021 0.132324
vt 0.394775 0.0332031
vt 0.422852 0.0351562
vt 0.436279 0.0712891
vt 0.450439 0.128418
vt 0.450928 0.187988
vt 0.405518 0.189453
vt 0.460205 0.186035
vt 0.455322 0.251465
vt 0.407715 0.255371
vt 0.465332 0.251953
vt 0.466797 0.300781
vt 0.461914 0.340332
vt 0.473877 0.251953
vt 0.474854 0.300781
vt 0.468018 0.349609
vt 0.469971 0.186035
vt 0.461426 0.127441
vt 0.431641 0.0200195
vt 0.447021 0.0678711
vt 0.395996 0.0180664
vt 0.437256 0.0131836
vt 0.456543 0.0649414
vt 0.471436 0.125488
vt 0.480713 0.186035
vt 0.487793 0.25293
vt 0.486084 0.302734
vt 0.411621 0.369629
vt 0.410889 0.359375
vt 0.476074 0.357422
vt 0.395508 0.00585938
vt 0.40918 0.347656
vt 0.351562 0.339844
vt 0.353027 0.00537109
vt 0.353271 0.0180664
vt 0.351318 0.375
vt 0.123474 0.268555
vt 0.0796509 0.266113
vt 0.125122 0.218262
vt 0.133301 0.166992
vt 0.141479 0.12207
vt 0.154663 0.0751953
vt 0.00279999 0.299316
vt 0.0767212 0.267578
vt 0.119995 0.268555
vt 0.0249329 0.311523
vt 0.0545044 0.351074
vt 0.0575256 0.32373
vt 0.197998 0.372559
vt 0.210083 0.349609
vt 0.178589 0.347656
vt 0.179199 0.37207
vt 0.0249329 0.311523
vt 0.0262451 0.305176
vt 0.0582275 0.317871
vt 0.0575256 0.32373
vt 0.122925 0.339844
vt 0.123535 0.335449
vt 0.178589 0.347656
vt 0.179199 0.34375
vt 0.210083 0.349609
vt 0.210083 0.344727
vt 0.0582275 0.317871
vt 0.123535 0.335449
vt 0.12323 0.313477
vt 0.0657349 0.300293
vt 0.179199 0.34375
vt 0.184204 0.316895
vt 0.0262451 0.305176
vt 0.0240479 0.287109
vt 0.129883 0.166992
vt 0.0932007 0.165527
vt 0.0847168 0.217773
vt 0.123962 0.218262
vt 0.101562 0.121094
vt 0.137451 0.12207
vt 0.110657 0.0761719
vt 0.150635 0.0751953
vt 0.210083 0.31543
vt 0.210083 0.344727
vt 0.210083 0.00292969
vt 0.188965 0.00537109
vt 0.194824 0.0200195
vt 0.210083 0.0166016
vt 0.0196838 0.210449
vt 0.0158997 0.249512
vt 0.0261078 0.261719
vt 0.0348511 0.212891
vt 0.0146637 0.272949
vt 0.0125732 0.260742
vt 0.0224152 0.15625
vt 0.0437012 0.160156
vt 0.0499878 0.116699
vt 0.0263367 0.11084
vt 0.0588684 0.0751953
vt 0.0334473 0.0693359
vt 0.0700684 0.0439453
vt 0.0830078 0.0356445
vt 0.0744019 0.0170898
vt 0.0513611 0.0322266
vt 0.0153351 0.276855
vt 0.195312 0.0234375
vt 0.210083 0.0209961
vt 0.0844727 0.0380859
vt 0.0723267 0.046875
vt 0.0532227 0.120605
vt 0.0619507 0.0786133
vt 0.0456848 0.164551
vt 0.0365601 0.217285
vt 0.0268555 0.265137
vt 0.0249329 0.311523
vt 0.0533447 0.349609
vt 0.0709839 0.327148
vt 0.115479 0.338867
vt 0.0910034 0.359863
vt 0.210083 0.373047
vt 0.199585 0.373047
vt 0.0262451 0.305176
vt 0.0249329 0.311523
vt 0.117126 0.334473
vt 0.115479 0.338867
vt 0.0709839 0.327148
vt 0.0713501 0.321777
vt 0.179199 0.34375
vt 0.178589 0.347656
vt 0.125366 0.305176
vt 0.117126 0.334473
vt 0.0713501 0.321777
vt 0.0748901 0.297852
vt 0.184692 0.313965
vt 0.179199 0.34375
vt 0.0262451 0.305176
vt 0.0240479 0.287109
vt 0.122864 0.0327148
vt 0.11145 0.0761719
vt 0.0844727 0.0380859
vt 0.0744019 0.0170898
vt 0.116882 0.0126953
vt 0.122803 0.0302734
vt 0.0830078 0.0356445
vt 0.192017 0.0205078
vt 0.185181 0.00537109
vt 0.0196838 0.210449
vt 0.0348511 0.212891
vt 0.0261078 0.261719
vt 0.0158997 0.249512
vt 0.0146637 0.272949
vt 0.0125732 0.260742
vt 0.0224152 0.15625
vt 0.0437012 0.160156
vt 0.0263367 0.11084
vt 0.0499878 0.116699
vt 0.0334473 0.0693359
vt 0.0588684 0.0751953
vt 0.0700684 0.0439453
vt 0.0513611 0.0322266
vt 0.0153351 0.276855
vt 0.192627 0.0239258
vt 0.0723267 0.046875
vt 0.0619507 0.0786133
vt 0.0532227 0.120605
vt 0.0456848 0.164551
vt 0.0365601 0.217285
vt 0.0268555 0.265137
vt 0.103516 0.121094
vt 0.0953979 0.166016
vt 0.0869141 0.217773
vt 0.122925 0.339844
vt 0.124084 0.365723
vt 0.178589 0.347656
vt 0.179199 0.37207
vt 0.126709 0.367676
vt 0.167358 0.0268555
vt 0.124634 0.0327148
vt 0.166138 0.0244141
vt 0.167725 0.0263672
vt 0.15979 0.00830078
vt 0.166382 0.0244141
vt 0.124268 0.0302734
vt 0.157959 0.00830078
vt 0.121948 0.012207
vt 0.301514 0.306641
vt 0.244751 0.299805
vt 0.245483 0.330566
vt 0.300293 0.336426
vt 0.276367 0.0732422
vt 0.313232 0.0771484
vt 0.316406 0.0410156
vt 0.288086 0.0415039
vt 0.262207 0.128906
vt 0.310059 0.131836
vt 0.282715 0.034668
vt 0.317383 0.0327148
vt 0.268555 0.0703125
vt 0.253174 0.12793
vt 0.251953 0.187012
vt 0.306396 0.188965
vt 0.242676 0.185547
vt 0.303711 0.255371
vt 0.246826 0.250977
vt 0.236572 0.251465
vt 0.234497 0.300781
vt 0.351807 0.309082
vt 0.352051 0.258301
vt 0.239014 0.339844
vt 0.300049 0.347656
vt 0.227661 0.251465
vt 0.22583 0.300781
vt 0.232666 0.349121
vt 0.232422 0.185547
vt 0.241821 0.126953
vt 0.273438 0.019043
vt 0.257324 0.0673828
vt 0.31665 0.0175781
vt 0.267822 0.0126953
vt 0.248169 0.0644531
vt 0.232422 0.124512
vt 0.222168 0.185547
vt 0.213867 0.252441
vt 0.214966 0.302246
vt 0.224731 0.356934
vt 0.294434 0.369629
vt 0.297852 0.359375
vt 0.316406 0.00537109
vt 0.352783 0.0800781
vt 0.353027 0.0419922
vt 0.353271 0.0322266
vt 0.352295 0.19043
vt 0.352539 0.133789
vt 0.35083 0.363281
vt 0.351562 0.351562
vt 0.455811 0.331543
vt 0.457031 0.300293
vt 0.409668 0.306641
vt 0.410645 0.336426
vt 0.395508 0.0415039
vt 0.398926 0.0776367
vt 0.428223 0.0737305
vt 0.416992 0.0424805
vt 0.4021 0.132324
vt 0.44165 0.129883
vt 0.422852 0.0351562
vt 0.394775 0.0332031
vt 0.436279 0.0712891
vt 0.450439 0.128418
vt 0.405518 0.189453
vt 0.450928 0.187988
vt 0.460205 0.186035
vt 0.407715 0.255371
vt 0.455322 0.251465
vt 0.465332 0.251953
vt 0.466797 0.300781
vt 0.461914 0.340332
vt 0.474854 0.300781
vt 0.473877 0.251953
vt 0.468018 0.349609
vt 0.469971 0.186035
vt 0.461426 0.127441
vt 0.447021 0.0678711
vt 0.431641 0.0200195
vt 0.395996 0.0180664
vt 0.456543 0.0649414
vt 0.437256 0.0131836
vt 0.471436 0.125488
vt 0.480713 0.186035
vt 0.487793 0.25293
vt 0.486084 0.302734
vt 0.411621 0.369629
vt 0.476074 0.357422
vt 0.410889 0.359375
vt 0.395508 0.00585938
vt 0.40918 0.347656
vt 0.351562 0.339844
vt 0.353027 0.00537109
vt 0.353271 0.0180664
vt 0.351318 0.375
vt 0.0796509 0.266113
vt 0.123474 0.268555
vt 0.125122 0.218262
vt 0.133301 0.166992
vt 0.141479 0.12207
vt 0.154663 0.0751953
vt 0.0767212 0.267578
vt 0.119995 0.268555
vt 0.742188 0.0805664
vt 0.772461 0.0795898
vt 0.770996 0.104004
vt 0.742676 0.104492
vt 0.709473 0.154785
vt 0.746094 0.154785
vt 0.749023 0.177246
vt 0.713379 0.178223
vt 0.79248 0.126465
vt 0.810059 0.125
vt 0.808105 0.148926
vt 0.791992 0.150391
vt 0.815918 0.22168
vt 0.799316 0.22168
vt 0.795898 0.197754
vt 0.8125 0.197266
vt 0.858398 0.097168
vt 0.831055 0.0981445
vt 0.834961 0.074707
vt 0.863281 0.0732422
vt 0.967773 0.164062
vt 0.933105 0.169922
vt 0.929199 0.146973
vt 0.965332 0.144531
vt 0.945801 0.219238
vt 0.939453 0.193848
vt 0.972656 0.185547
vt 0.978516 0.210938
vt 0.96582 0.125
vt 0.996582 0.124512
vt 0.996582 0.144531
vt 0.996582 0.164062
vt 0.996582 0.183105
vt 0.996582 0.201172
vt 0.747559 0.0546875
vt 0.777832 0.0527344
vt 0.8125 0.0756836
vt 0.819336 0.0493164
vt 0.842773 0.0419922
vt 0.892578 0.172363
vt 0.88916 0.147461
vt 0.929199 0.123535
vt 0.773438 0.152832
vt 0.770508 0.128418
vt 0.780762 0.12793
vt 0.781738 0.151855
vt 0.976074 0.00585938
vt 0.996582 0.00585938
vt 0.996582 0.0615234
vt 0.976562 0.0546875
vt 0.626953 0.201172
vt 0.621582 0.177246
vt 0.670898 0.177246
vt 0.677734 0.201172
vt 0.718262 0.201172
vt 0.751953 0.199707
vt 0.706055 0.129395
vt 0.744141 0.129883
vt 0.792969 0.102051
vt 0.811523 0.100586
vt 0.996582 0.248047
vt 0.977051 0.248047
vt 0.947266 0.248047
vt 0.661133 0.127441
vt 0.665527 0.15332
vt 0.657715 0.101074
vt 0.703125 0.103027
vt 0.617188 0.152344
vt 0.612793 0.125
vt 0.609863 0.0991211
vt 0.658691 0.0766602
vt 0.611328 0.0756836
vt 0.616699 0.0478516
vt 0.665039 0.0507812
vt 0.755371 0.222656
vt 0.723633 0.224121
vt 0.685547 0.224609
vt 0.633301 0.224121
vt 0.79834 0.0507812
vt 0.787598 0.0512695
vt 0.79248 0.0307617
vt 0.804199 0.0302734
vt 0.786621 0.198242
vt 0.789551 0.22168
vt 0.78125 0.22168
vt 0.77832 0.19873
vt 0.792969 0.0776367
vt 0.899902 0.0727539
vt 0.894043 0.0976562
vt 0.971191 0.0839844
vt 0.967773 0.104004
vt 0.932617 0.0996094
vt 0.938477 0.0761719
vt 0.832031 0.197266
vt 0.833496 0.22168
vt 0.825195 0.0239258
vt 0.846191 0.00585938
vt 0.781738 0.0786133
vt 0.855469 0.122559
vt 0.890137 0.122559
vt 0.853516 0.147949
vt 0.855957 0.172852
vt 0.828613 0.123535
vt 0.827148 0.148438
vt 0.871094 0.0415039
vt 0.873047 0.00585938
vt 0.911133 0.00585938
vt 0.907715 0.0419922
vt 0.996582 0.103516
vt 0.996582 0.0849609
vt 0.944336 0.0454102
vt 0.946289 0.00585938
vt 0.837402 0.248047
vt 0.818848 0.248047
vt 0.80957 0.17334
vt 0.82959 0.172852
vt 0.898438 0.196777
vt 0.859375 0.197754
vt 0.908691 0.248047
vt 0.905273 0.222168
vt 0.86377 0.222168
vt 0.866699 0.248047
vt 0.780762 0.103516
vt 0.703125 0.0791016
vt 0.708496 0.0527344
vt 0.80127 0.248047
vt 0.725098 0.248047
vt 0.751953 0.248047
vt 0.639648 0.248047
vt 0.689453 0.248047
vt 0.789062 0.248047
vt 0.761719 0.00585938
vt 0.752441 0.0336914
vt 0.715332 0.034668
vt 0.730469 0.00585938
vt 0.673828 0.0327148
vt 0.775879 0.17627
vt 0.783691 0.175293
vt 0.792969 0.174316
vt 0.776367 0.248047
vt 0.523438 0.0751953
vt 0.552734 0.0751953
vt 0.548828 0.102051
vt 0.51709 0.0961914
vt 0.567383 0.205566
vt 0.59375 0.205566
vt 0.59375 0.230957
vt 0.571289 0.231934
vt 0.570312 0.0170898
vt 0.584473 0.00585938
vt 0.599609 0.00585938
vt 0.584961 0.0214844
vt 0.578613 0.0751953
vt 0.577148 0.0986328
vt 0.578613 0.124512
vt 0.546875 0.123047
vt 0.580078 0.155762
vt 0.588867 0.182129
vt 0.490234 0.146484
vt 0.490234 0.115723
vt 0.513672 0.117188
vt 0.513184 0.145508
vt 0.559082 0.0219727
vt 0.560547 0.00585938
vt 0.571777 0.00585938
vt 0.535645 0.220215
vt 0.571777 0.241211
vt 0.537598 0.19873
vt 0.567871 0.185059
vt 0.538574 0.179199
vt 0.490234 0.0942383
vt 0.582031 0.00585938
vt 0.58252 0.046875
vt 0.605957 0.248047
vt 0.588867 0.248047
vt 0.585449 0.248047
vt 0.636719 0.00585938
vt 0.625 0.0253906
vt 0.556152 0.0478516
vt 0.530762 0.00585938
vt 0.519531 0.0239258
vt 0.490234 0.0332031
vt 0.490234 0.00585938
vt 0.543945 0.0209961
vt 0.54834 0.00585938
vt 0.529297 0.0512695
vt 0.490234 0.074707
vt 0.564453 0.166992
vt 0.547363 0.147461
vt 0.512695 0.217773
vt 0.490234 0.217285
vt 0.490234 0.193848
vt 0.511719 0.195801
vt 0.490234 0.171387
vt 0.512695 0.174805
vt 0.51123 0.0429688
vt 0.490234 0.0473633
vt 0.490234 0.0581055
vt 0.780273 0.0317383
vt 0.689941 0.00585938
vt 0.783691 0.00585938
vt 0.79834 0.00585938
vt 0.811035 0.00585938
vt 0.829102 0.00585938
vt 0.742188 0.0805664
vt 0.742676 0.104492
vt 0.770996 0.104004
vt 0.772461 0.0795898
vt 0.709473 0.154785
vt 0.713379 0.178223
vt 0.749023 0.177246
vt 0.746094 0.154785
vt 0.79248 0.126465
vt 0.791992 0.150391
vt 0.808105 0.148926
vt 0.810059 0.125
vt 0.815918 0.22168
vt 0.8125 0.197266
vt 0.795898 0.197754
vt 0.799316 0.22168
vt 0.858398 0.097168
vt 0.863281 0.0732422
vt 0.834961 0.074707
vt 0.831055 0.0981445
vt 0.967773 0.164062
vt 0.965332 0.144531
vt 0.929199 0.146973
vt 0.933105 0.169922
vt 0.945801 0.219238
vt 0.978516 0.210938
vt 0.972656 0.185547
vt 0.939453 0.193848
vt 0.96582 0.125
vt 0.996582 0.144531
vt 0.996582 0.124512
vt 0.996582 0.164062
vt 0.996582 0.201172
vt 0.996582 0.183105
vt 0.777832 0.0527344
vt 0.747559 0.0546875
vt 0.842773 0.0419922
vt 0.819336 0.0493164
vt 0.8125 0.0756836
vt 0.88916 0.147461
vt 0.892578 0.172363
vt 0.929199 0.123535
vt 0.773438 0.152832
vt 0.781738 0.151855
vt 0.780762 0.12793
vt 0.770508 0.128418
vt 0.976074 0.00585938
vt 0.976562 0.0546875
vt 0.996582 0.0615234
vt 0.996582 0.00585938
vt 0.626953 0.201172
vt 0.677734 0.201172
vt 0.670898 0.177246
vt 0.621582 0.177246
vt 0.718262 0.201172
vt 0.751953 0.199707
vt 0.706055 0.129395
vt 0.744141 0.129883
vt 0.811523 0.100586
vt 0.792969 0.102051
vt 0.996582 0.248047
vt 0.977051 0.248047
vt 0.947266 0.248047
vt 0.661133 0.127441
vt 0.665527 0.15332
vt 0.657715 0.101074
vt 0.703125 0.103027
vt 0.617188 0.152344
vt 0.612793 0.125
vt 0.609863 0.0991211
vt 0.658691 0.0766602
vt 0.611328 0.0756836
vt 0.616699 0.0478516
vt 0.665039 0.0507812
vt 0.723633 0.224121
vt 0.755371 0.222656
vt 0.633301 0.224121
vt 0.685547 0.224609
vt 0.79834 0.0507812
vt 0.804199 0.0302734
vt 0.79248 0.0307617
vt 0.787598 0.0512695
vt 0.786621 0.198242
vt 0.77832 0.19873
vt 0.78125 0.22168
vt 0.789551 0.22168
vt 0.792969 0.0776367
vt 0.894043 0.0976562
vt 0.899902 0.0727539
vt 0.971191 0.0839844
vt 0.938477 0.0761719
vt 0.932617 0.0996094
vt 0.967773 0.104004
vt 0.833496 0.22168
vt 0.832031 0.197266
vt 0.846191 0.00585938
vt 0.825195 0.0239258
vt 0.781738 0.0786133
vt 0.855469 0.122559
vt 0.890137 0.122559
vt 0.853516 0.147949
vt 0.855957 0.172852
vt 0.828613 0.123535
vt 0.827148 0.148438
vt 0.871094 0.0415039
vt 0.873047 0.00585938
vt 0.907715 0.0419922
vt 0.911133 0.00585938
vt 0.996582 0.103516
vt 0.996582 0.0849609
vt 0.946289 0.00585938
vt 0.944336 0.0454102
vt 0.837402 0.248047
vt 0.818848 0.248047
vt 0.82959 0.172852
vt 0.80957 0.17334
vt 0.898438 0.196777
vt 0.859375 0.197754
vt 0.905273 0.222168
vt 0.908691 0.248047
vt 0.86377 0.222168
vt 0.866699 0.248047
vt 0.780762 0.103516
vt 0.703125 0.0791016
vt 0.708496 0.0527344
vt 0.80127 0.248047
vt 0.725098 0.248047
vt 0.751953 0.248047
vt 0.639648 0.248047
vt 0.689453 0.248047
vt 0.789062 0.248047
vt 0.761719 0.00585938
vt 0.730469 0.00585938
vt 0.715332 0.034668
vt 0.752441 0.0336914
vt 0.673828 0.0327148
vt 0.775879 0.17627
vt 0.783691 0.175293
vt 0.792969 0.174316
vt 0.776367 0.248047
vt 0.523438 0.0751953
vt 0.51709 0.0961914
vt 0.548828 0.102051
vt 0.552734 0.0751953
vt 0.567383 0.205566
vt 0.571289 0.231934
vt 0.59375 0.230957
vt 0.59375 0.205566
vt 0.570312 0.0170898
vt 0.584961 0.0214844
vt 0.599609 0.00585938
vt 0.584473 0.00585938
vt 0.577148 0.0986328
vt 0.578613 0.0751953
vt 0.578613 0.124512
vt 0.546875 0.123047
vt 0.580078 0.155762
vt 0.588867 0.182129
vt 0.490234 0.146484
vt 0.513184 0.145508
vt 0.513672 0.117188
vt 0.490234 0.115723
vt 0.559082 0.0219727
vt 0.537598 0.19873
vt 0.567871 0.185059
vt 0.538574 0.179199
vt 0.490234 0.0942383
vt 0.58252 0.046875
vt 0.605957 0.248047
vt 0.588867 0.248047
vt 0.636719 0.00585938
vt 0.625 0.0253906
vt 0.556152 0.0478516
vt 0.490234 0.0332031
vt 0.519531 0.0239258
vt 0.543945 0.0209961
vt 0.529297 0.0512695
vt 0.490234 0.074707
vt 0.564453 0.166992
vt 0.547363 0.147461
vt 0.511719 0.195801
vt 0.490234 0.193848
vt 0.512695 0.174805
vt 0.490234 0.171387
vt 0.490234 0.0473633
vt 0.51123 0.0429688
vt 0.490234 0.0581055
vt 0.780273 0.0317383
vt 0.689941 0.00585938
vt 0.783691 0.00585938
vt 0.79834 0.00585938
vt 0.811035 0.00585938
vt 0.829102 0.00585938
vt 0.277832 0.279785
vt 0.270996 0.355469
vt 0.232666 0.349121
vt 0.226807 0.276367
vt 0.273438 0.019043
vt 0.298096 0.0170898
vt 0.290771 0.103516
vt 0.249512 0.097168
vt 0.232422 0.185547
vt 0.283447 0.188477
vt 0.351807 0.283691
vt 0.352295 0.19043
vt 0.240234 0.0947266
vt 0.267822 0.0126953
vt 0.222168 0.185547
vt 0.214478 0.277344
vt 0.26709 0.367188
vt 0.224731 0.356934
vt 0.297852 0.00585938
vt 0.353271 0.0180664
vt 0.353027 0.00537109
vt 0.352783 0.106934
vt 0.351318 0.361816
vt 0.351318 0.375
vt 0.425049 0.280273
vt 0.474365 0.276367
vt 0.468018 0.349609
vt 0.430664 0.355957
vt 0.414307 0.104004
vt 0.407959 0.0180664
vt 0.431641 0.0200195
vt 0.454346 0.0976562
vt 0.420654 0.188965
vt 0.469971 0.186035
vt 0.437256 0.0131836
vt 0.464111 0.0952148
vt 0.480713 0.186035
vt 0.486816 0.277832
vt 0.476074 0.357422
vt 0.434814 0.367676
vt 0.407715 0.00585938
vt 0.277832 0.279785
vt 0.226807 0.276367
vt 0.232666 0.349121
vt 0.270996 0.355469
vt 0.273438 0.019043
vt 0.249512 0.097168
vt 0.290771 0.103516
vt 0.298096 0.0170898
vt 0.232422 0.185547
vt 0.283447 0.188477
vt 0.351807 0.283691
vt 0.352295 0.19043
vt 0.267822 0.0126953
vt 0.240234 0.0947266
vt 0.222168 0.185547
vt 0.214478 0.277344
vt 0.224731 0.356934
vt 0.26709 0.367188
vt 0.297852 0.00585938
vt 0.353271 0.0180664
vt 0.353027 0.00537109
vt 0.352783 0.106934
vt 0.351318 0.361816
vt 0.351318 0.375
vt 0.425049 0.280273
vt 0.430664 0.355957
vt 0.468018 0.349609
vt 0.474365 0.276367
vt 0.414307 0.104004
vt 0.454346 0.0976562
vt 0.431641 0.0200195
vt 0.407959 0.0180664
vt 0.420654 0.188965
vt 0.469971 0.186035
vt 0.464111 0.0952148
vt 0.437256 0.0131836
vt 0.480713 0.186035
vt 0.486816 0.277832
vt 0.434814 0.367676
vt 0.476074 0.357422
vt 0.407715 0.00585938
vt 0.359131 0.652588
vt 0.341064 0.666992
vt 0.326904 0.650146
vt 0.339355 0.644287
vt 0.374023 0.664062
vt 0.385986 0.680908
vt 0.371338 0.696533
vt 0.354492 0.680176
vt 0.412598 0.779663
vt 0.418213 0.754272
vt 0.424072 0.762207
vt 0.418457 0.790283
vt 0.35498 0.847656
vt 0.375 0.846924
vt 0.378174 0.854126
vt 0.361572 0.855347
vt 0.29541 0.778442
vt 0.308838 0.769043
vt 0.331055 0.798218
vt 0.319336 0.806152
vt 0.279785 0.738525
vt 0.269043 0.748047
vt 0.23938 0.685303
vt 0.255615 0.667725
vt 0.281982 0.696533
vt 0.257568 0.708496
vt 0.300781 0.725098
vt 0.324707 0.752197
vt 0.345459 0.777222
vt 0.389893 0.718262
vt 0.381836 0.739502
vt 0.358398 0.717285
vt 0.320557 0.709473
vt 0.30127 0.685791
vt 0.322754 0.678223
vt 0.335938 0.697266
vt 0.282959 0.629883
vt 0.289551 0.636719
vt 0.259766 0.639404
vt 0.251953 0.631348
vt 0.306152 0.655518
vt 0.279541 0.6604
vt 0.342041 0.639893
vt 0.365234 0.647705
vt 0.380371 0.657471
vt 0.392822 0.672119
vt 0.415283 0.730713
vt 0.401367 0.702637
vt 0.408936 0.696777
vt 0.421387 0.72998
vt 0.245728 0.720703
vt 0.227295 0.699463
vt 0.229004 0.642334
vt 0.236694 0.649414
vt 0.224731 0.667236
vt 0.216187 0.659668
vt 0.39209 0.824951
vt 0.395264 0.838989
vt 0.206421 0.675049
vt 0.213257 0.683105
vt 0.341797 0.735107
vt 0.361816 0.75769
vt 0.405762 0.814453
vt 0.399902 0.80542
vt 0.311768 0.634521
vt 0.314453 0.640381
vt 0.408203 0.73999
vt 0.400146 0.761597
vt 0.341309 0.831665
vt 0.352295 0.81958
vt 0.370361 0.800049
vt 0.384033 0.783325
vt 0.409912 0.716797
vt 0.38916 0.682129
vt 0.397461 0.676514
vt 0.415771 0.711182
vt 0.364502 0.700928
vt 0.342041 0.670654
vt 0.366943 0.656494
vt 0.30835 0.745605
vt 0.341553 0.775391
vt 0.318604 0.796265
vt 0.288086 0.763428
vt 0.260986 0.734131
vt 0.279541 0.716064
vt 0.369141 0.753052
vt 0.336426 0.723145
vt 0.308838 0.691406
vt 0.345703 0.825562
vt 0.365479 0.811035
vt 0.387695 0.78894
vt 0.406738 0.820068
vt 0.387451 0.842896
vt 0.39209 0.854248
vt 0.372559 0.854492
vt 0.366455 0.847778
vt 0.412598 0.829956
vt 0.40625 0.769043
vt 0.419922 0.793213
vt 0.387939 0.734619
vt 0.255615 0.692871
vt 0.239624 0.711426
vt 0.283447 0.669678
vt 0.313477 0.65332
vt 0.33252 0.64209
vt 0.373535 0.652588
vt 0.420898 0.756958
vt 0.42749 0.753906
vt 0.426025 0.798828
vt 0.219604 0.689697
vt 0.210205 0.679688
vt 0.21814 0.665039
vt 0.234131 0.67041
vt 0.246338 0.641357
vt 0.261475 0.646484
vt 0.284668 0.628906
vt 0.292725 0.635742
vt 0.335205 0.63501
vt 0.51416 0.76355
vt 0.486084 0.766113
vt 0.489258 0.753418
vt 0.516113 0.751221
vt 0.594727 0.697021
vt 0.596191 0.720459
vt 0.567383 0.720459
vt 0.567383 0.695312
vt 0.59082 0.631348
vt 0.566406 0.63501
vt 0.567383 0.621826
vt 0.595215 0.621338
vt 0.49292 0.63208
vt 0.51416 0.634277
vt 0.512695 0.652832
vt 0.487549 0.650146
vt 0.438477 0.699951
vt 0.439697 0.69751
vt 0.445312 0.700439
vt 0.443848 0.703613
vt 0.599609 0.71875
vt 0.601074 0.743164
vt 0.597168 0.749268
vt 0.570312 0.78894
vt 0.569824 0.778687
vt 0.584961 0.779541
vt 0.584473 0.785767
vt 0.719727 0.52832
vt 0.700195 0.527588
vt 0.704102 0.511475
vt 0.719727 0.513428
vt 0.649902 0.499512
vt 0.663574 0.499023
vt 0.66748 0.513184
vt 0.650391 0.513916
vt 0.455322 0.65625
vt 0.464111 0.634766
vt 0.474609 0.640625
vt 0.466064 0.663086
vt 0.569824 0.749023
vt 0.572266 0.762451
vt 0.542969 0.762207
vt 0.54248 0.749756
vt 0.51123 0.621582
vt 0.539062 0.62207
vt 0.538574 0.637207
vt 0.567871 0.651611
vt 0.540527 0.652832
vt 0.668457 0.544678
vt 0.671387 0.529785
vt 0.685059 0.528564
vt 0.685059 0.544189
vt 0.685547 0.48877
vt 0.702637 0.487793
vt 0.702637 0.499023
vt 0.682617 0.498047
vt 0.542969 0.775635
vt 0.512207 0.776855
vt 0.538086 0.609131
vt 0.568848 0.609619
vt 0.47998 0.669678
vt 0.465332 0.685547
vt 0.455078 0.680664
vt 0.626465 0.655762
vt 0.640137 0.676514
vt 0.628418 0.681152
vt 0.614258 0.659912
vt 0.484863 0.621826
vt 0.600586 0.615479
vt 0.616211 0.634521
vt 0.605469 0.639893
vt 0.601562 0.762695
vt 0.603516 0.774658
vt 0.572754 0.775146
vt 0.477295 0.616211
vt 0.508789 0.609619
vt 0.615723 0.780151
vt 0.615723 0.788452
vt 0.601074 0.785156
vt 0.601562 0.78064
vt 0.535156 0.678955
vt 0.51123 0.68042
vt 0.510254 0.675781
vt 0.535156 0.676758
vt 0.540527 0.656738
vt 0.538086 0.668945
vt 0.535645 0.656982
vt 0.535645 0.652588
vt 0.536621 0.674561
vt 0.540039 0.676758
vt 0.72998 0.510254
vt 0.733887 0.507568
vt 0.73291 0.514404
vt 0.730469 0.513672
vt 0.742676 0.506592
vt 0.743164 0.503174
vt 0.749023 0.504395
vt 0.748047 0.50708
vt 0.734375 0.502197
vt 0.739258 0.50293
vt 0.73877 0.508057
vt 0.742188 0.511475
vt 0.59668 0.67627
vt 0.594727 0.678711
vt 0.567871 0.677979
vt 0.567871 0.673828
vt 0.747559 0.511719
vt 0.733887 0.498047
vt 0.740234 0.499023
vt 0.72998 0.501953
vt 0.730469 0.505127
vt 0.513672 0.723633
vt 0.539062 0.721924
vt 0.535156 0.696045
vt 0.540039 0.696045
vt 0.488037 0.701904
vt 0.51123 0.69873
vt 0.488525 0.726807
vt 0.443604 0.677002
vt 0.598633 0.695312
vt 0.719727 0.537109
vt 0.70166 0.544189
vt 0.650879 0.529297
vt 0.449707 0.705566
vt 0.449463 0.703369
vt 0.647949 0.688965
vt 0.637207 0.693604
vt 0.729492 0.535156
vt 0.732422 0.526123
vt 0.736328 0.526611
vt 0.736816 0.535889
vt 0.738281 0.514648
vt 0.740723 0.514404
vt 0.485107 0.673828
vt 0.470215 0.690186
vt 0.488037 0.682617
vt 0.540527 0.678711
vt 0.601074 0.666504
vt 0.617188 0.685547
vt 0.612793 0.688477
vt 0.597168 0.672852
vt 0.649902 0.486816
vt 0.66748 0.487305
vt 0.594727 0.647949
vt 0.719727 0.499512
vt 0.508789 0.672363
vt 0.569824 0.669922
vt 0.6875 0.514648
vt 0.720215 0.488281
vt 0.482422 0.777954
vt 0.628906 0.779541
vt 0.628418 0.791138
vt 0.485107 0.679199
vt 0.650879 0.53833
vt 0.483643 0.701172
vt 0.484619 0.724609
vt 0.454346 0.705078
vt 0.454102 0.700439
vt 0.630859 0.790771
vt 0.634277 0.802734
vt 0.632812 0.802734
vt 0.446777 0.694824
vt 0.436035 0.689209
vt 0.718262 0.543945
vt 0.479248 0.774414
vt 0.480957 0.764282
vt 0.429688 0.69873
vt 0.437256 0.693848
vt 0.433594 0.69873
vt 0.445801 0.696777
vt 0.45166 0.702148
vt 0.452637 0.708496
vt 0.449951 0.709229
vt 0.451904 0.706055
vt 0.484619 0.753784
vt 0.44043 0.706055
vt 0.48584 0.749756
vt 0.641602 0.813599
vt 0.640137 0.812622
vt 0.628418 0.69873
vt 0.568359 0.788452
vt 0.564453 0.799805
vt 0.563477 0.799805
vt 0.645996 0.69751
vt 0.640137 0.701416
vt 0.638672 0.698975
vt 0.64502 0.696045
vt 0.631348 0.704834
vt 0.631836 0.702393
vt 0.651367 0.544922
vt 0.653809 0.697998
vt 0.648438 0.697754
vt 0.645996 0.693848
vt 0.606445 0.76123
vt 0.607422 0.770386
vt 0.603027 0.748535
vt 0.638184 0.696045
vt 0.630371 0.700684
vt 0.629395 0.706299
vt 0.62793 0.704102
vt 0.632324 0.707031
vt 0.642578 0.703613
vt 0.556152 0.808838
vt 0.554688 0.809448
vt 0.716797 0.296387
vt 0.746094 0.288086
vt 0.742188 0.277832
vt 0.712891 0.289551
vt 0.685059 0.30127
vt 0.686523 0.317871
vt 0.717285 0.3125
vt 0.651855 0.303223
vt 0.652832 0.320312
vt 0.681641 0.294434
vt 0.961914 0.582031
vt 0.960938 0.57373
vt 0.915039 0.562256
vt 0.914551 0.570801
vt 0.996582 0.588867
vt 0.996582 0.579834
vt 0.617188 0.297363
vt 0.617188 0.305664
vt 0.634277 0.304688
vt 0.632324 0.295898
vt 0.617188 0.322754
vt 0.634766 0.321289
vt 0.647461 0.294434
vt 0.772949 0.276367
vt 0.745605 0.304688
vt 0.771484 0.29541
vt 0.769531 0.266113
vt 0.806152 0.264648
vt 0.806641 0.254395
vt 0.806152 0.282715
vt 0.858398 0.55127
vt 0.819336 0.538086
vt 0.819336 0.562988
vt 0.859863 0.574219
vt 0.859375 0.54248
vt 0.819336 0.530273
vt 0.996582 0.606689
vt 0.960938 0.598389
vt 0.914062 0.589111
vt 0.895996 0.295898
vt 0.898438 0.28418
vt 0.870605 0.277344
vt 0.866699 0.287598
vt 0.895508 0.312012
vt 0.92627 0.316895
vt 0.927734 0.300781
vt 0.960449 0.319336
vt 0.961426 0.302246
vt 0.931641 0.291504
vt 0.676758 0.582031
vt 0.724121 0.570801
vt 0.723633 0.562256
vt 0.677734 0.573975
vt 0.64209 0.579834
vt 0.64209 0.588867
vt 0.978516 0.303223
vt 0.996094 0.304688
vt 0.996094 0.295898
vt 0.980957 0.294922
vt 0.996094 0.321289
vt 0.978027 0.320312
vt 0.965332 0.293457
vt 0.839355 0.276367
vt 0.841309 0.294922
vt 0.867188 0.304688
vt 0.843262 0.266113
vt 0.780273 0.55127
vt 0.778809 0.574219
vt 0.779297 0.54248
vt 0.64209 0.606689
vt 0.678223 0.598389
vt 0.724609 0.589111
vt 0.0249329 0.311523
vt 0.00279999 0.299316
vt 0.00279999 0.33252
vt 0.0545044 0.351074
vt 0.0575256 0.32373
vt 0.197998 0.372559
vt 0.210083 0.349609
vt 0.178589 0.347656
vt 0.179199 0.37207
vt 0.00279999 0.292969
vt 0.00279999 0.299316
vt 0.0249329 0.311523
vt 0.0262451 0.305176
vt 0.0582275 0.317871
vt 0.0575256 0.32373
vt 0.122925 0.339844
vt 0.123535 0.335449
vt 0.178589 0.347656
vt 0.179199 0.34375
vt 0.210083 0.349609
vt 0.210083 0.344727
vt 0.0582275 0.317871
vt 0.123535 0.335449
vt 0.12323 0.313477
vt 0.0657349 0.300293
vt 0.179199 0.34375
vt 0.184204 0.316895
vt 0.0262451 0.305176
vt 0.0240479 0.287109
vt 0.00279999 0.288086
vt 0.00279999 0.292969
vt 0.129883 0.166992
vt 0.0932007 0.165527
vt 0.0847168 0.217773
vt 0.123962 0.218262
vt 0.101562 0.121094
vt 0.137451 0.12207
vt 0.110657 0.0761719
vt 0.150635 0.0751953
vt 0.210083 0.31543
vt 0.210083 0.344727
vt 0.210083 0.00292969
vt 0.188965 0.00537109
vt 0.194824 0.0200195
vt 0.210083 0.0166016
vt 0.0196838 0.210449
vt 0.0158997 0.249512
vt 0.0261078 0.261719
vt 0.0348511 0.212891
vt 0.0146637 0.272949
vt 0.0125732 0.260742
vt 0.00279999 0.26416
vt 0.00279999 0.275391
vt 0.0224152 0.15625
vt 0.0437012 0.160156
vt 0.0499878 0.116699
vt 0.0263367 0.11084
vt 0.0588684 0.0751953
vt 0.0334473 0.0693359
vt 0.0700684 0.0439453
vt 0.0830078 0.0356445
vt 0.0744019 0.0170898
vt 0.0513611 0.0322266
vt 0.0153351 0.276855
vt 0.00279999 0.279785
vt 0.195312 0.0234375
vt 0.210083 0.0209961
vt 0.0844727 0.0380859
vt 0.0723267 0.046875
vt 0.0532227 0.120605
vt 0.0619507 0.0786133
vt 0.0456848 0.164551
vt 0.0365601 0.217285
vt 0.0268555 0.265137
vt 0.0249329 0.311523
vt 0.0533447 0.349609
vt 0.00279999 0.331543
vt 0.0709839 0.327148
vt 0.115479 0.338867
vt 0.0910034 0.359863
vt 0.210083 0.373047
vt 0.199585 0.373047
vt 0.00279999 0.292969
vt 0.0262451 0.305176
vt 0.0249329 0.311523
vt 0.00279999 0.299316
vt 0.117126 0.334473
vt 0.115479 0.338867
vt 0.0709839 0.327148
vt 0.0713501 0.321777
vt 0.179199 0.34375
vt 0.178589 0.347656
vt 0.125366 0.305176
vt 0.117126 0.334473
vt 0.0713501 0.321777
vt 0.0748901 0.297852
vt 0.184692 0.313965
vt 0.179199 0.34375
vt 0.0262451 0.305176
vt 0.00279999 0.292969
vt 0.00279999 0.288086
vt 0.0240479 0.287109
vt 0.122864 0.0327148
vt 0.11145 0.0761719
vt 0.0844727 0.0380859
vt 0.0744019 0.0170898
vt 0.116882 0.0126953
vt 0.122803 0.0302734
vt 0.0830078 0.0356445
vt 0.192017 0.0205078
vt 0.185181 0.00537109
vt 0.0196838 0.210449
vt 0.0348511 0.212891
vt 0.0261078 0.261719
vt 0.0158997 0.249512
vt 0.0146637 0.272949
vt 0.00279999 0.275391
vt 0.00279999 0.26416
vt 0.0125732 0.260742
vt 0.0224152 0.15625
vt 0.0437012 0.160156
vt 0.0263367 0.11084
vt 0.0499878 0.116699
vt 0.0334473 0.0693359
vt 0.0588684 0.0751953
vt 0.0700684 0.0439453
vt 0.0513611 0.0322266
vt 0.0153351 0.276855
vt 0.00279999 0.279785
vt 0.192627 0.0239258
vt 0.0723267 0.046875
vt 0.0619507 0.0786133
vt 0.0532227 0.120605
vt 0.0456848 0.164551
vt 0.0365601 0.217285
vt 0.0268555 0.265137
vt 0.103516 0.121094
vt 0.0953979 0.166016
vt 0.0869141 0.217773
vt 0.122925 0.339844
vt 0.124084 0.365723
vt 0.178589 0.347656
vt 0.179199 0.37207
vt 0.126709 0.367676
vt 0.167358 0.0268555
vt 0.124634 0.0327148
vt 0.166138 0.0244141
vt 0.167725 0.0263672
vt 0.15979 0.00830078
vt 0.166382 0.0244141
vt 0.124268 0.0302734
vt 0.157959 0.00830078
vt 0.121948 0.012207
vt 0.301514 0.306641
vt 0.244751 0.299805
vt 0.245483 0.330566
vt 0.300293 0.336426
vt 0.276367 0.0732422
vt 0.313232 0.0771484
vt 0.316406 0.0410156
vt 0.288086 0.0415039
vt 0.262207 0.128906
vt 0.310059 0.131836
vt 0.282715 0.034668
vt 0.317383 0.0327148
vt 0.268555 0.0703125
vt 0.253174 0.12793
vt 0.251953 0.187012
vt 0.306396 0.188965
vt 0.242676 0.185547
vt 0.303711 0.255371
vt 0.246826 0.250977
vt 0.236572 0.251465
vt 0.234497 0.300781
vt 0.351807 0.309082
vt 0.352051 0.258301
vt 0.239014 0.339844
vt 0.300049 0.347656
vt 0.227661 0.251465
vt 0.22583 0.300781
vt 0.232666 0.349121
vt 0.232422 0.185547
vt 0.241821 0.126953
vt 0.273438 0.019043
vt 0.257324 0.0673828
vt 0.31665 0.0175781
vt 0.267822 0.0126953
vt 0.248169 0.0644531
vt 0.232422 0.124512
vt 0.222168 0.185547
vt 0.213867 0.252441
vt 0.214966 0.302246
vt 0.224731 0.356934
vt 0.294434 0.369629
vt 0.297852 0.359375
vt 0.316406 0.00537109
vt 0.352783 0.0800781
vt 0.353027 0.0419922
vt 0.353271 0.0322266
vt 0.352295 0.19043
vt 0.352539 0.133789
vt 0.35083 0.363281
vt 0.351562 0.351562
vt 0.455811 0.331543
vt 0.457031 0.300293
vt 0.409668 0.306641
vt 0.410645 0.336426
vt 0.395508 0.0415039
vt 0.398926 0.0776367
vt 0.428223 0.0737305
vt 0.416992 0.0424805
vt 0.4021 0.132324
vt 0.44165 0.129883
vt 0.422852 0.0351562
vt 0.394775 0.0332031
vt 0.436279 0.0712891
vt 0.450439 0.128418
vt 0.405518 0.189453
vt 0.450928 0.187988
vt 0.460205 0.186035
vt 0.407715 0.255371
vt 0.455322 0.251465
vt 0.465332 0.251953
vt 0.466797 0.300781
vt 0.461914 0.340332
vt 0.474854 0.300781
vt 0.473877 0.251953
vt 0.468018 0.349609
vt 0.469971 0.186035
vt 0.461426 0.127441
vt 0.447021 0.0678711
vt 0.431641 0.0200195
vt 0.395996 0.0180664
vt 0.456543 0.0649414
vt 0.437256 0.0131836
vt 0.471436 0.125488
vt 0.480713 0.186035
vt 0.487793 0.25293
vt 0.486084 0.302734
vt 0.411621 0.369629
vt 0.476074 0.357422
vt 0.410889 0.359375
vt 0.395508 0.00585938
vt 0.40918 0.347656
vt 0.351562 0.339844
vt 0.353027 0.00537109
vt 0.353271 0.0180664
vt 0.351318 0.375
vt 0.0796509 0.266113
vt 0.123474 0.268555
vt 0.125122 0.218262
vt 0.133301 0.166992
vt 0.141479 0.12207
vt 0.154663 0.0751953
vt 0.00279999 0.299316
vt 0.0767212 0.267578
vt 0.119995 0.268555
vt 0.0249329 0.311523
vt 0.0575256 0.32373
vt 0.0545044 0.351074
vt 0.197998 0.372559
vt 0.179199 0.37207
vt 0.178589 0.347656
vt 0.210083 0.349609
vt 0.0262451 0.305176
vt 0.0249329 0.311523
vt 0.0582275 0.317871
vt 0.123535 0.335449
vt 0.122925 0.339844
vt 0.0575256 0.32373
vt 0.179199 0.34375
vt 0.178589 0.347656
vt 0.210083 0.344727
vt 0.210083 0.349609
vt 0.0582275 0.317871
vt 0.0657349 0.300293
vt 0.12323 0.313477
vt 0.123535 0.335449
vt 0.184204 0.316895
vt 0.179199 0.34375
vt 0.0262451 0.305176
vt 0.0240479 0.287109
vt 0.129883 0.166992
vt 0.123962 0.218262
vt 0.0847168 0.217773
vt 0.0932007 0.165527
vt 0.101562 0.121094
vt 0.137451 0.12207
vt 0.110657 0.0761719
vt 0.150635 0.0751953
vt 0.210083 0.31543
vt 0.210083 0.344727
vt 0.210083 0.00292969
vt 0.210083 0.0166016
vt 0.194824 0.0200195
vt 0.188965 0.00537109
vt 0.0196838 0.210449
vt 0.0348511 0.212891
vt 0.0261078 0.261719
vt 0.0158997 0.249512
vt 0.0146637 0.272949
vt 0.0125732 0.260742
vt 0.0224152 0.15625
vt 0.0437012 0.160156
vt 0.0263367 0.11084
vt 0.0499878 0.116699
vt 0.0334473 0.0693359
vt 0.0588684 0.0751953
vt 0.0700684 0.0439453
vt 0.0513611 0.0322266
vt 0.0744019 0.0170898
vt 0.0830078 0.0356445
vt 0.0153351 0.276855
vt 0.210083 0.0209961
vt 0.195312 0.0234375
vt 0.0844727 0.0380859
vt 0.0723267 0.046875
vt 0.0619507 0.0786133
vt 0.0532227 0.120605
vt 0.0456848 0.164551
vt 0.0365601 0.217285
vt 0.0268555 0.265137
vt 0.0249329 0.311523
vt 0.0533447 0.349609
vt 0.0709839 0.327148
vt 0.115479 0.338867
vt 0.0910034 0.359863
vt 0.210083 0.373047
vt 0.199585 0.373047
vt 0.0249329 0.311523
vt 0.0262451 0.305176
vt 0.117126 0.334473
vt 0.0713501 0.321777
vt 0.0709839 0.327148
vt 0.115479 0.338867
vt 0.178589 0.347656
vt 0.179199 0.34375
vt 0.125366 0.305176
vt 0.0748901 0.297852
vt 0.0713501 0.321777
vt 0.117126 0.334473
vt 0.184692 0.313965
vt 0.179199 0.34375
vt 0.0262451 0.305176
vt 0.0240479 0.287109
vt 0.122864 0.0327148
vt 0.0844727 0.0380859
vt 0.11145 0.0761719
vt 0.0744019 0.0170898
vt 0.0830078 0.0356445
vt 0.122803 0.0302734
vt 0.116882 0.0126953
vt 0.185181 0.00537109
vt 0.192017 0.0205078
vt 0.0196838 0.210449
vt 0.0158997 0.249512
vt 0.0261078 0.261719
vt 0.0348511 0.212891
vt 0.0146637 0.272949
vt 0.0125732 0.260742
vt 0.0224152 0.15625
vt 0.0437012 0.160156
vt 0.0499878 0.116699
vt 0.0263367 0.11084
vt 0.0588684 0.0751953
vt 0.0334473 0.0693359
vt 0.0700684 0.0439453
vt 0.0513611 0.0322266
vt 0.0153351 0.276855
vt 0.192627 0.0239258
vt 0.0723267 0.046875
vt 0.0532227 0.120605
vt 0.0619507 0.0786133
vt 0.0456848 0.164551
vt 0.0365601 0.217285
vt 0.0268555 0.265137
vt 0.103516 0.121094
vt 0.0953979 0.166016
vt 0.0869141 0.217773
vt 0.124084 0.365723
vt 0.122925 0.339844
vt 0.126709 0.367676
vt 0.179199 0.37207
vt 0.178589 0.347656
vt 0.124634 0.0327148
vt 0.167358 0.0268555
vt 0.166138 0.0244141
vt 0.167725 0.0263672
vt 0.15979 0.00830078
vt 0.124268 0.0302734
vt 0.166382 0.0244141
vt 0.121948 0.012207
vt 0.157959 0.00830078
vt 0.301514 0.306641
vt 0.300293 0.336426
vt 0.245483 0.330566
vt 0.244751 0.299805
vt 0.276367 0.0732422
vt 0.288086 0.0415039
vt 0.316406 0.0410156
vt 0.313232 0.0771484
vt 0.310059 0.131836
vt 0.262207 0.128906
vt 0.282715 0.034668
vt 0.317383 0.0327148
vt 0.268555 0.0703125
vt 0.253174 0.12793
vt 0.306396 0.188965
vt 0.251953 0.187012
vt 0.242676 0.185547
vt 0.303711 0.255371
vt 0.246826 0.250977
vt 0.236572 0.251465
vt 0.234497 0.300781
vt 0.351807 0.309082
vt 0.352051 0.258301
vt 0.239014 0.339844
vt 0.300049 0.347656
vt 0.22583 0.300781
vt 0.227661 0.251465
vt 0.232666 0.349121
vt 0.232422 0.185547
vt 0.241821 0.126953
vt 0.257324 0.0673828
vt 0.273438 0.019043
vt 0.31665 0.0175781
vt 0.248169 0.0644531
vt 0.267822 0.0126953
vt 0.232422 0.124512
vt 0.222168 0.185547
vt 0.213867 0.252441
vt 0.214966 0.302246
vt 0.224731 0.356934
vt 0.297852 0.359375
vt 0.294434 0.369629
vt 0.316406 0.00537109
vt 0.353027 0.0419922
vt 0.352783 0.0800781
vt 0.353271 0.0322266
vt 0.352539 0.133789
vt 0.352295 0.19043
vt 0.35083 0.363281
vt 0.351562 0.351562
vt 0.455811 0.331543
vt 0.410645 0.336426
vt 0.409668 0.306641
vt 0.457031 0.300293
vt 0.395508 0.0415039
vt 0.416992 0.0424805
vt 0.428223 0.0737305
vt 0.398926 0.0776367
vt 0.44165 0.129883
vt 0.4021 0.132324
vt 0.394775 0.0332031
vt 0.422852 0.0351562
vt 0.436279 0.0712891
vt 0.450439 0.128418
vt 0.450928 0.187988
vt 0.405518 0.189453
vt 0.460205 0.186035
vt 0.455322 0.251465
vt 0.407715 0.255371
vt 0.465332 0.251953
vt 0.466797 0.300781
vt 0.461914 0.340332
vt 0.473877 0.251953
vt 0.474854 0.300781
vt 0.468018 0.349609
vt 0.469971 0.186035
vt 0.461426 0.127441
vt 0.431641 0.0200195
vt 0.447021 0.0678711
vt 0.395996 0.0180664
vt 0.437256 0.0131836
vt 0.456543 0.0649414
vt 0.471436 0.125488
vt 0.480713 0.186035
vt 0.487793 0.25293
vt 0.486084 0.302734
vt 0.411621 0.369629
vt 0.410889 0.359375
vt 0.476074 0.357422
vt 0.395508 0.00585938
vt 0.40918 0.347656
vt 0.351562 0.339844
vt 0.353027 0.00537109
vt 0.353271 0.0180664
vt 0.351318 0.375
vt 0.123474 0.268555
vt 0.0796509 0.266113
vt 0.125122 0.218262
vt 0.133301 0.166992
vt 0.141479 0.12207
vt 0.154663 0.0751953
vt 0.0767212 0.267578
vt 0.119995 0.268555
vt 0.202271 0.743896
vt 0.198242 0.706787
vt 0.207764 0.704102
vt 0.211182 0.743408
vt 0.223022 0.765625
vt 0.215576 0.769531
vt 0.212891 0.658447
vt 0.196899 0.647705
vt 0.199219 0.623047
vt 0.217163 0.62915
vt 0.219482 0.609131
vt 0.202393 0.601074
vt 0.270996 0.543945
vt 0.235107 0.577148
vt 0.22998 0.558594
vt 0.260986 0.536377
vt 0.321045 0.516113
vt 0.315918 0.507324
vt 0.5 0.789062
vt 0.509277 0.793823
vt 0.471191 0.832642
vt 0.468262 0.828247
vt 0.407715 0.85083
vt 0.437012 0.84375
vt 0.439697 0.854126
vt 0.407715 0.862183
vt 0.372314 0.862061
vt 0.365479 0.850952
vt 0.340088 0.856567
vt 0.283447 0.819092
vt 0.275879 0.824707
vt 0.24353 0.798462
vt 0.251709 0.792725
vt 0.320312 0.838135
vt 0.314697 0.845459
vt 0.453857 0.84436
vt 0.452148 0.835571
vt 0.200073 0.671631
vt 0.227905 0.590332
vt 0.208496 0.584473
vt 0.22583 0.734619
vt 0.211182 0.743408
vt 0.207764 0.704102
vt 0.221191 0.69873
vt 0.238159 0.756104
vt 0.223022 0.765625
vt 0.224365 0.657227
vt 0.212891 0.658447
vt 0.217163 0.62915
vt 0.226929 0.631836
vt 0.232178 0.612793
vt 0.219482 0.609131
vt 0.280029 0.551514
vt 0.248901 0.584229
vt 0.235107 0.577148
vt 0.270996 0.543945
vt 0.325684 0.524414
vt 0.321045 0.516113
vt 0.466309 0.821167
vt 0.492188 0.784912
vt 0.5 0.789062
vt 0.468262 0.828247
vt 0.416748 0.838135
vt 0.432129 0.836182
vt 0.437012 0.84375
vt 0.407715 0.85083
vt 0.365479 0.850952
vt 0.376465 0.834595
vt 0.296387 0.805786
vt 0.283447 0.819092
vt 0.251709 0.792725
vt 0.265381 0.781006
vt 0.33252 0.821899
vt 0.320312 0.838135
vt 0.452148 0.835571
vt 0.448486 0.828247
vt 0.239258 0.5979
vt 0.227905 0.590332
vt 0.221191 0.69873
vt 0.241699 0.686523
vt 0.249268 0.719727
vt 0.22583 0.734619
vt 0.262207 0.73999
vt 0.238159 0.756104
vt 0.376465 0.834595
vt 0.383789 0.824463
vt 0.416748 0.838135
vt 0.296387 0.805786
vt 0.265381 0.781006
vt 0.286133 0.762817
vt 0.313965 0.786377
vt 0.33252 0.821899
vt 0.344971 0.805542
vt 0.224365 0.657227
vt 0.239868 0.650146
vt 0.226929 0.631836
vt 0.236694 0.628662
vt 0.416748 0.838135
vt 0.421631 0.831909
vt 0.432129 0.836182
vt 0.241699 0.686523
vt 0.262207 0.674316
vt 0.272705 0.704834
vt 0.249268 0.719727
vt 0.286133 0.723633
vt 0.262207 0.73999
vt 0.391113 0.814331
vt 0.383789 0.824463
vt 0.307129 0.744629
vt 0.331543 0.766968
vt 0.313965 0.786377
vt 0.286133 0.762817
vt 0.357422 0.789307
vt 0.344971 0.805542
vt 0.239868 0.650146
vt 0.255371 0.643311
vt 0.236694 0.628662
vt 0.246338 0.625244
vt 0.272705 0.704834
vt 0.262207 0.674316
vt 0.284668 0.656494
vt 0.297852 0.684082
vt 0.286133 0.723633
vt 0.311279 0.70166
vt 0.391113 0.814331
vt 0.410889 0.795166
vt 0.437012 0.817627
vt 0.421631 0.831909
vt 0.307129 0.744629
vt 0.331299 0.722168
vt 0.356201 0.743652
vt 0.331543 0.766968
vt 0.381104 0.768311
vt 0.357422 0.789307
vt 0.255371 0.643311
vt 0.273926 0.628662
vt 0.448486 0.828247
vt 0.432129 0.836182
vt 0.246338 0.625244
vt 0.263916 0.613037
vt 0.381104 0.768311
vt 0.403809 0.747314
vt 0.430908 0.776978
vt 0.410889 0.795166
vt 0.297852 0.684082
vt 0.284668 0.656494
vt 0.307861 0.639648
vt 0.322998 0.664062
vt 0.311279 0.70166
vt 0.335938 0.68042
vt 0.449707 0.805176
vt 0.437012 0.817627
vt 0.331299 0.722168
vt 0.35498 0.700439
vt 0.380127 0.720459
vt 0.356201 0.743652
vt 0.273926 0.628662
vt 0.292236 0.614502
vt 0.466309 0.821167
vt 0.448486 0.828247
vt 0.263916 0.613037
vt 0.280518 0.60083
vt 0.357666 0.632324
vt 0.322998 0.664062
vt 0.307861 0.639648
vt 0.338379 0.612061
vt 0.372314 0.647217
vt 0.335938 0.68042
vt 0.391357 0.666992
vt 0.411865 0.692627
vt 0.380127 0.720459
vt 0.35498 0.700439
vt 0.43335 0.722656
vt 0.403809 0.747314
vt 0.455322 0.75647
vt 0.430908 0.776978
vt 0.292236 0.614502
vt 0.3125 0.592773
vt 0.474121 0.786621
vt 0.449707 0.805176
vt 0.47876 0.796753
vt 0.466309 0.821167
vt 0.280518 0.60083
vt 0.294678 0.582275
vt 0.202271 0.743896
vt 0.211182 0.743408
vt 0.207764 0.704102
vt 0.198242 0.706787
vt 0.223022 0.765625
vt 0.215576 0.769531
vt 0.212891 0.658447
vt 0.217163 0.62915
vt 0.199219 0.623047
vt 0.196899 0.647705
vt 0.219482 0.609131
vt 0.202393 0.601074
vt 0.270996 0.543945
vt 0.260986 0.536377
vt 0.22998 0.558594
vt 0.235107 0.577148
vt 0.321045 0.516113
vt 0.315918 0.507324
vt 0.5 0.789062
vt 0.468262 0.828247
vt 0.471191 0.832642
vt 0.509277 0.793823
vt 0.407715 0.85083
vt 0.407715 0.862183
vt 0.439697 0.854126
vt 0.437012 0.84375
vt 0.365479 0.850952
vt 0.372314 0.862061
vt 0.340088 0.856567
vt 0.283447 0.819092
vt 0.251709 0.792725
vt 0.24353 0.798462
vt 0.275879 0.824707
vt 0.314697 0.845459
vt 0.320312 0.838135
vt 0.452148 0.835571
vt 0.453857 0.84436
vt 0.200073 0.671631
vt 0.227905 0.590332
vt 0.208496 0.584473
vt 0.22583 0.734619
vt 0.221191 0.69873
vt 0.207764 0.704102
vt 0.211182 0.743408
vt 0.238159 0.756104
vt 0.223022 0.765625
vt 0.224365 0.657227
vt 0.226929 0.631836
vt 0.217163 0.62915
vt 0.212891 0.658447
vt 0.232178 0.612793
vt 0.219482 0.609131
vt 0.280029 0.551514
vt 0.270996 0.543945
vt 0.235107 0.577148
vt 0.248901 0.584229
vt 0.325684 0.524414
vt 0.321045 0.516113
vt 0.466309 0.821167
vt 0.468262 0.828247
vt 0.5 0.789062
vt 0.492188 0.784912
vt 0.416748 0.838135
vt 0.407715 0.85083
vt 0.437012 0.84375
vt 0.432129 0.836182
vt 0.376465 0.834595
vt 0.365479 0.850952
vt 0.296387 0.805786
vt 0.265381 0.781006
vt 0.251709 0.792725
vt 0.283447 0.819092
vt 0.320312 0.838135
vt 0.33252 0.821899
vt 0.452148 0.835571
vt 0.448486 0.828247
vt 0.239258 0.5979
vt 0.227905 0.590332
vt 0.221191 0.69873
vt 0.22583 0.734619
vt 0.249268 0.719727
vt 0.241699 0.686523
vt 0.238159 0.756104
vt 0.262207 0.73999
vt 0.376465 0.834595
vt 0.416748 0.838135
vt 0.383789 0.824463
vt 0.296387 0.805786
vt 0.313965 0.786377
vt 0.286133 0.762817
vt 0.265381 0.781006
vt 0.33252 0.821899
vt 0.344971 0.805542
vt 0.224365 0.657227
vt 0.239868 0.650146
vt 0.226929 0.631836
vt 0.236694 0.628662
vt 0.416748 0.838135
vt 0.432129 0.836182
vt 0.421631 0.831909
vt 0.241699 0.686523
vt 0.249268 0.719727
vt 0.272705 0.704834
vt 0.262207 0.674316
vt 0.262207 0.73999
vt 0.286133 0.723633
vt 0.391113 0.814331
vt 0.383789 0.824463
vt 0.307129 0.744629
vt 0.286133 0.762817
vt 0.313965 0.786377
vt 0.331543 0.766968
vt 0.344971 0.805542
vt 0.357422 0.789307
vt 0.239868 0.650146
vt 0.255371 0.643311
vt 0.236694 0.628662
vt 0.246338 0.625244
vt 0.272705 0.704834
vt 0.297852 0.684082
vt 0.284668 0.656494
vt 0.262207 0.674316
vt 0.286133 0.723633
vt 0.311279 0.70166
vt 0.391113 0.814331
vt 0.421631 0.831909
vt 0.437012 0.817627
vt 0.410889 0.795166
vt 0.307129 0.744629
vt 0.331543 0.766968
vt 0.356201 0.743652
vt 0.331299 0.722168
vt 0.357422 0.789307
vt 0.381104 0.768311
vt 0.273926 0.628662
vt 0.255371 0.643311
vt 0.432129 0.836182
vt 0.448486 0.828247
vt 0.263916 0.613037
vt 0.246338 0.625244
vt 0.381104 0.768311
vt 0.410889 0.795166
vt 0.430908 0.776978
vt 0.403809 0.747314
vt 0.297852 0.684082
vt 0.322998 0.664062
vt 0.307861 0.639648
vt 0.284668 0.656494
vt 0.311279 0.70166
vt 0.335938 0.68042
vt 0.437012 0.817627
vt 0.449707 0.805176
vt 0.331299 0.722168
vt 0.356201 0.743652
vt 0.380127 0.720459
vt 0.35498 0.700439
vt 0.292236 0.614502
vt 0.273926 0.628662
vt 0.448486 0.828247
vt 0.466309 0.821167
vt 0.263916 0.613037
vt 0.280518 0.60083
vt 0.357666 0.632324
vt 0.338379 0.612061
vt 0.307861 0.639648
vt 0.322998 0.664062
vt 0.335938 0.68042
vt 0.372314 0.647217
vt 0.391357 0.666992
vt 0.35498 0.700439
vt 0.380127 0.720459
vt 0.411865 0.692627
vt 0.403809 0.747314
vt 0.43335 0.722656
vt 0.430908 0.776978
vt 0.455322 0.75647
vt 0.3125 0.592773
vt 0.292236 0.614502
vt 0.449707 0.805176
vt 0.474121 0.786621
vt 0.466309 0.821167
vt 0.47876 0.796753
vt 0.280518 0.60083
vt 0.294678 0.582275
vt 0.563965 0.50415
vt 0.569824 0.46582
vt 0.61084 0.494141
vt 0.612305 0.519043
vt 0.488281 0.501221
vt 0.488037 0.431641
vt 0.521973 0.442871
vt 0.522461 0.499512
vt 0.33667 0.519287
vt 0.345459 0.510742
vt 0.370117 0.523926
vt 0.445801 0.508057
vt 0.449463 0.447754
vt 0.488525 0.541748
vt 0.446289 0.544434
vt 0.401855 0.543701
vt 0.367432 0.539062
vt 0.402588 0.516846
vt 0.556641 0.537354
vt 0.521484 0.54126
vt 0.373047 0.491699
vt 0.404785 0.472168
vt 0.449463 0.442871
vt 0.487793 0.427246
vt 0.488037 0.431641
vt 0.449463 0.447754
vt 0.487793 0.427246
vt 0.521973 0.438477
vt 0.521973 0.442871
vt 0.488037 0.431641
vt 0.570312 0.461426
vt 0.569824 0.46582
vt 0.33667 0.519287
vt 0.332275 0.517334
vt 0.342285 0.508545
vt 0.404785 0.472168
vt 0.373047 0.491699
vt 0.371338 0.487793
vt 0.405029 0.466797
vt 0.61084 0.494141
vt 0.61377 0.490723
vt 0.588867 0.532715
vt 0.615723 0.500732
vt 0.619629 0.497559
vt 0.615723 0.500732
vt 0.618164 0.51709
vt 0.345459 0.510742
vt 0.328857 0.536621
vt 0.488281 0.575439
vt 0.445068 0.574219
vt 0.446289 0.547852
vt 0.489746 0.545654
vt 0.594727 0.5625
vt 0.620605 0.533447
vt 0.651367 0.557373
vt 0.524414 0.574707
vt 0.521484 0.545166
vt 0.5625 0.568848
vt 0.556641 0.540527
vt 0.398926 0.571289
vt 0.360107 0.567383
vt 0.369385 0.541992
vt 0.404053 0.546143
vt 0.588867 0.535645
vt 0.620605 0.533447
vt 0.594727 0.5625
vt 0.329834 0.540527
vt 0.360107 0.567383
vt 0.300781 0.563721
vt 0.329834 0.540527
vt 0.481445 0.604004
vt 0.437256 0.602051
vt 0.617188 0.583984
vt 0.592285 0.592285
vt 0.520508 0.602783
vt 0.563477 0.597412
vt 0.395264 0.600098
vt 0.361084 0.596191
vt 0.332764 0.5896
vt 0.594727 0.5625
vt 0.651367 0.557373
vt 0.617188 0.583984
vt 0.300781 0.563721
vt 0.360107 0.567383
vt 0.332764 0.5896
vt 0.300049 0.558594
vt 0.328857 0.536621
vt 0.329834 0.540527
vt 0.300781 0.563721
vt 0.481445 0.60791
vt 0.437744 0.606201
vt 0.651855 0.562012
vt 0.618652 0.588623
vt 0.651367 0.557373
vt 0.592773 0.5979
vt 0.52002 0.606934
vt 0.562988 0.602051
vt 0.395508 0.604004
vt 0.361084 0.600342
vt 0.331543 0.593018
vt 0.299805 0.568359
vt 0.300781 0.563721
vt 0.567871 0.402344
vt 0.607422 0.442871
vt 0.601562 0.443848
vt 0.564453 0.405762
vt 0.445312 0.376953
vt 0.480225 0.35791
vt 0.486816 0.361816
vt 0.44751 0.383301
vt 0.494385 0.359863
vt 0.526367 0.374023
vt 0.523926 0.378906
vt 0.36084 0.45752
vt 0.401123 0.412598
vt 0.405029 0.415039
vt 0.366943 0.458008
vt 0.335693 0.505859
vt 0.342285 0.508545
vt 0.619141 0.488281
vt 0.61377 0.490723
vt 0.326416 0.533447
vt 0.332275 0.517334
vt 0.619629 0.497559
vt 0.623535 0.515625
vt 0.620117 0.529297
vt 0.624512 0.5271
vt 0.651367 0.557373
vt 0.620605 0.533447
vt 0.620117 0.529297
vt 0.652832 0.553223
vt 0.44751 0.383301
vt 0.486816 0.361816
vt 0.487793 0.427246
vt 0.449463 0.442871
vt 0.371338 0.487793
vt 0.342285 0.508545
vt 0.366943 0.458008
vt 0.405029 0.415039
vt 0.405029 0.466797
vt 0.523926 0.378906
vt 0.521973 0.438477
vt 0.564453 0.405762
vt 0.570312 0.461426
vt 0.601562 0.443848
vt 0.61377 0.490723
vt 0.521484 0.545166
vt 0.489746 0.545654
vt 0.488525 0.541748
vt 0.521484 0.54126
vt 0.556641 0.540527
vt 0.556641 0.537354
vt 0.588867 0.535645
vt 0.588867 0.532715
vt 0.620117 0.529297
vt 0.620605 0.533447
vt 0.900391 0.495117
vt 0.914551 0.481934
vt 0.923828 0.483398
vt 0.958984 0.487793
vt 0.94043 0.483887
vt 0.941895 0.469238
vt 0.953613 0.477539
vt 0.930176 0.473145
vt 0.96875 0.491211
vt 0.97998 0.509766
vt 0.988281 0.541504
vt 0.997559 0.550293
vt 0.984863 0.556641
vt 0.876465 0.531494
vt 0.888184 0.523682
vt 0.888672 0.540527
vt 0.938965 0.505859
vt 0.895996 0.510986
vt 0.983398 0.528809
vt 0.892578 0.513184
vt 0.894043 0.511475
vt 0.905273 0.518555
vt 0.985352 0.530518
vt 0.987305 0.53418
vt 0.967773 0.534912
vt 0.935547 0.543945
vt 0.968262 0.543701
vt 0.948242 0.552979
vt 0.933594 0.550537
vt 0.900879 0.526367
vt 0.921387 0.549561
vt 0.907227 0.546143
vt 0.974609 0.555908
vt 0.962402 0.554443
vt 0.896973 0.543457
vt 0.987793 0.540283
vt 0.891602 0.519287
vt 0.890137 0.523438
vt 0.890137 0.523438
vt 0.888672 0.540527
vt 0.888184 0.523682
vt 0.563965 0.50415
vt 0.612305 0.519043
vt 0.61084 0.494141
vt 0.569824 0.46582
vt 0.488281 0.501221
vt 0.522461 0.499512
vt 0.521973 0.442871
vt 0.488037 0.431641
vt 0.33667 0.519287
vt 0.370117 0.523926
vt 0.345459 0.510742
vt 0.445801 0.508057
vt 0.449463 0.447754
vt 0.488525 0.541748
vt 0.446289 0.544434
vt 0.401855 0.543701
vt 0.402588 0.516846
vt 0.367432 0.539062
vt 0.556641 0.537354
vt 0.521484 0.54126
vt 0.373047 0.491699
vt 0.404785 0.472168
vt 0.449463 0.442871
vt 0.449463 0.447754
vt 0.488037 0.431641
vt 0.487793 0.427246
vt 0.487793 0.427246
vt 0.488037 0.431641
vt 0.521973 0.442871
vt 0.521973 0.438477
vt 0.569824 0.46582
vt 0.570312 0.461426
vt 0.33667 0.519287
vt 0.342285 0.508545
vt 0.332275 0.517334
vt 0.404785 0.472168
vt 0.405029 0.466797
vt 0.371338 0.487793
vt 0.373047 0.491699
vt 0.61084 0.494141
vt 0.61377 0.490723
vt 0.588867 0.532715
vt 0.615723 0.500732
vt 0.619629 0.497559
vt 0.618164 0.51709
vt 0.615723 0.500732
vt 0.345459 0.510742
vt 0.328857 0.536621
vt 0.488281 0.575439
vt 0.489746 0.545654
vt 0.446289 0.547852
vt 0.445068 0.574219
vt 0.594727 0.5625
vt 0.651367 0.557373
vt 0.620605 0.533447
vt 0.524414 0.574707
vt 0.521484 0.545166
vt 0.5625 0.568848
vt 0.556641 0.540527
vt 0.398926 0.571289
vt 0.404053 0.546143
vt 0.369385 0.541992
vt 0.360107 0.567383
vt 0.588867 0.535645
vt 0.594727 0.5625
vt 0.620605 0.533447
vt 0.329834 0.540527
vt 0.300781 0.563721
vt 0.360107 0.567383
vt 0.329834 0.540527
vt 0.481445 0.604004
vt 0.437256 0.602051
vt 0.592285 0.592285
vt 0.617188 0.583984
vt 0.520508 0.602783
vt 0.563477 0.597412
vt 0.395264 0.600098
vt 0.361084 0.596191
vt 0.332764 0.5896
vt 0.594727 0.5625
vt 0.617188 0.583984
vt 0.651367 0.557373
vt 0.300781 0.563721
vt 0.332764 0.5896
vt 0.360107 0.567383
vt 0.300049 0.558594
vt 0.300781 0.563721
vt 0.329834 0.540527
vt 0.328857 0.536621
vt 0.481445 0.60791
vt 0.437744 0.606201
vt 0.651855 0.562012
vt 0.651367 0.557373
vt 0.618652 0.588623
vt 0.592773 0.5979
vt 0.52002 0.606934
vt 0.562988 0.602051
vt 0.395508 0.604004
vt 0.361084 0.600342
vt 0.331543 0.593018
vt 0.300781 0.563721
vt 0.299805 0.568359
vt 0.567871 0.402344
vt 0.564453 0.405762
vt 0.601562 0.443848
vt 0.607422 0.442871
vt 0.445312 0.376953
vt 0.44751 0.383301
vt 0.486816 0.361816
vt 0.480225 0.35791
vt 0.494385 0.359863
vt 0.523926 0.378906
vt 0.526367 0.374023
vt 0.36084 0.45752
vt 0.366943 0.458008
vt 0.405029 0.415039
vt 0.401123 0.412598
vt 0.335693 0.505859
vt 0.342285 0.508545
vt 0.61377 0.490723
vt 0.619141 0.488281
vt 0.326416 0.533447
vt 0.332275 0.517334
vt 0.619629 0.497559
vt 0.623535 0.515625
vt 0.620117 0.529297
vt 0.624512 0.5271
vt 0.651367 0.557373
vt 0.652832 0.553223
vt 0.620117 0.529297
vt 0.620605 0.533447
vt 0.44751 0.383301
vt 0.449463 0.442871
vt 0.487793 0.427246
vt 0.486816 0.361816
vt 0.371338 0.487793
vt 0.366943 0.458008
vt 0.342285 0.508545
vt 0.405029 0.415039
vt 0.405029 0.466797
vt 0.521973 0.438477
vt 0.523926 0.378906
vt 0.570312 0.461426
vt 0.564453 0.405762
vt 0.601562 0.443848
vt 0.61377 0.490723
vt 0.521484 0.545166
vt 0.521484 0.54126
vt 0.488525 0.541748
vt 0.489746 0.545654
vt 0.556641 0.540527
vt 0.556641 0.537354
vt 0.588867 0.535645
vt 0.588867 0.532715
vt 0.620605 0.533447
vt 0.620117 0.529297
vt 0.900391 0.495117
vt 0.923828 0.483398
vt 0.914551 0.481934
vt 0.958984 0.487793
vt 0.953613 0.477539
vt 0.941895 0.469238
vt 0.94043 0.483887
vt 0.930176 0.473145
vt 0.96875 0.491211
vt 0.97998 0.509766
vt 0.988281 0.541504
vt 0.984863 0.556641
vt 0.997559 0.550293
vt 0.876465 0.531494
vt 0.888672 0.540527
vt 0.888184 0.523682
vt 0.938965 0.505859
vt 0.895996 0.510986
vt 0.983398 0.528809
vt 0.892578 0.513184
vt 0.905273 0.518555
vt 0.894043 0.511475
vt 0.985352 0.530518
vt 0.967773 0.534912
vt 0.987305 0.53418
vt 0.935547 0.543945
vt 0.933594 0.550537
vt 0.948242 0.552979
vt 0.968262 0.543701
vt 0.900879 0.526367
vt 0.921387 0.549561
vt 0.907227 0.546143
vt 0.974609 0.555908
vt 0.962402 0.554443
vt 0.896973 0.543457
vt 0.987793 0.540283
vt 0.891602 0.519287
vt 0.890137 0.523438
vt 0.890137 0.523438
vt 0.888184 0.523682
vt 0.888672 0.540527
vt 0.202271 0.743896
vt 0.211182 0.743408
vt 0.207764 0.704102
vt 0.198242 0.706787
vt 0.223022 0.765625
vt 0.215576 0.769531
vt 0.212891 0.658447
vt 0.217163 0.62915
vt 0.199219 0.623047
vt 0.196899 0.647705
vt 0.219482 0.609131
vt 0.202393 0.601074
vt 0.270996 0.543945
vt 0.260986 0.536377
vt 0.22998 0.558594
vt 0.235107 0.577148
vt 0.321045 0.516113
vt 0.315918 0.507324
vt 0.5 0.789062
vt 0.468262 0.828247
vt 0.471191 0.832642
vt 0.509277 0.793823
vt 0.407715 0.85083
vt 0.407715 0.862183
vt 0.439697 0.854126
vt 0.437012 0.84375
vt 0.365479 0.850952
vt 0.372314 0.862061
vt 0.340088 0.856567
vt 0.283447 0.819092
vt 0.251709 0.792725
vt 0.24353 0.798462
vt 0.275879 0.824707
vt 0.314697 0.845459
vt 0.320312 0.838135
vt 0.452148 0.835571
vt 0.453857 0.84436
vt 0.200073 0.671631
vt 0.227905 0.590332
vt 0.208496 0.584473
vt 0.22583 0.734619
vt 0.221191 0.69873
vt 0.238159 0.756104
vt 0.224365 0.657227
vt 0.226929 0.631836
vt 0.232178 0.612793
vt 0.280029 0.551514
vt 0.248901 0.584229
vt 0.325684 0.524414
vt 0.466309 0.821167
vt 0.492188 0.784912
vt 0.416748 0.838135
vt 0.432129 0.836182
vt 0.376465 0.834595
vt 0.296387 0.805786
vt 0.265381 0.781006
vt 0.33252 0.821899
vt 0.448486 0.828247
vt 0.239258 0.5979
vt 0.272705 0.704834
vt 0.297852 0.684082
vt 0.284668 0.656494
vt 0.262207 0.674316
vt 0.286133 0.723633
vt 0.311279 0.70166
vt 0.391113 0.814331
vt 0.421631 0.831909
vt 0.437012 0.817627
vt 0.410889 0.795166
vt 0.307129 0.744629
vt 0.331543 0.766968
vt 0.356201 0.743652
vt 0.331299 0.722168
vt 0.357422 0.789307
vt 0.381104 0.768311
vt 0.430908 0.776978
vt 0.403809 0.747314
vt 0.273926 0.628662
vt 0.255371 0.643311
vt 0.357666 0.632324
vt 0.338379 0.612061
vt 0.307861 0.639648
vt 0.322998 0.664062
vt 0.335938 0.68042
vt 0.372314 0.647217
vt 0.391357 0.666992
vt 0.35498 0.700439
vt 0.380127 0.720459
vt 0.411865 0.692627
vt 0.43335 0.722656
vt 0.455322 0.75647
vt 0.3125 0.592773
vt 0.292236 0.614502
vt 0.249268 0.719727
vt 0.241699 0.686523
vt 0.262207 0.73999
vt 0.383789 0.824463
vt 0.313965 0.786377
vt 0.286133 0.762817
vt 0.344971 0.805542
vt 0.239868 0.650146
vt 0.449707 0.805176
vt 0.474121 0.786621
vt 0.47876 0.796753
vt 0.280518 0.60083
vt 0.294678 0.582275
vt 0.263916 0.613037
vt 0.246338 0.625244
vt 0.236694 0.628662
vt 0.256592 0.53125
vt 0.253418 0.527344
vt 0.219238 0.551025
vt 0.2229 0.555908
vt 0.196045 0.599121
vt 0.18335 0.595459
vt 0.174683 0.618652
vt 0.192017 0.621582
vt 0.189941 0.645996
vt 0.17334 0.653809
vt 0.197632 0.744873
vt 0.192749 0.706055
vt 0.174194 0.703613
vt 0.180054 0.75
vt 0.211426 0.771851
vt 0.194336 0.782349
vt 0.239624 0.80127
vt 0.222534 0.815796
vt 0.273193 0.827637
vt 0.253418 0.847412
vt 0.28833 0.877991
vt 0.310547 0.848633
vt 0.3396 0.861328
vt 0.331787 0.892517
vt 0.372314 0.868408
vt 0.373047 0.894592
vt 0.413086 0.88385
vt 0.407715 0.86792
vt 0.44458 0.86438
vt 0.443115 0.859497
vt 0.475098 0.836304
vt 0.47876 0.839722
vt 0.520508 0.799683
vt 0.516113 0.797363
vt 0.312012 0.500488
vt 0.30957 0.496582
vt 0.457764 0.848877
vt 0.460205 0.853271
vt 0.193237 0.67041
vt 0.202271 0.581543
vt 0.196289 0.577637
vt 0.202271 0.743896
vt 0.198242 0.706787
vt 0.207764 0.704102
vt 0.211182 0.743408
vt 0.223022 0.765625
vt 0.215576 0.769531
vt 0.212891 0.658447
vt 0.196899 0.647705
vt 0.199219 0.623047
vt 0.217163 0.62915
vt 0.219482 0.609131
vt 0.202393 0.601074
vt 0.270996 0.543945
vt 0.235107 0.577148
vt 0.22998 0.558594
vt 0.260986 0.536377
vt 0.321045 0.516113
vt 0.315918 0.507324
vt 0.5 0.789062
vt 0.509277 0.793823
vt 0.471191 0.832642
vt 0.468262 0.828247
vt 0.407715 0.85083
vt 0.437012 0.84375
vt 0.439697 0.854126
vt 0.407715 0.862183
vt 0.372314 0.862061
vt 0.365479 0.850952
vt 0.340088 0.856567
vt 0.283447 0.819092
vt 0.275879 0.824707
vt 0.24353 0.798462
vt 0.251709 0.792725
vt 0.320312 0.838135
vt 0.314697 0.845459
vt 0.453857 0.84436
vt 0.452148 0.835571
vt 0.200073 0.671631
vt 0.227905 0.590332
vt 0.208496 0.584473
vt 0.22583 0.734619
vt 0.221191 0.69873
vt 0.238159 0.756104
vt 0.224365 0.657227
vt 0.226929 0.631836
vt 0.232178 0.612793
vt 0.280029 0.551514
vt 0.248901 0.584229
vt 0.325684 0.524414
vt 0.466309 0.821167
vt 0.492188 0.784912
vt 0.416748 0.838135
vt 0.432129 0.836182
vt 0.376465 0.834595
vt 0.296387 0.805786
vt 0.265381 0.781006
vt 0.33252 0.821899
vt 0.448486 0.828247
vt 0.239258 0.5979
vt 0.272705 0.704834
vt 0.262207 0.674316
vt 0.284668 0.656494
vt 0.297852 0.684082
vt 0.286133 0.723633
vt 0.311279 0.70166
vt 0.391113 0.814331
vt 0.410889 0.795166
vt 0.437012 0.817627
vt 0.421631 0.831909
vt 0.307129 0.744629
vt 0.331299 0.722168
vt 0.356201 0.743652
vt 0.331543 0.766968
vt 0.381104 0.768311
vt 0.357422 0.789307
vt 0.403809 0.747314
vt 0.430908 0.776978
vt 0.255371 0.643311
vt 0.273926 0.628662
vt 0.357666 0.632324
vt 0.322998 0.664062
vt 0.307861 0.639648
vt 0.338379 0.612061
vt 0.372314 0.647217
vt 0.335938 0.68042
vt 0.391357 0.666992
vt 0.411865 0.692627
vt 0.380127 0.720459
vt 0.35498 0.700439
vt 0.43335 0.722656
vt 0.455322 0.75647
vt 0.292236 0.614502
vt 0.3125 0.592773
vt 0.241699 0.686523
vt 0.249268 0.719727
vt 0.262207 0.73999
vt 0.383789 0.824463
vt 0.286133 0.762817
vt 0.313965 0.786377
vt 0.344971 0.805542
vt 0.239868 0.650146
vt 0.474121 0.786621
vt 0.449707 0.805176
vt 0.47876 0.796753
vt 0.280518 0.60083
vt 0.294678 0.582275
vt 0.246338 0.625244
vt 0.263916 0.613037
vt 0.236694 0.628662
vt 0.256592 0.53125
vt 0.2229 0.555908
vt 0.219238 0.551025
vt 0.253418 0.527344
vt 0.196045 0.599121
vt 0.192017 0.621582
vt 0.174683 0.618652
vt 0.18335 0.595459
vt 0.189941 0.645996
vt 0.17334 0.653809
vt 0.197632 0.744873
vt 0.180054 0.75
vt 0.174194 0.703613
vt 0.192749 0.706055
vt 0.211426 0.771851
vt 0.194336 0.782349
vt 0.239624 0.80127
vt 0.222534 0.815796
vt 0.273193 0.827637
vt 0.253418 0.847412
vt 0.310547 0.848633
vt 0.28833 0.877991
vt 0.3396 0.861328
vt 0.331787 0.892517
vt 0.372314 0.868408
vt 0.373047 0.894592
vt 0.407715 0.86792
vt 0.413086 0.88385
vt 0.443115 0.859497
vt 0.44458 0.86438
vt 0.475098 0.836304
vt 0.516113 0.797363
vt 0.520508 0.799683
vt 0.47876 0.839722
vt 0.30957 0.496582
vt 0.312012 0.500488
vt 0.457764 0.848877
vt 0.460205 0.853271
vt 0.193237 0.67041
vt 0.202271 0.581543
vt 0.196289 0.577637

vn -0.819608 0.560784 0.105882
vn -0.701961 0.694118 0.176471
vn -0.435294 0.858824 0.270588
vn -0.521569 0.764706 0.356863
vn -0.592157 0.537255 0.6
vn -0.905882 0.411765 0.129412
vn -0.443137 0.858824 0.239216
vn -0.866667 0.498039 0.0745099
vn -0.85098 0.482353 0.207843
vn -0.686275 0.72549 0.105882
vn -0.843137 0.505882 0.176471
vn -0.921569 0.333333 0.215686
vn -1 0.027451 -0.105882
vn -0.960784 0.270588 -0.0431373
vn -0.960784 0.0980393 0.270588
vn -0.968627 0.0431373 0.254902
vn -0.945098 -0.184314 -0.294118
vn -0.992157 -0.0666667 0.152941
vn -0.945098 -0.184314 -0.294118
vn -0.992157 -0.0666667 0.152941
vn -0.945098 -0.341176 0.0666667
vn -0.678431 -0.631373 -0.396078
vn -0.192157 -0.984314 0.0666667
vn -0.2 -0.960784 -0.215686
vn -0.788235 -0.615686 0.121569
vn -0.701961 -0.717647 0.0352942
vn -0.733333 -0.686275 0.027451
vn -0.286274 -0.937255 0.215686
vn -0.772549 -0.639216 0.0352942
vn -0.45098 -0.466667 0.764706
vn -0.85098 -0.317647 0.419608
vn -0.882353 0.0588236 0.458824
vn -0.552941 0.027451 0.827451
vn -0.435294 -0.803922 0.411765
vn -0.694118 -0.686275 0.247059
vn -0.803922 -0.560784 0.207843
vn -0.466667 -0.843137 -0.270588
vn -0.756863 0.639216 0.145098
vn -0.929412 0.34902 0.121569
vn -0.937255 0.137255 0.333333
vn -0.513726 0.811765 0.286275
vn -0.505882 0.819608 0.262745
vn -0.513726 0.529412 0.670588
vn -0.458824 0.858824 0.207843
vn -0.662745 0.74902 -0.0352941
vn -0.968627 0.168628 0.207843
vn -0.898039 -0.0901961 0.435294
vn -0.945098 -0.0823529 0.32549
vn -0.858824 0.0509804 0.513726
vn -0.309804 -0.811765 -0.505882
vn -0.858824 0.0509804 0.513726
vn -0.113725 -1 0.0117648
vn -0.317647 -0.929412 -0.231373
vn -0.223529 -0.945098 0.262745
vn -0.521569 -0.498039 0.694118
vn -0.560784 0.0117648 0.827451
vn -0.443137 -0.819608 0.380392
vn -0.2 -0.898039 -0.403922
vn -0.968627 0.0196079 0.262745
vn -0.592157 0.741176 0.309804
vn -0.435294 0.843137 0.309804
vn -0.498039 0.819608 0.278431
vn -0.670588 0.670588 0.301961
vn -0.796078 0.498039 0.341177
vn -0.780392 0.513726 0.34902
vn -0.32549 -0.929412 0.192157
vn -0.403922 -0.921569 0.0509804
vn 0.0588236 -0.976471 -0.239216
vn -0.121569 -0.992157 -0.0823529
vn -0.898039 0.0980393 0.427451
vn -0.905882 0.160784 0.403922
vn -0.87451 -0.32549 0.356863
vn -0.803922 -0.427451 0.419608
vn -0.670588 -0.701961 0.254902
vn -0.568627 -0.741176 0.364706
vn -0.701961 -0.654902 0.278431
vn -0.372549 -0.921569 0.129412
vn -0.301961 0.937255 0.160784
vn -0.2 0.968627 0.0980393
vn -0.631373 0.717647 0.294118
vn -0.662745 0.670588 0.333333
vn -0.498039 0.819608 0.262745
vn -0.458824 0.87451 0.137255
vn -0.741176 0.568627 0.356863
vn -0.74902 0.552941 0.364706
vn -0.882353 0.270588 0.388235
vn -0.921569 -0.129412 0.372549
vn -0.913725 -0.239216 0.34902
vn -0.898039 0.223529 0.388235
vn -0.741176 -0.576471 0.356863
vn -0.364706 -0.898039 0.254902
vn -0.160784 0.984314 0.0117648
vn -0.129412 0.984314 -0.0980392
vn -0.466667 0.827451 0.309804
vn -0.47451 0.827451 0.294118
vn -0.686275 0.560784 0.458824
vn -0.231373 -0.937255 0.278431
vn -0.803922 0.0588236 0.6
vn -0.709804 -0.490196 0.513726
vn -0.47451 -0.796078 0.380392
vn -0.435294 0.87451 0.184314
vn 0.207843 -0.968627 -0.168627
vn 0.121569 -0.976471 -0.207843
vn 0.552941 -0.709804 -0.443137
vn 0.082353 0.984314 -0.137255
vn 0.0509804 0.984314 -0.152941
vn -0.207843 0.968627 -0.0901961
vn 0.0588236 0.992157 -0.0901961
vn -0.47451 0.87451 -0.0588235
vn -0.913725 0.262745 0.309804
vn -0.913725 0.0431373 0.411765
vn -0.843137 0.443137 0.301961
vn -0.741176 0.631373 0.215686
vn -0.631373 -0.74902 0.207843
vn -0.239216 -0.952941 0.192157
vn -0.129412 -1 -0.00392157
vn -0.592157 -0.788235 0.192157
vn -0.913725 -0.0117647 0.403922
vn -0.913725 0.0117648 0.419608
vn -0.952941 0.294118 -0.0901961
vn -1 0.082353 0.0117648
vn -0.921569 0.2 0.32549
vn -0.921569 0.309804 0.231373
vn -0.882353 0.364706 0.309804
vn -0.952941 0.301961 0.082353
vn -0.772549 0.615686 0.145098
vn -0.568627 0.733333 0.364706
vn -0.631373 0.717647 0.278431
vn -0.819608 0.552941 0.137255
vn -0.772549 0.458824 0.435294
vn -0.498039 0.466667 0.72549
vn -0.796078 0.0431373 0.607843
vn -0.639216 0.027451 0.764706
vn -0.780392 -0.364706 0.513726
vn -0.45098 -0.466667 0.764706
vn -0.623529 -0.686275 0.380392
vn -0.215686 -0.788235 0.576471
vn -0.584314 -0.796078 0.176471
vn -0.160784 -0.921569 0.364706
vn -0.623529 -0.780392 0.082353
vn -0.623529 -0.788235 0.0509804
vn -0.772549 -0.615686 0.176471
vn -0.192157 -0.976471 -0.168627
vn -0.905882 -0.435294 -0.0431373
vn -0.968627 -0.129412 0.231373
vn -0.866667 -0.254902 -0.443137
vn -0.521569 -0.701961 -0.505882
vn -0.866667 -0.254902 -0.443137
vn -0.968627 -0.129412 0.231373
vn -0.803922 -0.592157 0.129412
vn -0.364706 -0.898039 -0.270588
vn -0.913725 0.396078 0.0588236
vn -0.921569 0.34902 0.168628
vn -0.937255 0.270588 0.239216
vn -0.952941 0.192157 0.247059
vn -0.898039 0.443137 0.027451
vn -0.858824 -0.0901961 0.505882
vn -0.960784 0.247059 -0.129412
vn -0.929412 0.34902 -0.152941
vn -0.960784 0.0666667 -0.278431
vn -0.882353 -0.466667 -0.0980392
vn -0.607843 -0.733333 0.309804
vn -0.545098 -0.788235 0.309804
vn -0.890196 0.00392163 0.466667
vn -0.937255 0.121569 0.32549
vn -0.937255 0.027451 0.34902
vn -0.976471 -0.0666667 0.2
vn -0.976471 -0.0666667 0.2
vn -0.898039 -0.45098 -0.027451
vn -0.631373 -0.780392 0.0745099
vn -0.560784 -0.827451 0.0745099
vn -0.882353 0.341177 -0.341176
vn -0.835294 0.498039 0.223529
vn -0.788235 0.129412 -0.607843
vn -0.552941 -0.811765 0.207843
vn -0.545098 -0.780392 0.317647
vn -0.772549 -0.278431 -0.576471
vn -0.780392 0.0117648 -0.631373
vn -0.686275 -0.72549 -0.113725
vn -0.576471 -0.827451 -0.0117647
vn -0.341176 -0.945098 -0.0823529
vn -0.364706 -0.937255 -0.0588235
vn -0.521569 -0.858824 -0.027451
vn -0.662745 0.72549 -0.192157
vn -0.498039 0.866667 -0.0196078
vn -0.184314 0.976471 0.0196079
vn -0.592157 0.796078 -0.105882
vn -0.717647 0.694118 -0.0352941
vn -0.419608 0.694118 -0.584314
vn -0.592157 0.403922 -0.701961
vn -0.87451 0.411765 -0.270588
vn -0.937255 0.160784 -0.317647
vn -0.662745 0.160784 -0.733333
vn -0.678431 -0.254902 -0.694118
vn -0.905882 -0.270588 -0.34902
vn -0.427451 -0.670588 -0.615686
vn -0.6 -0.709804 -0.388235
vn -0.905882 -0.270588 -0.34902
vn -0.678431 -0.254902 -0.694118
vn -0.0588235 -0.890196 -0.458824
vn -0.00392157 -0.819608 -0.584314
vn -0.0117647 -0.945098 -0.341176
vn -0.0509804 -0.921569 -0.403922
vn -0.0117647 -0.686275 -0.733333
vn 0.082353 -0.741176 -0.678431
vn 0.0196079 -0.796078 -0.615686
vn -0.105882 -0.796078 -0.607843
vn -0.00392157 -0.694118 -0.72549
vn -0.0117647 -0.882353 -0.482353
vn -0.0588235 -1 0.0352942
vn -0.0509804 -1 -0.0352941
vn -0.00392157 -0.992157 -0.160784
vn -0.145098 -0.992157 -0.0509804
vn -0.270588 -0.968627 0.0352942
vn -0.796078 -0.6 -0.145098
vn -0.458824 -0.796078 -0.411765
vn -0.380392 -0.639216 -0.678431
vn -0.2 -0.85098 -0.505882
vn -0.215686 -0.709804 -0.678431
vn -0.121569 -0.709804 -0.701961
vn -0.317647 -0.521569 -0.796078
vn 0.0117648 -0.388235 -0.929412
vn 0.082353 -0.513726 -0.858824
vn -0.607843 -0.254902 -0.764706
vn -0.513726 -0.639216 -0.584314
vn -0.537255 -0.223529 -0.819608
vn -0.380392 -0.184314 -0.913725
vn -0.843137 -0.529412 -0.137255
vn -0.47451 -0.764706 -0.45098
vn -0.160784 -0.827451 -0.552941
vn -0.317647 -0.921569 -0.247059
vn 0.137255 -0.427451 0.890196
vn 0.192157 -0.364706 0.905882
vn -0.458824 -0.882353 0.129412
vn -0.333333 -0.929412 0.160784
vn -0.490196 -0.87451 0.027451
vn -0.498039 -0.87451 -0.0431373
vn 0.0666667 -0.482353 0.866667
vn -0.184314 -0.34902 0.913725
vn -0.87451 -0.482353 0.129412
vn -0.631373 -0.772549 0.0980393
vn -0.372549 0.0117648 0.921569
vn -0.992157 0.0509804 0.145098
vn -0.294118 0.372549 0.87451
vn -0.898039 0.419608 0.105882
vn -0.647059 0.756863 -0.0117647
vn 0.121569 0.678431 0.709804
vn 0.458824 0.623529 0.623529
vn -0.694118 0.709804 -0.105882
vn 0.772549 0.529412 0.32549
vn 0.631373 0.490196 -0.592157
vn -0.2 0.827451 -0.521569
vn 0.0509804 0.952941 -0.286274
vn -0.278431 0.929412 0.239216
vn -0.239216 0.921569 0.278431
vn 0.411765 0.87451 0.231373
vn -0.403922 -0.921569 0.027451
vn -0.498039 -0.87451 -0.0431373
vn -0.372549 0.87451 0.309804
vn -0.0588235 0.615686 0.772549
vn -0.733333 0.670588 0.121569
vn -0.168627 -0.952941 0.254902
vn 0.403922 0.898039 -0.137255
vn 0.6 0.772549 0.176471
vn 0.45098 0.882353 -0.0666667
vn -0.403922 0.670588 -0.623529
vn -0.0117647 0.952941 -0.301961
vn 0.105882 0.898039 -0.419608
vn -0.317647 0.788235 -0.537255
vn -0.301961 0.913725 0.254902
vn -0.686275 0.709804 -0.176471
vn 0.223529 0.678431 -0.694118
vn 0.145098 0.811765 -0.560784
vn 0.00392163 0.913725 -0.403922
vn 0.00392163 0.72549 -0.686275
vn -0.0117647 0.631373 -0.772549
vn -0.0431373 0.717647 -0.694118
vn -0.717647 0.662745 -0.2
vn -0.396078 0.87451 0.278431
vn -0.607843 0.176471 -0.780392
vn -0.607843 -0.254902 -0.764706
vn -0.427451 0.2 -0.890196
vn -0.537255 -0.223529 -0.819608
vn -0.380392 -0.184314 -0.913725
vn -0.443137 0.168628 -0.882353
vn -0.529412 0.380392 -0.764706
vn -0.364706 0.584314 -0.72549
vn -0.309804 0.545098 -0.780392
vn -0.168627 0.537255 -0.827451
vn -0.513726 0.388235 -0.772549
vn -0.396078 0.356863 -0.85098
vn -0.701961 0.482353 -0.529412
vn -0.490196 0.568627 -0.662745
vn -0.796078 0.513726 -0.32549
vn -0.145098 -0.992157 0.00392163
vn -0.0117647 -1 0.0588236
vn -0.756863 0.545098 -0.364706
vn 0.364706 0.32549 0.866667
vn -0.0117647 -0.545098 0.835294
vn -0.0117647 0.396078 0.913725
vn 0.568627 0.2 0.796078
vn 0.654902 0.113726 0.741176
vn 0.607843 -0.0352941 0.788235
vn 0.615686 -0.0352941 0.780392
vn 0.74902 -0.0352941 0.654902
vn 0.796078 -0.215686 0.552941
vn 0.709804 0.00392163 0.694118
vn -0.215686 0.921569 -0.317647
vn 0.00392163 0.968627 -0.231373
vn -0.00392157 0.803922 0.592157
vn -0.47451 0.709804 0.513726
vn -0.937255 -0.247059 -0.254902
vn -0.913725 -0.145098 0.388235
vn -0.756863 -0.380392 0.537255
vn -0.498039 -0.678431 -0.552941
vn -0.882353 0.113726 0.45098
vn -0.913725 -0.145098 0.388235
vn -0.937255 -0.247059 -0.254902
vn -0.937255 0.192157 -0.309804
vn -0.882353 0.443137 -0.176471
vn -0.835294 0.262745 0.490196
vn -0.00392157 -0.74902 0.662745
vn -0.0117647 -0.984314 -0.2
vn -0.239216 -0.952941 -0.2
vn -0.443137 -0.623529 0.647059
vn -0.733333 0.490196 0.466667
vn -0.631373 0.709804 -0.317647
vn -0.717647 -0.490196 0.505882
vn -0.388235 -0.796078 -0.47451
vn -0.427451 -0.866667 -0.286274
vn -0.670588 -0.47451 0.576471
vn -0.372549 0.890196 0.262745
vn -0.835294 0.435294 0.341177
vn -0.858824 0.435294 0.270588
vn -0.654902 -0.717647 0.254902
vn -0.247059 -0.960784 0.145098
vn -0.286274 -0.898039 0.34902
vn -0.129412 -0.992157 0.0666667
vn -0.803922 0.435294 0.403922
vn -0.968627 0.254902 -0.00392157
vn -0.701961 0.694118 -0.176471
vn -0.968627 0.0196079 0.270588
vn -0.992157 0.0509804 0.129412
vn -0.960784 0.152941 0.231373
vn -0.976471 -0.176471 0.160784
vn -0.866667 -0.513726 0.0352942
vn -0.976471 -0.176471 0.160784
vn -0.647059 -0.764706 0.0901961
vn 0.521569 0.254902 0.811765
vn -0.0117647 -0.145098 0.984314
vn -0.00392157 0.945098 -0.317647
vn -0.00392157 -0.945098 0.32549
vn -0.00392157 -1 0.121569
vn -0.00392157 -0.976471 0.231373
vn -0.00392157 -1 -0.0117647
vn 0.00392163 -0.827451 -0.568627
vn 0.545098 0.701961 -0.443137
vn 0.803922 -0.498039 0.317647
vn 0.756863 -0.482353 0.427451
vn 0.85098 -0.388235 0.341177
vn 0.921569 -0.286274 0.247059
vn 0.960784 -0.0588235 0.254902
vn 0.866667 0.341177 0.341177
vn 0.6 0.435294 0.662745
vn 0.521569 0.294118 0.796078
vn 0.372549 0.411765 0.827451
vn -0.0117647 0.529412 0.843137
vn -0.0117647 -0.0823529 0.992157
vn -0.00392157 0.968627 0.239216
vn 0.00392163 0.976471 0.207843
vn -0.192157 -0.835294 -0.529412
vn -0.756863 0.552941 -0.356863
vn -0.929412 0.184314 0.333333
vn -0.00392157 -1 -0.00392157
vn -0.00392157 -1 0.0352942
vn -0.00392157 -0.890196 0.466667
vn -0.0980392 -0.835294 0.537255
vn -0.247059 -0.968627 0.0666667
vn -0.317647 -0.780392 0.537255
vn -0.482353 -0.882353 0.0196079
vn -0.529412 -0.584314 0.623529
vn 0.176471 -0.0352941 0.976471
vn 0.0901961 -0.0352941 0.992157
vn -0.701961 -0.168627 0.694118
vn -0.905882 -0.309804 0.309804
vn -0.662745 -0.733333 0.168628
vn -0.835294 0.215686 0.505882
vn -0.929412 0.372549 -0.0117647
vn -0.772549 0.498039 0.396078
vn -0.639216 0.694118 0.333333
vn -0.866667 0.490196 -0.0588235
vn -0.47451 0.85098 0.207843
vn -0.694118 0.701961 -0.176471
vn 0.0352942 0.129412 0.984314
vn 0.0666667 0.372549 0.921569
vn 0.160784 0.552941 0.811765
vn 0.184314 0.592157 0.780392
vn -0.458824 0.882353 0.105882
vn -0.639216 0.709804 -0.286274
vn 0.113726 0.458824 0.87451
vn -0.0117647 0.984314 -0.137255
vn -0.00392157 0.356863 0.929412
vn -0.00392157 -0.992157 -0.168627
vn -0.00392157 -0.992157 -0.152941
vn -0.419608 -0.898039 -0.184314
vn -0.372549 -0.913725 -0.192157
vn -0.552941 -0.803922 -0.231373
vn -0.537255 -0.819608 -0.239216
vn -0.701961 -0.623529 -0.356863
vn -0.733333 -0.592157 -0.341176
vn -0.843137 -0.301961 -0.458824
vn -0.843137 -0.301961 -0.466667
vn -0.921569 -0.0509804 -0.396078
vn -0.921569 -0.113725 -0.380392
vn -0.756863 -0.0117647 -0.654902
vn -0.72549 -0.0588235 -0.694118
vn -0.733333 -0.0509804 -0.686275
vn -0.733333 -0.0196078 -0.686275
vn -0.639216 0.0745099 -0.772549
vn -0.647059 0.0509804 -0.772549
vn -0.756863 0.0509804 -0.654902
vn -0.701961 0.0509804 -0.717647
vn 0.00392163 0.113726 -1
vn -0.00392157 0.145098 -0.992157
vn 0.231373 0.0117648 0.968627
vn -0.00392157 0.0352942 0.992157
vn -0.992157 0.137255 0.082353
vn -0.00392157 0.858824 -0.505882
vn -0.270588 -0.968627 -0.0431373
vn -0.00392157 -1 -0.0352941
vn -0.521569 -0.85098 -0.129412
vn -0.921569 -0.34902 0.2
vn -0.72549 -0.694118 0.0588236
vn 0.466667 0.537255 0.694118
vn 0.639216 0.317647 0.686275
vn 0.639216 0.168628 0.741176
vn 0.607843 0.215686 0.756863
vn 0.560784 -0.231373 0.788235
vn -0.00392157 -0.631373 0.772549
vn -0.00392157 0.670588 0.733333
vn 0.317647 0.623529 0.701961
vn -0.0117647 -0.592157 0.803922
vn -0.0117647 -0.427451 0.898039
vn -0.0117647 -0.788235 0.615686
vn -0.0588235 -0.811765 0.576471
vn -0.294118 -0.701961 0.654902
vn -0.129412 -0.819608 0.552941
vn -0.168627 -0.803922 0.568627
vn -0.482353 -0.623529 0.615686
vn -0.435294 -0.254902 0.858824
vn -0.286274 -0.333333 0.898039
vn -0.356863 0.262745 0.890196
vn -0.364706 0.0901961 0.921569
vn -0.137255 0.639216 0.74902
vn -0.184314 0.521569 0.827451
vn 0.192157 0.607843 0.764706
vn -0.0196078 0.819608 0.560784
vn 0.0745099 0.764706 0.631373
vn 0.403922 0.552941 0.717647
vn -0.00392157 0.568627 0.819608
vn -0.00392157 0.529412 0.843137
vn 0.168628 0.498039 0.843137
vn 0.152941 0.482353 0.85098
vn -0.00392157 0.976471 -0.184314
vn -0.0117647 0.992157 0.0745099
vn 0.976471 0.184314 0.00392163
vn 0.984314 0.121569 -0.0352941
vn -0.00392157 -1 -0.027451
vn 0.00392163 -1 -0.027451
vn -0.121569 -1 -0.027451
vn 0.819608 0.552941 0.0901961
vn 0.521569 0.772549 0.341177
vn 0.443137 0.85098 0.262745
vn 0.694118 0.694118 0.168628
vn 0.6 0.545098 0.576471
vn 0.898039 0.396078 0.129412
vn 0.458824 0.85098 0.247059
vn 0.670588 0.72549 0.105882
vn 0.843137 0.482353 0.207843
vn 0.85098 0.505882 0.0666667
vn 0.843137 0.505882 0.152941
vn 0.913725 0.32549 0.207843
vn 0.992157 0.027451 -0.113725
vn 0.968627 0.0431373 0.239216
vn 0.960784 0.0901961 0.254902
vn 0.952941 0.270588 -0.0666667
vn 0.937255 -0.176471 -0.301961
vn 0.984314 -0.0666667 0.137255
vn 0.937255 -0.176471 -0.301961
vn 0.694118 -0.607843 -0.388235
vn 0.937255 -0.333333 0.0431373
vn 0.984314 -0.0666667 0.137255
vn 0.152941 -0.992157 0.0745099
vn 0.686275 -0.733333 0.027451
vn 0.780392 -0.607843 0.0980393
vn 0.160784 -0.968627 -0.215686
vn 0.247059 -0.937255 0.247059
vn 0.709804 -0.701961 0.0352942
vn 0.764706 -0.647059 0.0509804
vn 0.45098 -0.45098 0.764706
vn 0.568627 0.0431373 0.811765
vn 0.882353 0.0588236 0.45098
vn 0.85098 -0.309804 0.419608
vn 0.686275 -0.678431 0.254902
vn 0.419608 -0.796078 0.435294
vn 0.45098 -0.85098 -0.278431
vn 0.803922 -0.568627 0.184314
vn 0.741176 0.647059 0.137255
vn 0.921569 0.34902 0.113726
vn 0.929412 0.121569 0.32549
vn 0.513726 0.811765 0.254902
vn 0.521569 0.811765 0.247059
vn 0.537255 0.560784 0.623529
vn 0.482353 0.843137 0.207843
vn 0.647059 0.756863 -0.0509804
vn 0.960784 0.168628 0.176471
vn 0.890196 -0.0901961 0.427451
vn 0.937255 -0.0823529 0.32549
vn 0.858824 0.0352942 0.505882
vn 0.317647 -0.835294 -0.458824
vn 0.858824 0.0352942 0.505882
vn 0.0588236 -1 0.0196079
vn 0.286275 -0.929412 -0.239216
vn 0.176471 -0.945098 0.286275
vn 0.513726 -0.47451 0.709804
vn 0.576471 0.0431373 0.811765
vn 0.411765 -0.811765 0.419608
vn 0.152941 -0.905882 -0.411765
vn 0.960784 0.0117648 0.247059
vn 0.607843 0.741176 0.270588
vn 0.686275 0.662745 0.278431
vn 0.537255 0.803922 0.239216
vn 0.482353 0.827451 0.270588
vn 0.803922 0.498039 0.317647
vn 0.788235 0.505882 0.333333
vn 0.262745 -0.945098 0.215686
vn 0.0509804 -1 -0.0823529
vn -0.152941 -0.968627 -0.223529
vn 0.32549 -0.945098 0.0745099
vn 0.890196 0.105882 0.427451
vn 0.788235 -0.419608 0.443137
vn 0.85098 -0.333333 0.396078
vn 0.898039 0.152941 0.403922
vn 0.537255 -0.741176 0.403922
vn 0.623529 -0.72549 0.301961
vn 0.270588 -0.952941 0.160784
vn 0.639216 -0.701961 0.309804
vn 0.333333 0.937255 0.0745099
vn 0.388235 0.905882 0.137255
vn 0.678431 0.670588 0.262745
vn 0.529412 0.835294 0.0980393
vn 0.552941 0.796078 0.223529
vn 0.686275 0.647059 0.309804
vn 0.772549 0.521569 0.34902
vn 0.780392 0.521569 0.333333
vn 0.898039 0.2 0.380392
vn 0.890196 0.176471 0.403922
vn 0.87451 -0.286274 0.380392
vn 0.890196 -0.215686 0.380392
vn 0.662745 -0.647059 0.364706
vn 0.247059 -0.929412 0.270588
vn 0.215686 0.960784 -0.152941
vn 0.254902 0.960784 -0.0431373
vn 0.498039 0.819608 0.254902
vn 0.498039 0.811765 0.278431
vn 0.694118 0.568627 0.427451
vn 0.176471 -0.937255 0.301961
vn 0.694118 -0.47451 0.537255
vn 0.796078 0.0745099 0.584314
vn 0.443137 -0.788235 0.427451
vn 0.47451 0.858824 0.176471
vn -0.254902 -0.960784 -0.168627
vn -0.341176 -0.937255 -0.129412
vn -0.662745 -0.647059 -0.403922
vn 0.027451 0.968627 -0.231373
vn 0.027451 0.968627 -0.223529
vn 0.137255 0.976471 -0.113725
vn 0.317647 0.937255 -0.113725
vn 0.47451 0.87451 -0.027451
vn 0.898039 0.270588 0.317647
vn 0.72549 0.639216 0.223529
vn 0.835294 0.443137 0.301961
vn 0.905882 0.0352942 0.419608
vn 0.615686 -0.756863 0.207843
vn 0.584314 -0.788235 0.192157
vn 0.0980393 -1 0.0117648
vn 0.215686 -0.952941 0.215686
vn 0.913725 -0.0117647 0.403922
vn 0.992157 0.0745099 -0.00392157
vn 0.945098 0.278431 -0.113725
vn 0.905882 0.00392163 0.411765
vn 0.921569 0.184314 0.317647
vn 0.87451 0.34902 0.309804
vn 0.913725 0.317647 0.231373
vn 0.937255 0.32549 0.0745099
vn 0.772549 0.607843 0.129412
vn 0.811765 0.560784 0.129412
vn 0.623529 0.72549 0.278431
vn 0.552941 0.741176 0.364706
vn 0.764706 0.466667 0.435294
vn 0.490196 0.466667 0.72549
vn 0.788235 0.0431373 0.607843
vn 0.631373 0.027451 0.764706
vn 0.780392 -0.356863 0.505882
vn 0.443137 -0.466667 0.764706
vn 0.215686 -0.780392 0.584314
vn 0.623529 -0.678431 0.388235
vn 0.584314 -0.788235 0.184314
vn 0.152941 -0.913725 0.380392
vn 0.607843 -0.788235 0.0901961
vn 0.607843 -0.796078 0.0509804
vn 0.160784 -0.976471 -0.168627
vn 0.764706 -0.623529 0.160784
vn 0.898039 -0.435294 -0.0588235
vn 0.513726 -0.694118 -0.513726
vn 0.858824 -0.239216 -0.45098
vn 0.960784 -0.121569 0.223529
vn 0.960784 -0.121569 0.223529
vn 0.858824 -0.239216 -0.45098
vn 0.796078 -0.592157 0.113726
vn 0.34902 -0.898039 -0.278431
vn 0.898039 0.427451 0.0509804
vn 0.905882 0.372549 0.160784
vn 0.921569 0.294118 0.239216
vn 0.952941 0.176471 0.239216
vn 0.898039 0.435294 0.0196079
vn 0.85098 -0.113725 0.498039
vn 0.952941 0.262745 -0.137255
vn 0.913725 0.356863 -0.152941
vn 0.952941 0.0745099 -0.286274
vn 0.87451 -0.466667 -0.0980392
vn 0.6 -0.741176 0.317647
vn 0.529412 -0.788235 0.317647
vn 0.882353 -0.0196078 0.458824
vn 0.937255 0.027451 0.32549
vn 0.937255 0.105882 0.317647
vn 0.976471 -0.0745098 0.192157
vn 0.890196 -0.45098 -0.0352941
vn 0.976471 -0.0745098 0.192157
vn 0.623529 -0.780392 0.0666667
vn 0.552941 -0.835294 0.0666667
vn 0.827451 0.513726 0.215686
vn 0.866667 0.356863 -0.34902
vn 0.780392 0.129412 -0.615686
vn 0.529412 -0.780392 0.32549
vn 0.537255 -0.811765 0.215686
vn 0.764706 0.0196079 -0.639216
vn 0.764706 -0.270588 -0.592157
vn 0.670588 -0.733333 -0.113725
vn 0.568627 -0.827451 -0.00392157
vn 0.513726 -0.858824 -0.027451
vn 0.364706 -0.929412 -0.0588235
vn 0.341177 -0.937255 -0.0823529
vn 0.654902 0.72549 -0.184314
vn 0.584314 0.796078 -0.0901961
vn 0.168628 0.976471 0.0196079
vn 0.482353 0.866667 -0.00392157
vn 0.717647 0.686275 -0.0352941
vn 0.87451 0.388235 -0.278431
vn 0.592157 0.388235 -0.701961
vn 0.427451 0.694118 -0.576471
vn 0.929412 0.160784 -0.32549
vn 0.662745 0.160784 -0.733333
vn 0.898039 -0.254902 -0.356863
vn 0.678431 -0.239216 -0.701961
vn 0.411765 -0.670588 -0.623529
vn 0.678431 -0.239216 -0.701961
vn 0.898039 -0.254902 -0.356863
vn 0.592157 -0.709804 -0.396078
vn 0.0431373 -0.890196 -0.458824
vn 0.0352942 -0.921569 -0.396078
vn -0.0117647 -0.694118 -0.733333
vn 0.0745099 -0.796078 -0.615686
vn -0.0431373 -0.796078 -0.607843
vn -0.105882 -0.741176 -0.670588
vn 0.0431373 -1 0.0431373
vn 0.0431373 -1 -0.027451
vn 0.129412 -0.992157 -0.0352941
vn 0.435294 -0.803922 -0.411765
vn 0.772549 -0.607843 -0.168627
vn 0.247059 -0.968627 0.0431373
vn 0.364706 -0.647059 -0.678431
vn 0.207843 -0.709804 -0.678431
vn 0.176471 -0.85098 -0.498039
vn 0.0980393 -0.709804 -0.701961
vn -0.0980392 -0.505882 -0.858824
vn -0.0196078 -0.372549 -0.937255
vn 0.301961 -0.521569 -0.803922
vn 0.505882 -0.639216 -0.592157
vn 0.592157 -0.247059 -0.772549
vn 0.529412 -0.215686 -0.819608
vn 0.380392 -0.168627 -0.913725
vn 0.45098 -0.772549 -0.45098
vn 0.827451 -0.537255 -0.152941
vn 0.294118 -0.929412 -0.247059
vn 0.129412 -0.827451 -0.552941
vn -0.152941 -0.419608 0.898039
vn 0.317647 -0.937255 0.168628
vn 0.443137 -0.890196 0.129412
vn -0.2 -0.34902 0.913725
vn 0.490196 -0.87451 -0.0431373
vn 0.47451 -0.882353 0.0196079
vn -0.0745098 -0.482353 0.87451
vn 0.623529 -0.780392 0.0901961
vn 0.866667 -0.47451 0.129412
vn 0.176471 -0.34902 0.913725
vn 0.364706 0.0117648 0.921569
vn 0.984314 0.0509804 0.145098
vn 0.286275 0.372549 0.87451
vn 0.890196 0.427451 0.105882
vn 0.623529 0.772549 -0.00392157
vn -0.482353 0.615686 0.623529
vn -0.137255 0.670588 0.717647
vn 0.678431 0.72549 -0.113725
vn -0.788235 0.521569 0.317647
vn 0.2 0.827451 -0.513726
vn -0.639216 0.490196 -0.6
vn 0.262745 0.929412 0.239216
vn -0.0588235 0.952941 -0.286274
vn 0.231373 0.921569 0.278431
vn -0.419608 0.882353 0.223529
vn 0.396078 -0.921569 0.0352942
vn 0.490196 -0.87451 -0.0431373
vn 0.356863 0.87451 0.309804
vn 0.717647 0.678431 0.113726
vn 0.0509804 0.615686 0.780392
vn 0.152941 -0.952941 0.262745
vn -0.396078 0.905882 -0.152941
vn -0.443137 0.890196 -0.0745098
vn -0.607843 0.780392 0.160784
vn 0.403922 0.662745 -0.623529
vn 0.317647 0.780392 -0.537255
vn -0.0980392 0.898039 -0.419608
vn 0.0196079 0.952941 -0.301961
vn 0.294118 0.913725 0.254902
vn 0.686275 0.701961 -0.176471
vn -0.215686 0.686275 -0.694118
vn -0.137255 0.819608 -0.560784
vn 0.0431373 0.717647 -0.694118
vn 0.0117648 0.631373 -0.772549
vn 0.380392 0.87451 0.278431
vn 0.72549 0.654902 -0.192157
vn 0.592157 -0.247059 -0.772549
vn 0.615686 0.168628 -0.772549
vn 0.427451 0.192157 -0.882353
vn 0.435294 0.168628 -0.882353
vn 0.380392 -0.168627 -0.913725
vn 0.529412 -0.215686 -0.819608
vn 0.537255 0.364706 -0.756863
vn 0.364706 0.584314 -0.72549
vn 0.309804 0.545098 -0.780392
vn 0.396078 0.34902 -0.85098
vn 0.513726 0.380392 -0.772549
vn 0.168628 0.537255 -0.827451
vn 0.490196 0.560784 -0.662745
vn 0.694118 0.482353 -0.529412
vn 0.796078 0.505882 -0.317647
vn 0.121569 -1 0.00392163
vn 0.764706 0.537255 -0.356863
vn -0.380392 0.32549 0.858824
vn -0.654902 0.113726 0.74902
vn -0.560784 0.2 0.803922
vn -0.615686 -0.0352941 0.788235
vn -0.615686 -0.0352941 0.788235
vn -0.811765 -0.231373 0.545098
vn -0.74902 -0.0509804 0.654902
vn -0.709804 -0.00392157 0.701961
vn 0.223529 0.921569 -0.317647
vn 0.47451 0.709804 0.513726
vn 0.937255 -0.247059 -0.247059
vn 0.482353 -0.678431 -0.560784
vn 0.733333 -0.403922 0.537255
vn 0.905882 -0.152941 0.388235
vn 0.882353 0.113726 0.443137
vn 0.937255 0.184314 -0.294118
vn 0.937255 -0.247059 -0.247059
vn 0.905882 -0.152941 0.388235
vn 0.835294 0.247059 0.47451
vn 0.882353 0.427451 -0.176471
vn 0.435294 -0.631373 0.639216
vn 0.215686 -0.960784 -0.207843
vn 0.733333 0.47451 0.466667
vn 0.631373 0.701961 -0.317647
vn 0.694118 -0.505882 0.505882
vn 0.372549 -0.803922 -0.47451
vn 0.403922 -0.866667 -0.286274
vn 0.654902 -0.490196 0.576471
vn 0.356863 0.890196 0.270588
vn 0.843137 0.443137 0.270588
vn 0.819608 0.443137 0.34902
vn 0.639216 -0.72549 0.247059
vn 0.231373 -0.960784 0.152941
vn 0.113726 -0.992157 0.0745099
vn 0.270588 -0.890196 0.364706
vn 0.796078 0.435294 0.403922
vn 0.960784 0.247059 0.0117648
vn 0.694118 0.694118 -0.160784
vn 0.960784 -0.0117647 0.254902
vn 0.960784 0.145098 0.215686
vn 0.984314 0.0509804 0.113726
vn 0.968627 -0.168627 0.152941
vn 0.968627 -0.168627 0.152941
vn 0.85098 -0.513726 0.027451
vn 0.639216 -0.764706 0.082353
vn -0.513726 0.262745 0.811765
vn -0.552941 0.701961 -0.443137
vn -0.803922 -0.505882 0.32549
vn -0.764706 -0.490196 0.427451
vn -0.85098 -0.403922 0.341177
vn -0.929412 -0.286274 0.247059
vn -0.968627 -0.0588235 0.262745
vn -0.87451 0.333333 0.34902
vn -0.592157 0.443137 0.670588
vn -0.521569 0.301961 0.796078
vn -0.380392 0.411765 0.819608
vn 0.168628 -0.835294 -0.529412
vn 0.756863 0.545098 -0.356863
vn 0.929412 0.168628 0.317647
vn 0.239216 -0.968627 0.0666667
vn 0.0901961 -0.835294 0.545098
vn 0.466667 -0.890196 0.0196079
vn 0.309804 -0.780392 0.537255
vn 0.521569 -0.584314 0.623529
vn -0.0901961 -0.0352941 0.992157
vn -0.184314 -0.0352941 0.976471
vn 0.654902 -0.741176 0.168628
vn 0.898039 -0.309804 0.309804
vn 0.694118 -0.160784 0.694118
vn 0.827451 0.223529 0.498039
vn 0.921569 0.380392 -0.0117647
vn 0.858824 0.505882 -0.0588235
vn 0.623529 0.694118 0.333333
vn 0.764706 0.505882 0.396078
vn 0.678431 0.701961 -0.184314
vn 0.466667 0.85098 0.207843
vn -0.0431373 0.129412 0.984314
vn -0.0745098 0.372549 0.921569
vn -0.168627 0.552941 0.811765
vn -0.192157 0.584314 0.780392
vn 0.631373 0.717647 -0.286274
vn 0.443137 0.882353 0.105882
vn -0.121569 0.458824 0.87451
vn 0.364706 -0.913725 -0.192157
vn 0.411765 -0.898039 -0.184314
vn 0.521569 -0.819608 -0.239216
vn 0.537255 -0.811765 -0.239216
vn 0.686275 -0.631373 -0.364706
vn 0.835294 -0.301961 -0.466667
vn 0.835294 -0.301961 -0.466667
vn 0.72549 -0.6 -0.34902
vn 0.913725 -0.105882 -0.388235
vn 0.913725 -0.0509804 -0.396078
vn 0.74902 -0.00392157 -0.662745
vn 0.72549 -0.0117647 -0.694118
vn 0.717647 -0.0352941 -0.694118
vn 0.709804 -0.0509804 -0.701961
vn 0.631373 0.082353 -0.772549
vn 0.694118 0.0588236 -0.717647
vn 0.74902 0.0666667 -0.662745
vn 0.639216 0.0666667 -0.764706
vn -0.239216 0.0196079 0.968627
vn 0.984314 0.145098 0.082353
vn 0.262745 -0.968627 -0.0431373
vn 0.505882 -0.858824 -0.129412
vn 0.709804 -0.701961 0.0588236
vn 0.913725 -0.34902 0.2
vn -0.47451 0.537255 0.694118
vn -0.647059 0.317647 0.694118
vn -0.647059 0.160784 0.741176
vn -0.615686 0.215686 0.756863
vn -0.568627 -0.231373 0.788235
vn -0.32549 0.623529 0.701961
vn 0.0431373 -0.811765 0.584314
vn 0.00392163 -0.788235 0.615686
vn 0.278431 -0.694118 0.662745
vn 0.47451 -0.623529 0.623529
vn 0.152941 -0.803922 0.576471
vn 0.113726 -0.819608 0.560784
vn 0.427451 -0.254902 0.866667
vn 0.278431 -0.32549 0.898039
vn 0.341177 0.270588 0.890196
vn 0.34902 0.0901961 0.929412
vn 0.168628 0.521569 0.827451
vn 0.129412 0.639216 0.74902
vn -0.215686 0.6 0.764706
vn -0.419608 0.545098 0.717647
vn -0.0823529 0.764706 0.631373
vn 0.0117648 0.819608 0.568627
vn -0.152941 0.482353 0.858824
vn -0.168627 0.498039 0.843137
vn -0.992157 0.113726 -0.0588235
vn -0.984314 0.176471 -0.0196078
vn 0.121569 -1 -0.027451
vn -0.678431 -0.717647 -0.192157
vn -0.678431 -0.717647 -0.207843
vn -0.521569 -0.788235 -0.341176
vn -0.537255 -0.74902 -0.403922
vn -0.47451 -0.647059 0.592157
vn -0.662745 -0.419608 0.623529
vn -0.858824 -0.513726 -0.113725
vn -0.45098 -0.639216 0.631373
vn -0.631373 -0.411765 0.662745
vn -0.772549 -0.160784 0.623529
vn -0.945098 -0.301961 -0.160784
vn -0.866667 -0.505882 0.0509804
vn -0.882353 0.380392 -0.286274
vn -0.615686 0.568627 -0.552941
vn -0.607843 0.631373 -0.482353
vn -0.866667 0.403922 -0.294118
vn -0.992157 0.145098 -0.0431373
vn -0.976471 0.082353 -0.215686
vn -0.992157 0.145098 -0.0431373
vn -0.992157 -0.129412 -0.00392157
vn -0.976471 -0.152941 -0.176471
vn -0.976471 0.082353 -0.215686
vn -0.796078 0.129412 0.592157
vn -0.74902 -0.0431373 0.662745
vn -0.952941 -0.317647 0.027451
vn -0.72549 -0.137255 0.678431
vn -0.827451 -0.505882 0.254902
vn -0.937255 -0.239216 0.278431
vn -0.662745 -0.72549 0.231373
vn -0.215686 -0.803922 0.560784
vn -0.411765 -0.890196 0.207843
vn -0.262745 -0.827451 0.498039
vn -0.0588235 -0.890196 0.45098
vn 0.0117648 -0.85098 0.529412
vn -0.380392 -0.87451 -0.309804
vn -0.168627 -0.968627 0.2
vn -0.654902 -0.262745 -0.72549
vn -0.796078 -0.576471 -0.192157
vn -0.631373 -0.568627 -0.537255
vn -0.631373 -0.756863 -0.192157
vn -0.443137 -0.756863 -0.498039
vn -0.529412 0.0196079 -0.858824
vn -0.87451 0.082353 -0.482353
vn -0.843137 0.333333 -0.427451
vn -0.701961 0.380392 -0.6
vn -0.819608 -0.207843 -0.537255
vn -0.87451 0.082353 -0.482353
vn -0.529412 0.0196079 -0.858824
vn -0.741176 0.105882 0.662745
vn -0.960784 0.0196079 0.286275
vn -0.87451 0.458824 0.168628
vn -0.694118 0.427451 0.576471
vn -0.960784 0.0196079 0.286275
vn -0.741176 0.105882 0.662745
vn -0.756863 -0.027451 0.654902
vn -0.952941 -0.0980392 0.286275
vn -0.435294 -0.866667 -0.254902
vn 0.00392163 -1 -0.105882
vn 0.0117648 -0.960784 -0.286274
vn -0.00392157 -0.929412 0.364706
vn -0.00392157 -0.803922 0.592157
vn 0.00392163 -0.984314 0.207843
vn -0.427451 -0.890196 -0.2
vn -0.254902 -0.85098 -0.47451
vn 0.027451 -0.890196 -0.466667
vn -0.184314 -0.968627 -0.207843
vn -0.0117647 -0.898039 -0.458824
vn -0.270588 -0.843137 -0.482353
vn -0.0117647 -0.882353 -0.490196
vn -0.0117647 -0.913725 -0.419608
vn -0.00392157 -0.866667 0.498039
vn -0.34902 -0.890196 0.309804
vn -0.0117647 -0.960784 -0.294118
vn -0.301961 -0.960784 0.0431373
vn -0.545098 -0.803922 0.262745
vn -0.654902 -0.717647 0.247059
vn -0.435294 -0.74902 -0.513726
vn -0.576471 -0.819608 -0.105882
vn -0.843137 -0.545098 -0.0509804
vn -0.819608 -0.521569 0.247059
vn -0.537255 -0.85098 0.0431373
vn -0.647059 -0.545098 -0.545098
vn 0.00392163 -0.984314 -0.184314
vn -0.00392157 0.898039 0.435294
vn -0.00392157 0.968627 0.223529
vn -0.184314 0.929412 0.309804
vn -0.129412 0.905882 0.396078
vn -0.00392157 0.992157 0.0431373
vn -0.278431 0.952941 0.0588236
vn -0.396078 0.74902 -0.537255
vn -0.00392157 0.788235 -0.607843
vn -0.00392157 0.952941 -0.294118
vn -0.427451 0.803922 -0.419608
vn -0.945098 -0.176471 0.278431
vn -0.905882 0.160784 0.396078
vn -0.905882 0.160784 0.396078
vn -0.866667 0.380392 0.32549
vn -0.701961 0.701961 0.129412
vn -0.6 0.654902 -0.466667
vn -0.913725 0.411765 -0.027451
vn -0.686275 0.72549 -0.105882
vn -0.00392157 0.960784 0.254902
vn -0.403922 0.866667 0.294118
vn -0.286274 0.937255 -0.176471
vn 0.00392163 0.890196 -0.45098
vn -0.215686 0.882353 -0.411765
vn -0.00392157 0.960784 -0.254902
vn -0.00392157 0.858824 -0.505882
vn -0.192157 0.87451 -0.45098
vn -0.976471 -0.184314 -0.152941
vn -0.984314 0.2 -0.0352941
vn -0.984314 0.2 -0.0352941
vn -0.796078 0.129412 0.592157
vn -0.701961 0.419608 0.568627
vn -0.513726 0.772549 0.364706
vn -0.458824 0.741176 0.490196
vn -0.654902 0.74902 0.0980393
vn -0.294118 0.945098 0.137255
vn -0.662745 0.72549 0.184314
vn -0.686275 0.717647 0.121569
vn -0.333333 0.937255 0.0196079
vn -0.6 0.701961 -0.380392
vn -0.827451 0.529412 0.192157
vn -0.843137 0.529412 0.137255
vn -0.00392157 0.992157 0.0980393
vn -0.00392157 0.992157 -0.0117647
vn -0.34902 -0.380392 0.858824
vn -0.443137 -0.623529 0.647059
vn -0.670588 -0.47451 0.576471
vn -0.490196 -0.341176 0.803922
vn 0.00392163 -0.372549 0.921569
vn -0.00392157 -0.74902 0.662745
vn -0.0117647 -0.992157 -0.129412
vn -0.0823529 -0.984314 -0.192157
vn -0.364706 -0.913725 -0.207843
vn -0.419608 -0.85098 -0.333333
vn -0.584314 -0.341176 0.733333
vn -0.741176 -0.631373 -0.254902
vn -0.631373 -0.239216 0.741176
vn -0.74902 -0.0509804 0.662745
vn -0.905882 -0.2 -0.388235
vn -0.811765 0.278431 0.513726
vn -0.756863 0.505882 -0.419608
vn -0.866667 0.301961 -0.403922
vn -0.796078 0.176471 0.576471
vn -0.819608 0.137255 0.560784
vn -0.882353 0.137255 -0.458824
vn -0.756863 -0.380392 0.537255
vn -0.913725 -0.145098 0.388235
vn -0.717647 -0.490196 0.505882
vn -0.819608 0.137255 0.560784
vn -0.882353 0.113726 0.45098
vn -0.560784 0.796078 -0.223529
vn -0.631373 0.388235 0.670588
vn -0.207843 0.929412 -0.301961
vn -0.411765 0.545098 0.733333
vn -0.00392157 0.960784 -0.254902
vn -0.0117647 0.552941 0.827451
vn -0.00392157 0.803922 0.592157
vn -0.47451 0.709804 0.513726
vn -0.733333 0.490196 0.466667
vn -0.835294 0.262745 0.490196
vn -0.882353 0.137255 -0.458824
vn -0.458824 0.0196079 0.882353
vn -0.882353 0.113726 0.45098
vn 0.670588 -0.72549 -0.168627
vn 0.521569 -0.788235 -0.341176
vn 0.505882 -0.819608 -0.278431
vn 0.694118 -0.694118 -0.215686
vn 0.843137 -0.498039 -0.192157
vn 0.654902 -0.427451 0.615686
vn 0.466667 -0.654902 0.592157
vn 0.631373 -0.411765 0.654902
vn 0.435294 -0.639216 0.623529
vn 0.937255 -0.301961 -0.168627
vn 0.764706 -0.160784 0.615686
vn 0.85098 -0.521569 -0.0588235
vn 0.87451 0.380392 -0.278431
vn 0.858824 0.403922 -0.301961
vn 0.6 0.631373 -0.490196
vn 0.607843 0.568627 -0.552941
vn 0.968627 0.082353 -0.223529
vn 0.984314 0.145098 -0.0431373
vn 0.968627 -0.145098 -0.184314
vn 0.992157 -0.121569 -0.00392157
vn 0.984314 0.145098 -0.0431373
vn 0.968627 0.082353 -0.223529
vn 0.788235 0.129412 0.592157
vn 0.741176 -0.0431373 0.662745
vn 0.945098 -0.32549 0.0196079
vn 0.717647 -0.145098 0.670588
vn 0.929412 -0.239216 0.270588
vn 0.819608 -0.505882 0.247059
vn 0.639216 -0.733333 0.231373
vn 0.396078 -0.890196 0.215686
vn 0.2 -0.796078 0.568627
vn 0.254902 -0.827451 0.498039
vn -0.0196078 -0.843137 0.537255
vn 0.0509804 -0.890196 0.45098
vn 0.356863 -0.882353 -0.317647
vn 0.160784 -0.968627 0.207843
vn 0.607843 -0.772549 -0.184314
vn 0.788235 -0.592157 -0.184314
vn 0.623529 -0.568627 -0.537255
vn 0.419608 -0.756863 -0.505882
vn 0.529412 0.0196079 -0.85098
vn 0.709804 0.380392 -0.592157
vn 0.843137 0.32549 -0.419608
vn 0.87451 0.082353 -0.47451
vn 0.819608 -0.207843 -0.529412
vn 0.647059 -0.262745 -0.717647
vn 0.529412 0.0196079 -0.85098
vn 0.87451 0.082353 -0.47451
vn 0.741176 0.105882 0.654902
vn 0.686275 0.427451 0.576471
vn 0.866667 0.458824 0.168628
vn 0.952941 0.027451 0.278431
vn 0.952941 0.027451 0.278431
vn 0.952941 -0.0980392 0.278431
vn 0.756863 -0.027451 0.647059
vn 0.741176 0.105882 0.654902
vn 0.403922 -0.882353 -0.270588
vn 0.403922 -0.890196 -0.2
vn 0.239216 -0.85098 -0.482353
vn -0.0588235 -0.882353 -0.47451
vn 0.176471 -0.968627 -0.215686
vn 0.239216 -0.843137 -0.490196
vn -0.0117647 -0.890196 -0.458824
vn 0.32549 -0.898039 0.301961
vn 0.286275 -0.960784 0.0431373
vn 0.513726 -0.819608 0.254902
vn 0.623529 -0.741176 0.247059
vn 0.419608 -0.756863 -0.513726
vn 0.545098 -0.835294 -0.105882
vn 0.796078 -0.545098 0.254902
vn 0.827451 -0.560784 -0.0431373
vn 0.513726 -0.858824 0.0431373
vn 0.639216 -0.552941 -0.545098
vn 0.113726 0.905882 0.396078
vn 0.176471 0.929412 0.301961
vn 0.270588 0.952941 0.0588236
vn 0.388235 0.717647 -0.576471
vn 0.403922 0.301961 -0.866667
vn 0.937255 -0.184314 0.286275
vn 0.890196 0.160784 0.403922
vn 0.858824 0.372549 0.32549
vn 0.890196 0.160784 0.403922
vn 0.6 0.654902 -0.458824
vn 0.694118 0.701961 0.129412
vn 0.678431 0.717647 -0.105882
vn 0.929412 0.356863 0.0352942
vn 0.286275 0.937255 -0.184314
vn 0.396078 0.858824 0.294118
vn 0.215686 0.890196 -0.403922
vn 0.184314 0.87451 -0.443137
vn 0.968627 -0.192157 -0.152941
vn 0.968627 0.223529 -0.0117647
vn 0.968627 0.223529 -0.0117647
vn 0.788235 0.129412 0.592157
vn 0.694118 0.419608 0.568627
vn 0.498039 0.780392 0.364706
vn 0.45098 0.741176 0.490196
vn 0.647059 0.74902 0.105882
vn 0.286275 0.945098 0.137255
vn 0.647059 0.72549 0.192157
vn 0.32549 0.937255 0.027451
vn 0.670588 0.72549 0.121569
vn 0.6 0.701961 -0.372549
vn 0.811765 0.537255 0.2
vn 0.827451 0.529412 0.145098
vn 0.341177 -0.388235 0.85098
vn 0.482353 -0.356863 0.796078
vn 0.654902 -0.490196 0.576471
vn 0.435294 -0.631373 0.639216
vn 0.0509804 -0.984314 -0.192157
vn 0.333333 -0.921569 -0.215686
vn 0.396078 -0.858824 -0.341176
vn 0.560784 -0.364706 0.733333
vn 0.72549 -0.647059 -0.254902
vn 0.607843 -0.262745 0.741176
vn 0.733333 -0.0588235 0.670588
vn 0.905882 -0.2 -0.372549
vn 0.811765 0.152941 0.560784
vn 0.87451 0.160784 -0.45098
vn 0.772549 0.466667 -0.419608
vn 0.819608 0.254902 0.498039
vn 0.905882 -0.152941 0.388235
vn 0.733333 -0.403922 0.537255
vn 0.694118 -0.505882 0.505882
vn 0.811765 0.152941 0.560784
vn 0.882353 0.113726 0.443137
vn 0.560784 0.796078 -0.215686
vn 0.631373 0.380392 0.662745
vn 0.207843 0.929412 -0.294118
vn 0.396078 0.537255 0.733333
vn 0.47451 0.709804 0.513726
vn 0.733333 0.47451 0.466667
vn 0.835294 0.247059 0.47451
vn 0.87451 0.160784 -0.45098
vn 0.882353 0.113726 0.443137
vn -0.466667 -0.137255 0.87451
vn -0.388235 -0.129412 0.905882
vn -0.529412 0.0509804 0.843137
vn -0.662745 0.0117648 0.74902
vn -0.545098 0.639216 -0.545098
vn -0.521569 0.576471 -0.631373
vn -0.529412 0.513726 -0.686275
vn -0.552941 0.639216 -0.537255
vn -0.913725 0.364706 0.2
vn -0.913725 0.396078 0.082353
vn -0.898039 0.419608 0.129412
vn -0.905882 0.380392 0.2
vn -0.866667 0.435294 0.262745
vn -0.87451 0.356863 0.32549
vn -0.921569 0.184314 0.34902
vn -0.952941 0.247059 0.2
vn -0.560784 0.207843 -0.811765
vn -0.560784 0.301961 -0.780392
vn -0.537255 -0.184314 -0.835294
vn -0.537255 -0.184314 -0.827451
vn -0.419608 -0.0431373 0.905882
vn -0.607843 0.0431373 0.788235
vn -0.615686 0.0745099 0.780392
vn -0.435294 0.0901961 0.890196
vn -0.952941 -0.262745 0.160784
vn -0.984314 0.0196079 0.184314
vn -0.945098 -0.0117647 0.341177
vn -0.921569 -0.247059 0.32549
vn -0.529412 -0.592157 -0.623529
vn -0.521569 -0.521569 -0.686275
vn -0.952941 0.309804 0.027451
vn -0.027451 0.788235 0.607843
vn -0.341176 0.45098 0.819608
vn -0.309804 0.545098 0.772549
vn -0.0117647 0.827451 0.545098
vn -0.72549 -0.521569 -0.466667
vn -0.686275 -0.176471 -0.709804
vn -0.827451 -0.00392157 -0.568627
vn -0.898039 -0.231373 -0.388235
vn 0.00392163 0.898039 0.435294
vn 0.0196079 0.890196 0.443137
vn -0.364706 0.0352942 0.929412
vn -0.372549 0.105882 0.921569
vn -0.45098 -0.309804 0.835294
vn -0.466667 -0.34902 0.811765
vn -0.686275 0.0509804 -0.733333
vn -0.74902 0.0588236 -0.670588
vn -0.819608 0.0196079 -0.584314
vn -0.803922 0.0588236 -0.6
vn -0.984314 -0.2 0.0196079
vn -0.992157 0.129412 0.00392163
vn -0.780392 0.6 0.176471
vn -0.803922 0.568627 0.168628
vn -0.192157 -0.0823529 -0.984314
vn -0.0980392 -0.121569 -0.992157
vn -0.427451 0.184314 -0.890196
vn -0.458824 0.2 -0.866667
vn -0.0745098 0.87451 0.466667
vn -0.615686 0.74902 -0.231373
vn -0.47451 0.45098 -0.764706
vn -0.513726 0.827451 0.223529
vn -0.670588 0.709804 0.231373
vn -0.882353 0.45098 0.121569
vn -0.278431 -0.0588235 -0.960784
vn -0.341176 -0.00392157 -0.945098
vn -0.372549 0.027451 -0.929412
vn -0.168627 0.960784 0.215686
vn -0.529412 0.505882 0.678431
vn -0.0901961 0.105882 0.984314
vn -0.215686 0.898039 -0.380392
vn -0.294118 0.811765 0.490196
vn -0.733333 0.662745 0.152941
vn -0.631373 0.247059 -0.741176
vn -0.639216 0.247059 -0.733333
vn 0.0980393 0.0117648 0.992157
vn -0.623529 0.764706 -0.184314
vn -0.176471 0.0509804 0.976471
vn 0.152941 0.027451 0.984314
vn -0.835294 0.458824 0.317647
vn -0.913725 0.247059 0.32549
vn -0.929412 -0.0352941 0.364706
vn -0.890196 -0.2 0.419608
vn -0.647059 0.0980393 0.756863
vn -0.505882 0.2 0.835294
vn -0.72549 0.223529 0.647059
vn -0.615686 0.372549 0.694118
vn -0.898039 -0.341176 0.278431
vn -0.560784 -0.772549 -0.333333
vn -0.568627 -0.733333 -0.396078
vn -0.913725 -0.223529 0.34902
vn -0.772549 -0.45098 -0.458824
vn -0.647059 -0.647059 -0.411765
vn -0.6 -0.772549 -0.215686
vn -0.85098 0.333333 0.403922
vn -0.717647 0.560784 0.411765
vn -0.952941 -0.184314 0.262745
vn -0.921569 0.380392 0.105882
vn -0.796078 0.607843 0.0431373
vn -0.976471 -0.145098 0.160784
vn -0.843137 -0.152941 -0.521569
vn -0.231373 -0.47451 -0.858824
vn -0.34902 -0.168627 -0.929412
vn -0.254902 -0.780392 -0.584314
vn -0.341176 -0.87451 -0.364706
vn -0.545098 -0.796078 -0.294118
vn -0.435294 -0.905882 0.0431373
vn -0.372549 -0.937255 -0.027451
vn -0.482353 -0.686275 -0.552941
vn -0.513726 -0.866667 -0.0117647
vn -0.772549 0.333333 -0.552941
vn -0.294118 0.317647 -0.905882
vn -0.607843 0.662745 -0.443137
vn -0.184314 0.654902 -0.733333
vn -0.47451 0.85098 -0.239216
vn -0.0745098 0.843137 -0.537255
vn -0.0509804 -0.992157 0.152941
vn -0.105882 -0.992157 0.129412
vn -0.466667 -0.866667 0.184314
vn -0.458824 -0.827451 -0.34902
vn -0.317647 -0.890196 -0.34902
vn -0.027451 -1 0.0509804
vn -0.00392157 -0.898039 -0.45098
vn -0.45098 -0.6 -0.670588
vn -0.00392157 -0.686275 -0.733333
vn 0.00392163 -1 0.113726
vn 0.00392163 -0.984314 -0.215686
vn -0.192157 -0.976471 -0.160784
vn -0.0666667 -1 -0.0745098
vn -0.0588235 -1 0.0980393
vn -0.411765 -0.905882 -0.129412
vn -0.129412 -0.992157 0.0980393
vn -0.152941 -0.984314 0.121569
vn -0.498039 -0.827451 0.270588
vn -0.113725 -0.992157 0.105882
vn -0.443137 -0.898039 0.0980393
vn 0.00392163 -1 0.113726
vn 0.00392163 -0.976471 0.215686
vn -0.552941 -0.545098 -0.639216
vn -0.333333 -0.921569 0.239216
vn -0.537255 -0.819608 0.239216
vn -0.992157 -0.160784 0.0352942
vn -0.498039 -0.788235 0.372549
vn -0.47451 -0.678431 0.560784
vn -0.984314 -0.160784 -0.0823529
vn -0.333333 -0.85098 0.403922
vn -0.0509804 -0.670588 0.741176
vn -0.47451 -0.592157 0.654902
vn -0.0666667 -0.215686 0.968627
vn -0.411765 -0.584314 0.701961
vn -0.388235 -0.105882 0.913725
vn 0.0117648 -0.552941 0.835294
vn -0.647059 -0.529412 0.552941
vn -0.960784 -0.176471 -0.247059
vn -0.843137 0.145098 -0.521569
vn -0.921569 0.294118 -0.262745
vn -0.741176 -0.239216 0.631373
vn -0.960784 -0.0823529 -0.294118
vn -0.976471 0.129412 -0.207843
vn -0.756863 0.152941 0.639216
vn -0.0352941 -0.223529 0.968627
vn -0.160784 0.0901961 0.976471
vn -0.027451 0.513726 0.85098
vn -0.568627 0.568627 0.592157
vn -0.709804 0.262745 -0.662745
vn -0.788235 0.490196 -0.372549
vn -0.560784 -0.74902 0.356863
vn -0.576471 -0.74902 0.32549
vn -0.529412 -0.647059 0.552941
vn -0.513726 -0.592157 0.623529
vn -0.945098 -0.341176 0.0431373
vn -0.945098 -0.34902 0.0117648
vn -0.937255 -0.32549 0.160784
vn -0.615686 -0.772549 0.168628
vn -0.615686 -0.772549 0.176471
vn -0.529412 -0.0823529 0.843137
vn -0.286274 0.231373 0.929412
vn -0.45098 0.027451 0.890196
vn -0.647059 -0.301961 0.701961
vn 0.615686 0.780392 -0.0117647
vn 0.129412 0.984314 0.0980393
vn 0.32549 0.670588 0.654902
vn 0.811765 0.576471 0.0588236
vn -0.356863 0.905882 0.207843
vn -0.301961 0.937255 0.160784
vn -0.301961 0.937255 0.176471
vn -0.372549 0.898039 0.215686
vn -0.270588 0.945098 0.168628
vn -0.262745 0.945098 0.168628
vn -0.419608 0.372549 -0.827451
vn -0.458824 0.152941 -0.882353
vn -0.45098 0.231373 -0.866667
vn -0.403922 0.435294 -0.803922
vn 0.811765 0.403922 -0.403922
vn 0.239216 0.333333 -0.913725
vn 0.0901961 0.835294 -0.537255
vn 0.717647 0.678431 -0.137255
vn -0.811765 0.427451 -0.411765
vn -0.780392 -0.113725 -0.623529
vn -0.968627 -0.278431 -0.0117647
vn -0.670588 0.709804 0.215686
vn 0.576471 0.113726 0.796078
vn 0.929412 0.286275 0.207843
vn -0.662745 0.145098 0.733333
vn -0.364706 -0.34902 0.858824
vn -0.913725 0.223529 0.341177
vn -0.756863 -0.607843 0.247059
vn -0.152941 0.270588 0.945098
vn 0.082353 -0.270588 0.952941
vn 0.0745099 -0.0980392 0.992157
vn 0.0745099 -0.0509804 0.992157
vn -0.0666667 0.984314 0.160784
vn 0.309804 0.843137 0.427451
vn 0.0588236 0.976471 0.192157
vn 0.45098 0.764706 0.443137
vn -0.466667 0.286275 -0.835294
vn -0.45098 0.223529 -0.866667
vn -0.505882 0.756863 -0.419608
vn -0.529412 0.780392 -0.341176
vn -0.301961 0.513726 0.796078
vn -0.192157 -0.905882 0.380392
vn 0.00392163 -0.929412 0.372549
vn 0.00392163 -1 -0.0823529
vn -0.0196078 -1 -0.0196078
vn -0.45098 -0.835294 0.317647
vn 0.00392163 -1 -0.113725
vn -0.0588235 -1 -0.0117647
vn 0.00392163 -0.631373 0.772549
vn 0.00392163 -0.192157 0.976471
vn -0.882353 -0.427451 -0.239216
vn -0.686275 -0.662745 -0.317647
vn -0.87451 0.490196 0.0196079
vn -0.811765 0.568627 0.129412
vn -0.247059 0.835294 0.47451
vn -0.0117647 0.921569 0.372549
vn -0.937255 0.333333 -0.137255
vn 0.254902 0.74902 0.6
vn 0.403922 0.811765 0.411765
vn -0.670588 0.027451 -0.74902
vn -0.639216 0.00392163 -0.772549
vn -0.607843 -0.796078 -0.0431373
vn -0.592157 -0.811765 -0.0196078
vn -0.85098 -0.513726 0.160784
vn -0.764706 0.592157 0.239216
vn -0.145098 0.984314 -0.00392157
vn -0.121569 0.976471 0.152941
vn -0.74902 0.654902 0.0980393
vn -0.921569 0.192157 0.341177
vn -0.921569 0.396078 0.0431373
vn -0.780392 0.00392163 0.631373
vn -0.87451 0.0666667 0.482353
vn -0.607843 0.466667 -0.654902
vn -0.74902 0.513726 -0.427451
vn -0.466667 0.309804 -0.835294
vn -0.364706 0.780392 -0.505882
vn -0.00392157 0.803922 -0.592157
vn -0.00392157 0.309804 -0.952941
vn -0.0745098 0.976471 0.192157
vn -0.6 0.788235 -0.152941
vn -0.0509804 0.960784 0.239216
vn -0.435294 0.0352942 0.898039
vn -0.388235 0.592157 0.701961
vn -0.694118 0.498039 0.513726
vn -0.00392157 0.0431373 0.992157
vn -0.00392157 0.694118 0.717647
vn -0.00392157 0.960784 -0.278431
vn -0.0823529 0.984314 -0.137255
vn 0.0196079 0.984314 -0.145098
vn -0.0117647 0.992157 -0.0745098
vn -0.00392157 0.890196 0.435294
vn -0.294118 0.87451 0.364706
vn -0.00392157 0.992157 0.0666667
vn -0.396078 0.898039 0.192157
vn -0.0196078 0.992157 0.027451
vn -0.0745098 0.984314 0.145098
vn -0.372549 0.921569 0.082353
vn -0.00392157 0.992157 0.0901961
vn -0.00392157 0.992157 -0.105882
vn -0.270588 0.960784 -0.0352941
vn -0.00392157 0.960784 0.270588
vn -0.0823529 0.968627 0.223529
vn -0.00392157 0.984314 0.168628
vn -0.105882 0.960784 0.254902
vn 0.772549 0.584314 0.239216
vn 0.756863 0.639216 0.0980393
vn 0.121569 0.976471 0.152941
vn 0.145098 0.984314 0.00392163
vn 0.921569 0.176471 0.341177
vn 0.921569 0.372549 0.0431373
vn 0.694118 0.490196 0.513726
vn 0.772549 -0.0117647 0.623529
vn 0.607843 0.45098 -0.654902
vn 0.458824 0.309804 -0.835294
vn 0.74902 0.505882 -0.427451
vn 0.356863 0.780392 -0.513726
vn 0.6 0.780392 -0.152941
vn 0.0745099 0.976471 0.192157
vn 0.0431373 0.968627 0.239216
vn 0.388235 0.592157 0.701961
vn 0.435294 0.0352942 0.898039
vn 0.0745099 0.984314 -0.137255
vn -0.0352941 0.984314 -0.137255
vn 0.286275 0.87451 0.364706
vn 0.396078 0.890196 0.192157
vn 0.0666667 0.984314 0.137255
vn 0.0196079 0.992157 0.0352942
vn 0.364706 0.921569 0.082353
vn 0.254902 0.960784 -0.0352941
vn 0.0745099 0.968627 0.223529
vn 0.0980393 0.960784 0.247059
vn 0.866667 0.0431373 0.482353
vn 0.458824 -0.137255 0.87451
vn 0.654902 0.027451 0.74902
vn 0.513726 0.0588236 0.85098
vn 0.372549 -0.121569 0.913725
vn 0.537255 0.639216 -0.545098
vn 0.545098 0.639216 -0.537255
vn 0.521569 0.513726 -0.678431
vn 0.521569 0.584314 -0.623529
vn 0.898039 0.372549 0.207843
vn 0.890196 0.396078 0.207843
vn 0.882353 0.427451 0.137255
vn 0.905882 0.396078 0.0901961
vn 0.866667 0.364706 0.32549
vn 0.85098 0.443137 0.262745
vn 0.937255 0.254902 0.207843
vn 0.913725 0.184314 0.34902
vn 0.552941 0.215686 -0.803922
vn 0.537255 -0.176471 -0.827451
vn 0.537255 -0.176471 -0.827451
vn 0.552941 0.309804 -0.772549
vn 0.411765 -0.0431373 0.905882
vn 0.427451 0.0901961 0.890196
vn 0.615686 0.0666667 0.780392
vn 0.607843 0.0431373 0.788235
vn 0.945098 -0.254902 0.168628
vn 0.913725 -0.239216 0.32549
vn 0.929412 -0.00392157 0.34902
vn 0.976471 0.027451 0.192157
vn 0.521569 -0.521569 -0.678431
vn 0.529412 -0.592157 -0.615686
vn 0.945098 0.309804 0.0431373
vn 0.0196079 0.788235 0.607843
vn 0.00392163 0.827451 0.545098
vn 0.294118 0.545098 0.772549
vn 0.333333 0.45098 0.819608
vn 0.72549 -0.513726 -0.458824
vn 0.898039 -0.223529 -0.380392
vn 0.827451 -0.00392157 -0.560784
vn 0.694118 -0.176471 -0.701961
vn -0.0352941 0.890196 0.435294
vn -0.0196078 0.898039 0.435294
vn 0.356863 0.113726 0.921569
vn 0.34902 0.0431373 0.929412
vn 0.458824 -0.341176 0.819608
vn 0.443137 -0.301961 0.843137
vn 0.694118 0.0509804 -0.72549
vn 0.811765 0.0588236 -0.584314
vn 0.819608 0.027451 -0.568627
vn 0.74902 0.0588236 -0.654902
vn 0.984314 0.129412 0.0196079
vn 0.976471 -0.184314 0.0352942
vn 0.788235 0.576471 0.176471
vn 0.764706 0.607843 0.184314
vn 0.192157 -0.0901961 -0.976471
vn 0.45098 0.207843 -0.866667
vn 0.419608 0.184314 -0.890196
vn 0.0901961 -0.121569 -0.992157
vn 0.0588236 0.882353 0.458824
vn 0.47451 0.443137 -0.756863
vn 0.607843 0.756863 -0.223529
vn 0.505882 0.827451 0.223529
vn 0.87451 0.45098 0.137255
vn 0.662745 0.701961 0.239216
vn 0.278431 -0.0666667 -0.960784
vn 0.372549 0.0196079 -0.929412
vn 0.341177 -0.0117647 -0.945098
vn 0.0666667 0.105882 0.984314
vn 0.513726 0.505882 0.678431
vn 0.152941 0.960784 0.215686
vn 0.215686 0.898039 -0.380392
vn 0.278431 0.811765 0.490196
vn 0.717647 0.670588 0.152941
vn 0.623529 0.254902 -0.741176
vn 0.631373 0.254902 -0.733333
vn -0.121569 0.0196079 0.992157
vn -0.176471 0.0352942 0.984314
vn 0.145098 0.0588236 0.984314
vn 0.607843 0.764706 -0.184314
vn 0.905882 0.247059 0.317647
vn 0.819608 0.458824 0.317647
vn 0.929412 -0.0352941 0.356863
vn 0.647059 0.0901961 0.74902
vn 0.882353 -0.2 0.411765
vn 0.498039 0.192157 0.835294
vn 0.623529 0.372549 0.678431
vn 0.733333 0.215686 0.639216
vn 0.890196 -0.333333 0.286275
vn 0.607843 -0.717647 -0.333333
vn 0.607843 -0.74902 -0.270588
vn 0.905882 -0.231373 0.341177
vn 0.639216 -0.647059 -0.419608
vn 0.764706 -0.443137 -0.466667
vn 0.584314 -0.788235 -0.215686
vn 0.85098 0.32549 0.403922
vn 0.72549 0.545098 0.411765
vn 0.937255 -0.192157 0.270588
vn 0.796078 0.592157 0.0745099
vn 0.913725 0.364706 0.121569
vn 0.968627 -0.168627 0.176471
vn 0.835294 -0.145098 -0.521569
vn 0.223529 -0.466667 -0.858824
vn 0.34902 -0.152941 -0.929412
vn 0.239216 -0.780392 -0.584314
vn 0.317647 -0.882353 -0.356863
vn 0.529412 -0.803922 -0.278431
vn 0.333333 -0.945098 -0.0196078
vn 0.419608 -0.905882 0.0588236
vn 0.466667 -0.694118 -0.545098
vn 0.482353 -0.87451 -0.00392157
vn 0.764706 0.341177 -0.545098
vn 0.294118 0.32549 -0.898039
vn 0.184314 0.654902 -0.733333
vn 0.6 0.662745 -0.435294
vn 0.0666667 0.843137 -0.529412
vn 0.466667 0.85098 -0.231373
vn 0.45098 -0.87451 0.192157
vn 0.0980393 -0.992157 0.129412
vn 0.0431373 -0.992157 0.160784
vn 0.45098 -0.827451 -0.333333
vn 0.027451 -1 0.0588236
vn 0.317647 -0.890196 -0.341176
vn 0.45098 -0.6 -0.662745
vn 0.0666667 -1 -0.0588235
vn 0.2 -0.968627 -0.160784
vn 0.0588236 -1 0.105882
vn 0.411765 -0.905882 -0.129412
vn 0.121569 -0.992157 0.0980393
vn 0.482353 -0.835294 0.270588
vn 0.137255 -0.984314 0.113726
vn 0.113726 -0.992157 0.0980393
vn 0.443137 -0.890196 0.105882
vn 0.552941 -0.552941 -0.631373
vn 0.294118 -0.929412 0.231373
vn 0.498039 -0.835294 0.239216
vn 0.976471 -0.176471 0.0588236
vn 0.458824 -0.803922 0.372549
vn 0.976471 -0.176471 -0.0588235
vn 0.443137 -0.694118 0.568627
vn 0.00392163 -0.670588 0.741176
vn 0.286275 -0.866667 0.403922
vn 0.443137 -0.607843 0.654902
vn 0.0352942 -0.231373 0.968627
vn 0.380392 -0.113725 0.913725
vn 0.411765 -0.592157 0.694118
vn -0.0352941 -0.560784 0.827451
vn 0.631373 -0.537255 0.560784
vn 0.952941 -0.184314 -0.223529
vn 0.929412 0.278431 -0.239216
vn 0.85098 0.137255 -0.505882
vn 0.952941 -0.0823529 -0.278431
vn 0.72549 -0.231373 0.639216
vn 0.968627 0.129412 -0.2
vn 0.741176 0.152941 0.647059
vn 0.0196079 -0.215686 0.976471
vn 0.152941 0.0901961 0.976471
vn 0.552941 0.568627 0.6
vn 0.0117648 0.513726 0.85098
vn 0.717647 0.254902 -0.647059
vn 0.803922 0.47451 -0.34902
vn 0.552941 -0.756863 0.356863
vn 0.505882 -0.592157 0.631373
vn 0.521569 -0.647059 0.560784
vn 0.568627 -0.756863 0.32549
vn 0.937255 -0.333333 0.0509804
vn 0.929412 -0.317647 0.168628
vn 0.937255 -0.341176 0.0196079
vn 0.607843 -0.772549 0.176471
vn 0.607843 -0.780392 0.168628
vn 0.521569 -0.0901961 0.843137
vn 0.639216 -0.309804 0.694118
vn 0.443137 0.027451 0.890196
vn 0.278431 0.231373 0.921569
vn -0.615686 0.788235 -0.0196078
vn -0.811765 0.584314 0.0509804
vn -0.32549 0.678431 0.654902
vn -0.129412 0.984314 0.0980393
vn 0.364706 0.905882 0.207843
vn 0.380392 0.890196 0.215686
vn 0.301961 0.929412 0.176471
vn 0.301961 0.929412 0.160784
vn 0.270588 0.945098 0.168628
vn 0.262745 0.945098 0.168628
vn 0.427451 0.364706 -0.827451
vn 0.411765 0.427451 -0.803922
vn 0.458824 0.215686 -0.858824
vn 0.466667 0.137255 -0.87451
vn -0.819608 0.403922 -0.419608
vn -0.717647 0.678431 -0.152941
vn -0.0823529 0.835294 -0.545098
vn -0.231373 0.32549 -0.921569
vn 0.811765 0.419608 -0.403922
vn 0.788235 -0.121569 -0.607843
vn 0.952941 -0.278431 0.00392163
vn 0.662745 0.701961 0.223529
vn -0.929412 0.301961 0.207843
vn -0.584314 0.121569 0.796078
vn 0.647059 0.137255 0.741176
vn 0.34902 -0.34902 0.866667
vn 0.74902 -0.615686 0.247059
vn 0.905882 0.2 0.34902
vn 0.129412 0.270588 0.945098
vn -0.0901961 -0.0431373 0.992157
vn -0.0901961 -0.0980392 0.984314
vn -0.0980392 -0.270588 0.952941
vn 0.0588236 0.984314 0.152941
vn -0.32549 0.843137 0.427451
vn -0.0745098 0.976471 0.192157
vn -0.458824 0.772549 0.443137
vn 0.466667 0.286275 -0.835294
vn 0.521569 0.772549 -0.341176
vn 0.498039 0.74902 -0.427451
vn 0.458824 0.215686 -0.866667
vn 0.270588 0.521569 0.803922
vn 0.2 -0.905882 0.380392
vn 0.027451 -1 -0.027451
vn 0.45098 -0.835294 0.32549
vn 0.0588236 -1 -0.027451
vn 0.87451 -0.419608 -0.239216
vn 0.678431 -0.662745 -0.317647
vn 0.796078 0.584314 0.137255
vn 0.866667 0.490196 0.027451
vn 0.239216 0.835294 0.482353
vn 0.00392163 0.921569 0.364706
vn 0.929412 0.32549 -0.129412
vn -0.262745 0.74902 0.6
vn -0.411765 0.811765 0.403922
vn 0.639216 0.00392163 -0.772549
vn 0.670588 0.027451 -0.741176
vn 0.584314 -0.811765 -0.0196078
vn 0.6 -0.803922 -0.0509804
vn 0.843137 -0.505882 0.160784
vn -0.0823529 0.968627 0.215686
vn -0.00392157 0.952941 -0.294118
vn -0.00392157 0.968627 0.239216
vn -0.32549 0.929412 0.160784
vn -0.427451 0.803922 -0.419608
vn -0.992157 0.145098 -0.0431373
vn -0.866667 0.403922 -0.294118
vn -0.796078 0.513726 0.333333
vn -0.811765 -0.0117647 0.584314
vn 0.027451 0.223529 -0.976471
vn -0.498039 0.301961 -0.811765
vn -0.505882 0.278431 -0.819608
vn -0.0431373 0.192157 -0.984314
vn -0.505882 0.443137 -0.74902
vn -0.568627 0.380392 -0.741176
vn -0.576471 0.356863 -0.741176
vn -0.505882 0.427451 -0.74902
vn -0.560784 0.176471 -0.811765
vn -0.576471 0.121569 -0.811765
vn -0.521569 -0.0509804 -0.858824
vn -0.537255 -0.0823529 -0.85098
vn -0.286274 0.929412 0.223529
vn -0.301961 0.929412 0.176471
vn -0.309804 0.866667 0.388235
vn -0.568627 0.796078 0.207843
vn -0.623529 0.427451 0.647059
vn -0.835294 0.545098 0.0745099
vn -0.184314 0.968627 0.145098
vn 0.0352942 0.992157 0.00392163
vn 0.0117648 0.992157 0.0431373
vn -0.137255 0.976471 0.160784
vn 0.0588236 0.984314 -0.137255
vn -0.0196078 0.992157 -0.0980392
vn -0.364706 0.929412 -0.0196078
vn -0.419608 0.905882 -0.0509804
vn -0.45098 0.890196 -0.0509804
vn -0.0117647 0.984314 -0.160784
vn -0.482353 0.87451 -0.0196078
vn -0.129412 0.976471 -0.160784
vn -0.654902 0.0666667 0.74902
vn -0.976471 0.0196079 0.223529
vn -0.639216 -0.0352941 -0.772549
vn -1 0.00392163 -0.00392157
vn -0.898039 0.427451 -0.113725
vn -0.490196 0.215686 -0.85098
vn 0.560784 0.796078 -0.2
vn -0.160784 0.984314 -0.0509804
vn -0.239216 0.960784 0.0901961
vn 0.372549 0.898039 -0.2
vn -0.113725 0.945098 0.286275
vn -0.00392157 0.945098 0.309804
vn -0.00392157 0.952941 -0.301961
vn 0.215686 0.929412 -0.278431
vn 0.733333 0.639216 -0.2
vn -0.0823529 0.992157 -0.0823529
vn 0.780392 0.568627 -0.231373
vn -0.0196078 0.992157 -0.121569
vn 0.811765 0.513726 -0.247059
vn 0.027451 0.992157 -0.105882
vn 0.0117648 0.945098 -0.317647
vn 0.6 0.545098 -0.584314
vn 0.0901961 0.388235 -0.921569
vn -0.333333 0.858824 -0.396078
vn -0.137255 0.898039 0.396078
vn -0.00392157 0.945098 0.317647
vn -0.898039 -0.0588235 -0.443137
vn -0.85098 0.356863 -0.396078
vn -0.529412 0.788235 0.309804
vn -0.592157 0.788235 0.152941
vn -0.662745 0.74902 0.0745099
vn -0.647059 0.756863 0.027451
vn -0.639216 0.772549 0.0431373
vn -0.568627 0.819608 0.0745099
vn -0.427451 0.87451 0.231373
vn -0.168627 -0.976471 0.145098
vn 0.00392163 -1 -0.105882
vn -0.435294 -0.866667 -0.254902
vn -0.32549 -0.937255 0.160784
vn -0.45098 -0.85098 0.270588
vn -0.521569 -0.788235 -0.341176
vn -0.992157 -0.129412 -0.00392157
vn -0.952941 -0.317647 0.027451
vn -0.0117647 -0.615686 -0.796078
vn -0.0117647 -0.607843 -0.803922
vn -0.505882 -0.560784 -0.662745
vn -0.505882 -0.552941 -0.670588
vn -0.47451 -0.364706 -0.803922
vn -0.482353 -0.231373 -0.85098
vn -0.490196 -0.254902 -0.843137
vn -0.482353 -0.364706 -0.803922
vn -0.686275 -0.435294 -0.592157
vn -0.678431 -0.443137 -0.6
vn -0.223529 -0.85098 0.482353
vn -0.262745 -0.945098 0.207843
vn -0.278431 -0.945098 0.2
vn -0.466667 -0.858824 0.215686
vn -0.584314 -0.301961 0.756863
vn -0.796078 -0.607843 0.105882
vn -0.207843 -0.968627 0.168628
vn -0.105882 -1 0.0588236
vn -0.00392157 -0.976471 -0.223529
vn -0.00392157 -1 0.082353
vn -0.584314 -0.811765 0.121569
vn -0.592157 -0.756863 0.301961
vn -0.513726 -0.866667 -0.00392157
vn 0.0588236 -0.482353 -0.882353
vn -0.341176 -0.87451 -0.356863
vn -0.490196 -0.780392 -0.403922
vn -0.184314 -0.45098 -0.882353
vn -0.458824 -0.301961 -0.843137
vn -0.87451 -0.47451 -0.121569
vn 0.662745 -0.741176 -0.129412
vn 0.0745099 -1 -0.0980392
vn -0.294118 -0.937255 0.223529
vn -0.027451 -1 0.0431373
vn -0.0901961 -0.905882 0.419608
vn 0.223529 -0.976471 0.0431373
vn -0.113725 -1 0.0117648
vn -0.0980392 -0.905882 0.419608
vn 0.756863 -0.639216 -0.145098
vn -0.0745098 -1 0.0117648
vn -0.0196078 -1 -0.027451
vn 0.788235 -0.584314 -0.168627
vn 0.0117648 -1 -0.0431373
vn 0.819608 -0.537255 -0.207843
vn -0.00392157 -0.968627 -0.254902
vn 0.576471 -0.6 -0.560784
vn 0.00392163 -0.960784 0.270588
vn -0.0509804 -1 0.0431373
vn -0.819608 -0.435294 -0.388235
vn -0.639216 -0.756863 0.168628
vn -0.647059 -0.764706 0.0901961
vn -0.678431 -0.733333 0.113726
vn -0.607843 -0.788235 0.113726
vn -0.505882 -0.85098 0.168628
vn -0.34902 -0.905882 0.262745
vn -0.435294 -0.905882 -0.0117647
vn -0.372549 -0.937255 0.00392163
vn -0.286274 -0.960784 0.0509804
vn -0.607843 0.631373 -0.482353
vn -0.529412 0.843137 0.105882
vn -0.678431 -0.717647 -0.207843
vn -0.866667 -0.505882 0.0509804
vn -0.670588 -0.498039 0.552941
vn -0.545098 0.827451 0.152941
vn -0.380392 0.85098 -0.356863
vn -0.576471 -0.654902 -0.498039
vn -0.372549 -0.827451 -0.435294
vn -0.333333 -0.458824 -0.827451
vn -0.482353 0.780392 -0.396078
vn -0.639216 0.615686 -0.458824
vn -0.160784 0.356863 -0.921569
vn -0.278431 0.341177 -0.898039
vn -0.866667 0.482353 0.121569
vn -0.890196 0.466667 -0.0509804
vn -0.905882 0.435294 -0.027451
vn -0.921569 0.372549 0.0980393
vn -0.913725 0.396078 0.113726
vn -0.819608 0.388235 0.427451
vn -0.811765 0.466667 0.34902
vn -0.866667 0.498039 0.00392163
vn -0.866667 0.505882 0.027451
vn -0.898039 0.435294 0.0745099
vn -0.819608 0.545098 0.184314
vn -0.835294 0.443137 0.333333
vn -0.882353 0.45098 0.113726
vn -0.843137 0.545098 0.0509804
vn -0.866667 0.498039 0.0431373
vn -0.913725 0.403922 0.0588236
vn -0.843137 0.537255 0.0196079
vn -0.87451 0.482353 0.0666667
vn -0.905882 0.419608 0.0666667
vn -0.890196 0.45098 0.0509804
vn -0.905882 0.419608 0.105882
vn -0.992157 0.0509804 0.160784
vn -1 0.0509804 0.0980393
vn -0.858824 0.505882 0.0666667
vn -0.890196 0.45098 0.0117648
vn -0.239216 0.968627 0.0431373
vn -0.192157 0.976471 -0.0666667
vn -0.254902 0.741176 0.615686
vn 0.0196079 0.984314 -0.129412
vn -0.00392157 0.984314 -0.168627
vn -0.2 0.960784 -0.160784
vn -0.2 0.72549 -0.654902
vn -0.709804 0.301961 -0.639216
vn -0.129412 0.976471 -0.160784
vn -0.380392 0.85098 -0.356863
vn -0.0117647 0.984314 -0.160784
vn 0.0588236 0.984314 -0.137255
vn -0.0196078 0.992157 -0.0980392
vn 0.278431 0.952941 0.0117648
vn -0.309804 0.866667 0.388235
vn -0.631373 0.411765 0.654902
vn -0.623529 0.427451 0.647059
vn -0.85098 0.356863 -0.396078
vn -0.905882 0.0588236 0.419608
vn -1 0.0509804 0.0352942
vn -0.921569 0.0431373 0.396078
vn -1 0.0509804 0.0509804
vn -1 0.0509804 0.0666667
vn -0.709804 0.0588236 0.701961
vn -1 0.0431373 0.0588236
vn -0.866667 -0.505882 0.0666667
vn -0.882353 -0.482353 -0.0117647
vn -0.882353 -0.458824 0.152941
vn -0.882353 -0.466667 0.145098
vn -0.858824 -0.396078 0.34902
vn -0.85098 -0.333333 0.419608
vn -0.937255 -0.34902 0.105882
vn -0.890196 -0.47451 -0.00392157
vn -0.921569 -0.396078 0.0901961
vn -0.890196 -0.466667 0.0352942
vn -0.87451 -0.380392 0.317647
vn -0.85098 -0.490196 0.2
vn -0.921569 -0.380392 0.113726
vn -0.87451 -0.498039 0.0745099
vn -0.921569 -0.396078 0.082353
vn -0.890196 -0.458824 0.0588236
vn -0.858824 -0.513726 0.0588236
vn -0.905882 -0.419608 0.0980393
vn -0.890196 -0.45098 0.0901961
vn -0.87451 -0.482353 0.082353
vn -0.890196 -0.435294 0.168628
vn -0.733333 -0.662745 0.168628
vn -0.0666667 -1 -0.0509804
vn -0.105882 -0.992157 0.113726
vn -0.0196078 -0.803922 0.592157
vn 0.0901961 -0.992157 -0.0901961
vn 0.0745099 -0.992157 -0.152941
vn -0.2 -0.764706 -0.623529
vn -0.00392157 -0.992157 -0.160784
vn -0.701961 -0.32549 -0.639216
vn -0.372549 -0.827451 -0.435294
vn 0.105882 -0.984314 -0.184314
vn 0.0666667 -0.992157 -0.152941
vn 0.137255 -0.992157 -0.0980392
vn 0.113726 -0.992157 -0.0588235
vn 0.2 -0.976471 0.0980393
vn -0.584314 -0.301961 0.756863
vn -0.584314 -0.356863 0.72549
vn -0.223529 -0.85098 0.482353
vn -0.819608 -0.435294 -0.388235
vn -0.905882 -0.427451 0.0980393
vn -1 0.0431373 0.00392163
vn -0.898039 -0.0588235 -0.443137
vn -0.819608 0.00392163 -0.584314
vn -0.654902 0.0666667 0.74902
vn 0.2 -0.976471 0.0980393
vn -0.223529 -0.968627 0.137255
vn 0.113726 -0.992157 -0.0588235
vn 0.137255 -0.992157 -0.0980392
vn 0.0666667 -0.992157 -0.152941
vn 0.105882 -0.984314 -0.184314
vn -0.00392157 -0.992157 0.168628
vn -0.317647 0.945098 0.0588236
vn -0.356863 0.929412 0.0901961
vn 0.0666667 0.968627 0.215686
vn 0.278431 0.937255 0.160784
vn 0.317647 0.929412 0.152941
vn 0.984314 0.145098 -0.0431373
vn 0.811765 -0.0196078 0.576471
vn 0.788235 0.513726 0.32549
vn 0.858824 0.403922 -0.301961
vn 0.490196 0.294118 -0.819608
vn 0.490196 0.301961 -0.819608
vn 0.482353 0.356863 -0.803922
vn 0.490196 0.34902 -0.796078
vn 0.529412 0.278431 -0.803922
vn 0.521569 0.286275 -0.803922
vn 0.568627 0.113726 -0.811765
vn 0.552941 0.168628 -0.811765
vn 0.529412 -0.0666667 -0.843137
vn 0.521569 -0.0431373 -0.85098
vn 0.247059 0.945098 0.2
vn 0.552941 0.788235 0.231373
vn 0.32549 0.85098 0.388235
vn 0.286275 0.937255 0.176471
vn 0.819608 0.552941 0.0666667
vn 0.615686 0.435294 0.647059
vn 0.152941 0.960784 0.223529
vn 0.121569 0.968627 0.2
vn -0.0666667 0.984314 -0.129412
vn 0.411765 0.905882 -0.0509804
vn 0.356863 0.929412 -0.027451
vn 0.0117648 0.992157 -0.0980392
vn 0.443137 0.890196 -0.0431373
vn 0.00392163 0.984314 -0.152941
vn 0.47451 0.87451 -0.0117647
vn 0.121569 0.976471 -0.160784
vn 0.654902 0.0509804 0.74902
vn 0.968627 0.027451 0.223529
vn 0.647059 -0.0117647 -0.764706
vn 0.498039 0.231373 -0.835294
vn 0.890196 0.435294 -0.0823529
vn 0.992157 0.00392163 0.0117648
vn -0.592157 0.780392 -0.2
vn -0.380392 0.898039 -0.2
vn 0.231373 0.960784 0.082353
vn 0.105882 0.992157 -0.0509804
vn 0.105882 0.945098 0.278431
vn -0.231373 0.929412 -0.278431
vn -0.741176 0.639216 -0.207843
vn 0.0745099 0.992157 -0.0823529
vn 0.0117648 0.992157 -0.113725
vn -0.788235 0.568627 -0.247059
vn -0.0352941 0.992157 -0.105882
vn -0.819608 0.513726 -0.254902
vn -0.0196078 0.945098 -0.317647
vn 0.333333 0.858824 -0.388235
vn -0.0745098 0.388235 -0.921569
vn -0.6 0.545098 -0.592157
vn 0.129412 0.905882 0.396078
vn 0.85098 0.364706 -0.372549
vn 0.898039 -0.0431373 -0.427451
vn 0.513726 0.788235 0.32549
vn 0.584314 0.788235 0.168628
vn 0.639216 0.756863 0.0352942
vn 0.654902 0.74902 0.082353
vn 0.623529 0.772549 0.0509804
vn 0.552941 0.827451 0.0666667
vn 0.419608 0.87451 0.223529
vn 0.160784 -0.976471 0.145098
vn 0.403922 -0.882353 -0.270588
vn 0.309804 -0.937255 0.145098
vn 0.466667 -0.843137 0.254902
vn 0.505882 -0.819608 -0.278431
vn 0.992157 -0.121569 -0.00392157
vn 0.945098 -0.32549 0.0196079
vn 0.482353 -0.560784 -0.678431
vn 0.490196 -0.560784 -0.670588
vn 0.513726 -0.47451 -0.717647
vn 0.513726 -0.47451 -0.717647
vn 0.490196 -0.396078 -0.780392
vn 0.490196 -0.388235 -0.788235
vn 0.686275 -0.419608 -0.592157
vn 0.694118 -0.427451 -0.584314
vn 0.192157 -0.866667 0.466667
vn 0.458824 -0.85098 0.247059
vn 0.262745 -0.945098 0.192157
vn 0.254902 -0.952941 0.192157
vn 0.545098 -0.32549 0.764706
vn 0.803922 -0.576471 0.137255
vn 0.2 -0.968627 0.160784
vn 0.113726 -0.984314 0.176471
vn 0.576471 -0.811765 0.121569
vn 0.498039 -0.866667 -0.00392157
vn 0.576471 -0.756863 0.294118
vn -0.0901961 -0.466667 -0.890196
vn 0.160784 -0.443137 -0.890196
vn 0.47451 -0.780392 -0.411765
vn 0.32549 -0.87451 -0.364706
vn 0.87451 -0.47451 -0.121569
vn 0.458824 -0.278431 -0.843137
vn -0.607843 -0.788235 -0.145098
vn 0.0745099 -1 0.0196079
vn 0.207843 -0.968627 0.145098
vn -0.372549 -0.921569 -0.152941
vn -0.0588235 -0.945098 0.341177
vn -0.435294 -0.898039 -0.113725
vn -0.764706 -0.639216 -0.137255
vn 0.0509804 -1 0.0117648
vn -0.803922 -0.576471 -0.176471
vn 0.00392163 -1 -0.027451
vn -0.827451 -0.529412 -0.223529
vn -0.027451 -1 -0.0588235
vn -0.00392157 -0.968627 -0.270588
vn -0.592157 -0.584314 -0.568627
vn 0.0431373 -0.866667 0.498039
vn 0.819608 -0.419608 -0.388235
vn 0.623529 -0.764706 0.168628
vn 0.670588 -0.733333 0.113726
vn 0.631373 -0.772549 0.0901961
vn 0.6 -0.788235 0.113726
vn 0.505882 -0.858824 0.121569
vn 0.380392 -0.882353 0.278431
vn 0.419608 -0.905882 -0.0117647
vn 0.356863 -0.937255 -0.00392157
vn 0.286275 -0.960784 0.0431373
vn 0.521569 0.843137 0.105882
vn 0.6 0.631373 -0.490196
vn 0.647059 -0.505882 0.568627
vn 0.85098 -0.521569 -0.0588235
vn 0.694118 -0.694118 -0.215686
vn 0.380392 0.85098 -0.34902
vn 0.521569 0.827451 0.168628
vn 0.568627 -0.647059 -0.505882
vn 0.364706 -0.827451 -0.435294
vn 0.32549 -0.443137 -0.835294
vn 0.647059 0.623529 -0.435294
vn 0.482353 0.780392 -0.380392
vn 0.301961 0.34902 -0.890196
vn 0.176471 0.364706 -0.913725
vn 0.858824 0.482353 0.113726
vn 0.890196 0.443137 0.0901961
vn 0.87451 0.466667 -0.0431373
vn 0.882353 0.458824 -0.0588235
vn 0.905882 0.396078 0.129412
vn 0.858824 0.498039 0.0196079
vn 0.796078 0.458824 0.364706
vn 0.796078 0.380392 0.443137
vn 0.890196 0.435294 0.0901961
vn 0.858824 0.505882 0.0431373
vn 0.803922 0.545098 0.2
vn 0.819608 0.435294 0.34902
vn 0.87451 0.45098 0.129412
vn 0.827451 0.545098 0.0588236
vn 0.905882 0.411765 0.0588236
vn 0.858824 0.498039 0.0431373
vn 0.835294 0.537255 0.027451
vn 0.866667 0.482353 0.0588236
vn 0.898039 0.419608 0.0588236
vn 0.882353 0.45098 0.0431373
vn 0.898039 0.411765 0.105882
vn 0.984314 0.0509804 0.152941
vn 0.992157 0.0509804 0.0901961
vn 0.788235 0.6 0.0745099
vn 0.882353 0.45098 0.00392163
vn 0.184314 0.976471 -0.0666667
vn 0.309804 0.945098 0.0666667
vn 0.262745 0.788235 0.545098
vn -0.027451 0.992157 -0.129412
vn -0.00392157 0.984314 -0.160784
vn 0.207843 0.733333 -0.647059
vn 0.184314 0.968627 -0.160784
vn 0.717647 0.317647 -0.615686
vn 0.380392 0.85098 -0.34902
vn 0.121569 0.976471 -0.160784
vn 0.00392163 0.984314 -0.152941
vn -0.0666667 0.984314 -0.129412
vn 0.0117648 0.992157 -0.0980392
vn -0.286274 0.952941 0.0117648
vn 0.32549 0.85098 0.388235
vn 0.615686 0.435294 0.647059
vn 0.623529 0.419608 0.654902
vn 0.85098 0.364706 -0.372549
vn 0.992157 0.0509804 0.0509804
vn 0.898039 0.0431373 0.427451
vn 0.905882 0.0352942 0.411765
vn 0.992157 0.0509804 0.0666667
vn 0.992157 0.0509804 0.0588236
vn 0.694118 0.0509804 0.709804
vn 0.992157 0.0431373 0.0588236
vn 0.866667 -0.498039 -0.0196078
vn 0.87451 -0.466667 0.129412
vn 0.87451 -0.458824 0.137255
vn 0.890196 -0.45098 -0.0352941
vn 0.835294 -0.403922 0.34902
vn 0.882353 -0.47451 0.00392163
vn 0.921569 -0.356863 0.113726
vn 0.835294 -0.34902 0.427451
vn 0.882353 -0.466667 0.0352942
vn 0.905882 -0.403922 0.0901961
vn 0.843137 -0.498039 0.2
vn 0.858824 -0.388235 0.32549
vn 0.913725 -0.380392 0.121569
vn 0.858824 -0.498039 0.082353
vn 0.882353 -0.466667 0.0588236
vn 0.913725 -0.396078 0.082353
vn 0.85098 -0.521569 0.0509804
vn 0.882353 -0.458824 0.082353
vn 0.898039 -0.427451 0.082353
vn 0.882353 -0.466667 0.082353
vn 0.882353 -0.443137 0.152941
vn 0.74902 -0.654902 0.113726
vn 0.0980393 -0.992157 0.105882
vn 0.082353 -1 -0.027451
vn 0.027451 -0.827451 0.560784
vn -0.105882 -0.992157 -0.0901961
vn -0.0901961 -0.984314 -0.168627
vn -0.00392157 -0.992157 -0.176471
vn 0.2 -0.74902 -0.631373
vn 0.709804 -0.301961 -0.639216
vn -0.113725 -0.976471 -0.2
vn 0.364706 -0.827451 -0.435294
vn -0.0823529 -0.992157 -0.160784
vn -0.152941 -0.992157 -0.105882
vn -0.113725 -1 -0.0431373
vn -0.207843 -0.976471 0.0901961
vn 0.545098 -0.32549 0.764706
vn 0.192157 -0.866667 0.466667
vn 0.568627 -0.34902 0.741176
vn 0.819608 -0.419608 -0.388235
vn 0.898039 -0.427451 0.082353
vn 0.992157 0.0509804 -0.00392157
vn 0.898039 -0.0431373 -0.427451
vn 0.819608 0.0196079 -0.568627
vn 0.654902 0.0509804 0.74902
vn 0.262745 -0.952941 0.152941
vn -0.207843 -0.976471 0.0901961
vn -0.113725 -1 -0.0431373
vn -0.152941 -0.992157 -0.105882
vn -0.0823529 -0.992157 -0.160784
vn -0.113725 -0.976471 -0.2
vn 0.309804 0.945098 0.0509804
vn 0.34902 0.929412 0.082353
vn -0.403922 0.905882 -0.137255
vn -0.427451 0.898039 0.0117648
vn -0.898039 0.443137 -0.0509804
vn -0.858824 0.498039 -0.137255
vn -0.662745 -0.74902 -0.0666667
vn -0.639216 -0.780392 0.0431373
vn -0.231373 -0.976471 -0.0117647
vn -0.2 -0.976471 -0.113725
vn -1 -0.0196078 0.0196079
vn -0.984314 0.0117648 0.184314
vn -0.803922 -0.537255 0.286275
vn -0.796078 -0.6 0.121569
vn 0.827451 -0.552941 -0.0666667
vn 0.733333 -0.662745 -0.152941
vn 0.317647 -0.952941 0.0509804
vn 0.411765 -0.898039 0.184314
vn -0.803922 0.576471 0.152941
vn -0.858824 0.513726 -0.0352941
vn -0.364706 0.882353 -0.294118
vn -0.231373 0.968627 -0.00392157
vn -0.121569 -1 -0.0196078
vn -0.0980392 -1 -0.0352941
vn -0.686275 -0.733333 -0.0117647
vn -0.701961 -0.717647 -0.0352941
vn 0.898039 -0.372549 -0.223529
vn 0.45098 -0.882353 -0.121569
vn 0.482353 -0.87451 -0.0823529
vn 0.905882 -0.380392 -0.152941
vn -0.984314 -0.176471 -0.0588235
vn -0.984314 -0.2 -0.0588235
vn -0.72549 -0.694118 -0.0745098
vn -0.176471 -0.984314 -0.0745098
vn 0.482353 -0.866667 -0.113725
vn 0.882353 -0.427451 -0.192157
vn 0.145098 0.976471 -0.137255
vn 0.2 0.968627 -0.129412
vn -0.419608 0.87451 -0.231373
vn 0.215686 0.898039 -0.388235
vn 0.372549 0.811765 -0.443137
vn -0.129412 -0.992157 0.082353
vn -0.733333 -0.678431 0.121569
vn -1 -0.105882 -0.0509804
vn -0.694118 -0.717647 0.121569
vn -1 -0.0901961 -0.0431373
vn -0.976471 -0.113725 -0.223529
vn -0.741176 -0.670588 -0.105882
vn 0.929412 0.317647 -0.176471
vn 0.937255 0.254902 -0.223529
vn 0.419608 0.890196 -0.168627
vn 0.419608 0.890196 -0.152941
vn 0.443137 -0.898039 0.0431373
vn -0.129412 -0.984314 0.145098
vn -0.192157 -0.984314 -0.00392157
vn 0.396078 -0.913725 -0.105882
vn 0.32549 -0.937255 -0.145098
vn 0.207843 -0.984314 -0.0117647
vn -0.976471 -0.231373 -0.0666667
vn -0.984314 -0.2 -0.0509804
vn -0.937255 0.34902 -0.0431373
vn -0.905882 0.419608 0.0509804
vn 0.937255 0.254902 -0.223529
vn 0.929412 0.317647 -0.176471
vn 0.890196 0.364706 -0.270588
vn -0.984314 -0.2 0.0509804
vn -0.686275 -0.733333 0.0196079
vn -0.87451 0.482353 -0.00392157
vn -0.858824 0.490196 -0.145098
vn -0.654902 -0.741176 0.184314
vn -0.968627 -0.176471 0.176471
vn -0.905882 0.419608 0.0901961
vn -0.427451 0.898039 -0.113725
vn -0.498039 0.866667 -0.0117647
vn 0.160784 0.976471 -0.113725
vn 0.247059 0.937255 -0.223529
vn 0.701961 -0.709804 -0.0980392
vn 0.717647 -0.686275 -0.105882
vn 0.803922 -0.584314 -0.129412
vn 0.890196 -0.45098 -0.0509804
vn 0.2 0.960784 -0.192157
vn 0.2 0.952941 -0.215686
vn 0.709804 0.639216 -0.278431
vn 0.741176 0.607843 -0.278431
vn 0.192157 -0.968627 -0.160784
vn 0.662745 -0.678431 -0.32549
vn 0.717647 -0.694118 -0.113725
vn 0.223529 -0.976471 0.0431373
vn -0.490196 0.858824 -0.145098
vn -0.223529 0.968627 -0.0980392
vn -0.835294 0.545098 0.00392163
vn -0.356863 0.921569 -0.121569
vn -0.905882 0.419608 -0.0745098
vn -0.87451 0.482353 -0.0980392
vn -0.286274 0.945098 -0.168627
vn 0.388235 -0.921569 0.0117648
vn 0.898039 -0.419608 -0.145098
vn 0.733333 0.537255 -0.396078
vn 0.898039 0.239216 -0.356863
vn -0.458824 0.866667 -0.207843
vn -0.968627 0.0352942 0.262745
vn -1 -0.027451 0.082353
vn -0.717647 -0.615686 0.341177
vn -0.137255 -0.952941 0.294118
vn -0.992157 0.0117648 0.129412
vn -0.796078 -0.592157 0.160784
vn 0.435294 0.890196 -0.105882
vn 0.898039 0.427451 0.00392163
vn 0.866667 0.45098 -0.184314
vn 0.403922 0.898039 -0.152941
vn -0.937255 0.34902 -0.0745098
vn -0.435294 0.890196 -0.121569
vn 0.427451 0.87451 -0.207843
vn 0.890196 0.364706 -0.270588
vn 0.898039 0.239216 -0.356863
vn 0.937255 -0.0117647 -0.341176
vn -0.223529 -0.929412 0.309804
vn -0.239216 -0.968627 0.0901961
vn 0.47451 -0.882353 0.00392163
vn 0.482353 -0.85098 0.2
vn 0.866667 0.45098 -0.184314
vn 0.929412 -0.34902 -0.105882
vn 0.937255 -0.317647 0.0901961
vn 0.898039 0.427451 0.00392163
vn -0.905882 0.34902 -0.247059
vn -0.380392 0.898039 -0.231373
vn 0.262745 0.921569 -0.270588
vn 0.968627 -0.027451 -0.231373
vn 0.952941 0.0352942 -0.286274
vn 0.976471 -0.0745098 -0.2
vn 0.984314 0.129412 -0.0980392
vn 0.976471 0.0745099 -0.192157
vn 0.929412 -0.027451 -0.356863
vn 0.976471 -0.0745098 -0.2
vn 0.709804 0.686275 -0.113725
vn 0.701961 0.662745 -0.231373
vn 0.952941 0.0352942 -0.286274
vn 0.662745 0.694118 -0.262745
vn -0.192157 -0.976471 0.145098
vn -0.215686 -0.976471 -0.0588235
vn -0.2 -0.968627 0.168628
vn 0.976471 0.0117648 -0.207843
vn -0.607843 0.796078 0.027451
vn -0.6 0.780392 0.176471
vn -0.937255 0.309804 0.152941
vn -0.921569 0.341177 0.184314
vn 0.521569 -0.709804 -0.47451
vn 0.576471 -0.819608 -0.027451
vn 0.952941 -0.301961 -0.0196078
vn 0.819608 -0.341176 -0.458824
vn 0.537255 0.435294 -0.717647
vn 0.686275 -0.184314 -0.709804
vn 0.984314 0.168628 -0.0196078
vn 0.717647 0.686275 -0.113725
vn -0.537255 0.819608 0.207843
vn -0.905882 0.380392 0.207843
vn -0.945098 -0.254902 0.223529
vn -0.960784 -0.254902 0.160784
vn -0.647059 -0.764706 0.082353
vn -0.105882 -0.992157 -0.0823529
vn -0.87451 -0.490196 0.0431373
vn -0.992157 -0.121569 0.0745099
vn -0.976471 -0.160784 0.160784
vn -0.858824 -0.505882 0.105882
vn 0.0745099 0.866667 -0.490196
vn 0.0117648 0.545098 -0.843137
vn 0.00392163 -0.0352941 -1
vn -0.0352941 -0.686275 -0.733333
vn -0.0196078 -0.372549 -0.929412
vn 0.0901961 -0.858824 -0.513726
vn 0.0117648 -0.905882 -0.427451
vn -0.403922 -0.898039 -0.192157
vn -0.913725 0.356863 0.207843
vn -0.00392157 -0.356863 -0.937255
vn 0.082353 0.992157 -0.00392157
vn 0.984314 0.168628 -0.0196078
vn 0.686275 -0.184314 -0.709804
vn -0.00392157 -0.356863 -0.937255
vn 0.984314 0.129412 -0.0980392
vn 0.686275 0.694118 -0.215686
vn -0.121569 0.984314 0.0666667
vn -0.0117647 0.976471 -0.207843
vn -0.388235 0.87451 -0.278431
vn -0.356863 0.890196 -0.270588
vn -0.00392157 0.976471 -0.207843
vn -0.278431 0.87451 -0.388235
vn -0.0117647 0.890196 -0.458824
vn -0.270588 0.960784 -0.0117647
vn -0.647059 0.741176 0.145098
vn -0.513726 -0.827451 -0.247059
vn -0.85098 -0.537255 0.0431373
vn -0.0117647 -0.968627 -0.254902
vn -0.00392157 -1 -0.027451
vn -0.207843 -0.984314 -0.0431373
vn -0.184314 -0.976471 -0.129412
vn -0.623529 -0.780392 -0.137255
vn -0.623529 -0.788235 -0.0352941
vn -0.278431 0.937255 -0.176471
vn -0.435294 0.85098 -0.301961
vn -0.419608 0.905882 -0.0666667
vn 0.701961 0.670588 -0.223529
vn 0.976471 0.0745099 -0.192157
vn 0.976471 0.0117648 -0.207843
vn 0.929412 -0.027451 -0.356863
vn 0.968627 -0.027451 -0.231373
vn 0.937255 -0.0117647 -0.341176
vn 0.396078 0.905882 -0.129412
vn 0.85098 0.498039 -0.121569
vn 0.890196 0.443137 -0.0352941
vn 0.419608 0.905882 0.0196079
vn 0.654902 -0.74902 -0.0666667
vn 0.184314 -0.976471 -0.121569
vn 0.223529 -0.976471 -0.0117647
vn 0.631373 -0.780392 0.0509804
vn 0.992157 -0.0196078 0.027451
vn 0.788235 -0.607843 0.129412
vn 0.788235 -0.537255 0.278431
vn 0.976471 0.00392163 0.184314
vn -0.835294 -0.552941 -0.0588235
vn -0.411765 -0.898039 0.192157
vn -0.317647 -0.952941 0.0431373
vn -0.733333 -0.670588 -0.160784
vn 0.796078 0.576471 0.137255
vn 0.231373 0.968627 -0.0117647
vn 0.356863 0.882353 -0.301961
vn 0.85098 0.505882 -0.0352941
vn 0.113726 -1 -0.027451
vn 0.694118 -0.717647 -0.0352941
vn 0.678431 -0.733333 -0.0117647
vn 0.0901961 -1 -0.027451
vn -0.905882 -0.372549 -0.223529
vn -0.913725 -0.380392 -0.152941
vn -0.490196 -0.87451 -0.0823529
vn -0.466667 -0.882353 -0.113725
vn 0.976471 -0.176471 -0.0588235
vn 0.709804 -0.694118 -0.0745098
vn 0.976471 -0.2 -0.0509804
vn 0.168628 -0.984314 -0.0823529
vn -0.890196 -0.419608 -0.192157
vn -0.490196 -0.866667 -0.121569
vn -0.215686 0.968627 -0.137255
vn -0.152941 0.976471 -0.137255
vn -0.372549 0.819608 -0.443137
vn -0.215686 0.898039 -0.388235
vn 0.411765 0.87451 -0.223529
vn 0.72549 -0.678431 0.113726
vn 0.121569 -0.992157 0.082353
vn 0.992157 -0.105882 -0.0509804
vn 0.686275 -0.717647 0.129412
vn 0.733333 -0.670588 -0.105882
vn 0.968627 -0.105882 -0.207843
vn 0.992157 -0.0823529 -0.0352941
vn -0.937255 0.317647 -0.176471
vn -0.427451 0.890196 -0.152941
vn -0.427451 0.890196 -0.168627
vn -0.945098 0.262745 -0.215686
vn -0.443137 -0.898039 0.0588236
vn -0.411765 -0.913725 -0.113725
vn 0.176471 -0.984314 0.00392163
vn 0.129412 -0.984314 0.137255
vn -0.333333 -0.937255 -0.152941
vn -0.215686 -0.984314 -0.0196078
vn 0.968627 -0.231373 -0.0666667
vn 0.976471 -0.192157 -0.0431373
vn 0.905882 0.411765 0.0509804
vn 0.929412 0.34902 -0.0352941
vn -0.945098 0.262745 -0.215686
vn -0.937255 0.317647 -0.176471
vn -0.898039 0.356863 -0.270588
vn 0.976471 -0.2 0.0431373
vn 0.670588 -0.741176 0.0117648
vn 0.866667 0.482353 -0.00392157
vn 0.858824 0.490196 -0.137255
vn 0.639216 -0.741176 0.176471
vn 0.968627 -0.184314 0.160784
vn 0.890196 0.427451 0.0901961
vn 0.419608 0.898039 -0.113725
vn 0.490196 0.866667 -0.00392157
vn -0.184314 0.976471 -0.121569
vn -0.254902 0.937255 -0.223529
vn -0.72549 -0.686275 -0.113725
vn -0.701961 -0.709804 -0.105882
vn -0.898039 -0.443137 -0.0431373
vn -0.811765 -0.584314 -0.129412
vn -0.207843 0.952941 -0.192157
vn -0.741176 0.607843 -0.286274
vn -0.717647 0.639216 -0.286274
vn -0.207843 0.952941 -0.215686
vn -0.2 -0.968627 -0.168627
vn -0.223529 -0.976471 0.0431373
vn -0.717647 -0.694118 -0.121569
vn -0.662745 -0.678431 -0.333333
vn 0.482353 0.858824 -0.137255
vn 0.835294 0.545098 -0.00392157
vn 0.215686 0.968627 -0.0980392
vn 0.34902 0.921569 -0.121569
vn 0.270588 0.945098 -0.176471
vn 0.866667 0.482353 -0.0980392
vn 0.898039 0.419608 -0.0745098
vn -0.905882 -0.411765 -0.145098
vn -0.388235 -0.921569 0.0117648
vn -0.905882 0.247059 -0.356863
vn -0.741176 0.545098 -0.403922
vn 0.45098 0.866667 -0.2
vn 0.960784 0.027451 0.254902
vn 0.992157 -0.027451 0.0745099
vn 0.709804 -0.615686 0.341177
vn 0.129412 -0.945098 0.294118
vn 0.984314 0.00392163 0.129412
vn 0.788235 -0.592157 0.160784
vn -0.443137 0.890196 -0.105882
vn -0.898039 0.435294 0.0117648
vn -0.411765 0.898039 -0.152941
vn -0.87451 0.45098 -0.184314
vn 0.929412 0.34902 -0.0745098
vn 0.427451 0.890196 -0.121569
vn -0.898039 0.356863 -0.270588
vn -0.443137 0.87451 -0.207843
vn -0.905882 0.247059 -0.356863
vn -0.945098 -0.00392157 -0.341176
vn 0.231373 -0.968627 0.0980393
vn 0.215686 -0.929412 0.309804
vn -0.482353 -0.882353 0.0196079
vn -0.490196 -0.85098 0.207843
vn -0.937255 -0.341176 -0.0980392
vn -0.87451 0.45098 -0.184314
vn -0.952941 -0.309804 0.0980393
vn -0.898039 0.435294 0.0117648
vn 0.898039 0.34902 -0.239216
vn 0.372549 0.898039 -0.223529
vn -0.270588 0.921569 -0.270588
vn -0.976471 -0.0196078 -0.239216
vn -0.960784 0.0352942 -0.294118
vn -0.984314 -0.0666667 -0.207843
vn -0.992157 0.129412 -0.0901961
vn -0.984314 0.082353 -0.2
vn -0.937255 -0.0196078 -0.364706
vn -0.984314 -0.0666667 -0.207843
vn -0.960784 0.0352942 -0.294118
vn -0.709804 0.662745 -0.239216
vn -0.717647 0.686275 -0.121569
vn -0.670588 0.694118 -0.262745
vn 0.184314 -0.976471 0.137255
vn 0.207843 -0.976471 -0.0588235
vn 0.2 -0.968627 0.168628
vn -0.984314 0.0117648 -0.215686
vn 0.6 0.796078 0.0196079
vn 0.913725 0.341177 0.176471
vn 0.929412 0.317647 0.145098
vn 0.592157 0.780392 0.152941
vn -0.513726 -0.72549 -0.47451
vn -0.843137 -0.341176 -0.435294
vn -0.960784 -0.309804 -0.0196078
vn -0.584314 -0.819608 -0.0352941
vn -0.521569 0.411765 -0.756863
vn -0.717647 0.686275 -0.145098
vn -0.984314 0.168628 -0.0509804
vn -0.662745 -0.192157 -0.733333
vn 0.882353 0.411765 0.184314
vn 0.513726 0.827451 0.184314
vn 0.945098 -0.239216 0.215686
vn 0.952941 -0.254902 0.160784
vn 0.654902 -0.74902 0.082353
vn 0.0745099 -1 -0.0666667
vn 0.866667 -0.490196 0.0588236
vn 0.85098 -0.505882 0.105882
vn 0.968627 -0.160784 0.152941
vn 0.984314 -0.113725 0.0666667
vn -0.0666667 0.858824 -0.505882
vn -0.105882 -0.866667 -0.505882
vn -0.0117647 -0.913725 -0.419608
vn 0.396078 -0.898039 -0.215686
vn 0.905882 0.356863 0.2
vn -0.0745098 0.992157 -0.00392157
vn -0.984314 0.168628 -0.0509804
vn -0.662745 -0.192157 -0.733333
vn -0.992157 0.129412 -0.0901961
vn -0.694118 0.686275 -0.207843
vn 0.129412 0.984314 0.0509804
vn 0.34902 0.890196 -0.286274
vn 0.372549 0.882353 -0.286274
vn 0.270588 0.87451 -0.388235
vn 0.262745 0.960784 -0.0196078
vn 0.647059 0.741176 0.145098
vn 0.513726 -0.827451 -0.247059
vn 0.843137 -0.537255 0.027451
vn 0.160784 -0.984314 -0.113725
vn 0.184314 -0.984314 -0.00392157
vn 0.607843 -0.796078 -0.0196078
vn 0.615686 -0.780392 -0.113725
vn 0.427451 0.843137 -0.309804
vn 0.278431 0.937255 -0.192157
vn 0.411765 0.905882 -0.0588235
vn -0.709804 0.670588 -0.223529
vn -0.984314 0.082353 -0.2
vn -0.984314 0.0117648 -0.215686
vn -0.937255 -0.0196078 -0.364706
vn -0.976471 -0.0196078 -0.239216
vn -0.945098 -0.00392157 -0.341176
vn 0.615686 0.756863 -0.207843
vn 0.592157 0.72549 0.341177
vn 0.898039 0.152941 0.396078
vn 0.992157 0.0352942 -0.0745098
vn 0.717647 -0.184314 -0.670588
vn 0.45098 0.380392 -0.811765
vn 0.654902 0.717647 -0.215686
vn 0.968627 -0.129412 -0.2
vn 0.976471 -0.145098 -0.137255
vn 0.647059 0.72549 -0.215686
vn 0.168628 0.960784 -0.192157
vn 0.192157 0.952941 -0.2
vn 0.72549 -0.678431 -0.113725
vn 0.388235 -0.72549 -0.576471
vn 0.709804 -0.701961 -0.00392157
vn 0.87451 -0.482353 0.0588236
vn 0.270588 0.419608 0.858824
vn 0.803922 -0.105882 0.584314
vn -0.0117647 -0.239216 -0.976471
vn 0.160784 0.623529 -0.764706
vn 0.027451 -0.121569 -1
vn 0.2 0.952941 -0.207843
vn 0.113726 0.905882 0.388235
vn 0.0196079 0.466667 0.882353
vn -0.341176 0.929412 -0.145098
vn -0.937255 0.364706 -0.0196078
vn -0.835294 0.388235 0.403922
vn -0.388235 0.843137 0.364706
vn -0.309804 0.929412 -0.192157
vn -0.184314 0.560784 -0.811765
vn -0.72549 0.121569 -0.686275
vn -0.960784 0.247059 -0.152941
vn -0.341176 0.921569 -0.168627
vn -0.976471 0.223529 -0.0823529
vn -0.607843 -0.537255 -0.6
vn -0.929412 -0.380392 -0.0823529
vn -0.913725 -0.411765 0.0196079
vn -0.984314 -0.176471 0.0901961
vn -0.811765 0.121569 0.576471
vn -0.223529 0.443137 0.858824
vn 0.00392163 -0.215686 -0.984314
vn -0.623529 0.74902 -0.207843
vn -1 0.0431373 -0.0823529
vn -0.905882 0.152941 0.396078
vn -0.6 0.72549 0.333333
vn -0.72549 -0.184314 -0.678431
vn -0.976471 -0.129412 -0.207843
vn -0.662745 0.717647 -0.223529
vn -0.443137 0.380392 -0.811765
vn -0.984314 -0.145098 -0.145098
vn -0.654902 0.72549 -0.215686
vn -0.176471 0.960784 -0.192157
vn -0.207843 0.952941 -0.2
vn -0.388235 -0.72549 -0.576471
vn -0.733333 -0.678431 -0.121569
vn -0.717647 -0.701961 -0.0117647
vn -0.882353 -0.482353 0.0509804
vn -0.811765 -0.105882 0.576471
vn -0.286274 0.419608 0.858824
vn 0.0196079 -0.247059 -0.976471
vn -0.152941 0.623529 -0.764706
vn -0.0117647 -0.121569 -1
vn -0.215686 0.952941 -0.215686
vn -0.129412 0.905882 0.388235
vn -0.0431373 0.458824 0.882353
vn 0.333333 0.929412 -0.137255
vn 0.372549 0.843137 0.380392
vn 0.811765 0.388235 0.419608
vn 0.921569 0.364706 -0.00392157
vn 0.301961 0.929412 -0.184314
vn 0.952941 0.247059 -0.137255
vn 0.733333 0.121569 -0.662745
vn 0.192157 0.560784 -0.803922
vn 0.333333 0.921569 -0.160784
vn 0.968627 0.223529 -0.0666667
vn 0.921569 -0.380392 -0.0666667
vn 0.607843 -0.537255 -0.592157
vn 0.905882 -0.411765 0.0352942
vn 0.976471 -0.176471 0.0980393
vn 0.192157 0.443137 0.866667
vn 0.796078 0.121569 0.584314
vn 0.0196079 -0.215686 -0.984314
vn -0.819608 0.513726 -0.254902
vn -0.929412 0.364706 -0.0823529
vn -0.780392 0.584314 -0.215686
vn -0.764706 0.6 -0.254902
vn -0.976471 0.168628 -0.184314
vn -0.984314 -0.0431373 -0.176471
vn -1 0.027451 0.027451
vn -1 0.105882 0.0352942
vn -0.145098 -0.984314 0.113726
vn -0.333333 -0.929412 -0.160784
vn -0.160784 -0.992157 -0.0588235
vn -0.0431373 -1 0.00392163
vn -0.482353 -0.85098 0.223529
vn 0.160784 -0.960784 0.223529
vn 0.254902 -0.968627 0.027451
vn -0.521569 -0.843137 -0.176471
vn -0.521569 -0.0666667 0.85098
vn -0.701961 -0.160784 0.694118
vn -0.623529 -0.396078 0.678431
vn -0.466667 -0.286274 0.835294
vn -0.623529 0.223529 0.74902
vn -0.529412 0.207843 0.819608
vn -0.309804 0.741176 0.592157
vn -0.490196 0.843137 0.215686
vn -0.694118 0.560784 0.443137
vn -0.490196 0.513726 0.701961
vn -0.866667 0.0901961 0.490196
vn -0.866667 -0.231373 0.45098
vn -0.772549 -0.419608 0.482353
vn -1 -0.0509804 -0.0980392
vn -0.945098 -0.278431 0.192157
vn -1 0.0901961 0.0588236
vn -0.960784 0.082353 0.262745
vn -0.827451 0.529412 0.184314
vn -0.937255 0.364706 -0.0117647
vn -0.992157 0.121569 0.0666667
vn -0.435294 0.898039 -0.0352941
vn -0.482353 0.87451 -0.0745098
vn -0.45098 0.890196 -0.00392157
vn -0.411765 0.913725 -0.0352941
vn -0.686275 0.72549 -0.0431373
vn -0.537255 0.835294 0.0588236
vn -0.780392 0.592157 -0.207843
vn -0.803922 0.490196 -0.333333
vn -0.952941 0.137255 -0.294118
vn -0.898039 -0.152941 -0.427451
vn -0.87451 -0.466667 -0.192157
vn -0.952941 -0.2 -0.247059
vn -0.811765 -0.254902 -0.537255
vn -0.788235 -0.568627 -0.270588
vn -0.317647 0.482353 0.811765
vn -0.105882 0.592157 0.788235
vn -0.121569 0.976471 0.137255
vn -0.262745 0.952941 0.145098
vn -0.207843 0.827451 0.505882
vn -0.192157 0.890196 0.403922
vn -0.0431373 -1 -0.00392157
vn 0.184314 -0.976471 -0.121569
vn -0.341176 0.623529 0.694118
vn -0.231373 0.6 0.764706
vn -0.882353 -0.0588235 0.466667
vn -0.717647 -0.380392 0.584314
vn 0.0117648 -1 -0.0980392
vn -0.168627 -0.984314 0.0666667
vn -0.537255 0.803922 -0.262745
vn -0.654902 0.733333 -0.192157
vn -0.811765 -0.576471 -0.129412
vn -0.498039 -0.819608 0.294118
vn -0.192157 -0.584314 0.788235
vn -0.364706 -0.701961 0.615686
vn -0.552941 -0.780392 0.317647
vn -0.505882 -0.780392 0.364706
vn 0.827451 0.364706 -0.419608
vn 0.960784 -0.0117647 -0.278431
vn 0.858824 0.0196079 -0.513726
vn 0.639216 0.380392 -0.670588
vn 0.992157 -0.0901961 0.0352942
vn 0.898039 -0.435294 0.0352942
vn 0.811765 -0.482353 -0.333333
vn 0.796078 -0.0431373 0.592157
vn 0.803922 0.0980393 0.576471
vn 0.898039 0.176471 0.388235
vn 0.929412 -0.160784 0.333333
vn 0.811765 -0.223529 0.537255
vn 0.780392 -0.254902 0.568627
vn 0.905882 0.239216 0.32549
vn 0.866667 -0.0588235 0.490196
vn 0.788235 -0.466667 0.388235
vn 0.717647 0.380392 0.568627
vn 0.772549 0.396078 0.482353
vn 0.772549 0.576471 0.247059
vn 0.47451 0.87451 -0.0352941
vn 0.192157 0.890196 0.403922
vn -0.380392 0.835294 0.388235
vn 0.545098 0.709804 0.435294
vn 0.32549 0.615686 0.709804
vn 0.0666667 0.984314 -0.160784
vn 0.811765 0.568627 -0.0901961
vn 0.333333 0.835294 -0.427451
vn 0.952941 0.270588 -0.0823529
vn 0.686275 -0.545098 0.466667
vn 0.552941 -0.45098 0.694118
vn 0.6 -0.756863 0.254902
vn 0.607843 -0.796078 -0.0352941
vn 0.490196 -0.780392 -0.403922
vn 0.741176 -0.403922 -0.537255
vn 0.584314 0.662745 -0.458824
vn 0.34902 0.623529 -0.694118
vn -0.0666667 0.811765 -0.584314
vn 0.294118 -0.717647 0.631373
vn 0.32549 -0.827451 0.458824
vn -0.0745098 -0.937255 0.356863
vn 0.247059 -0.913725 0.333333
vn -0.027451 -1 -0.121569
vn 0.270588 -0.960784 -0.0666667
vn 0.176471 -0.945098 -0.286274
vn 0.294118 -0.921569 -0.247059
vn 0.286275 -0.756863 -0.592157
vn 0.207843 0.490196 0.843137
vn -0.380392 0.647059 0.654902
vn -0.639216 0.129412 0.756863
vn -0.270588 -0.137255 0.952941
vn 0.137255 -0.87451 0.47451
vn 0.207843 -0.87451 0.45098
vn -0.45098 -0.701961 0.552941
vn -0.466667 -0.709804 0.537255
vn 0.113726 -0.984314 -0.160784
vn -0.490196 -0.866667 -0.121569
vn -0.231373 -0.466667 -0.858824
vn 0.403922 -0.72549 -0.568627
vn -0.882353 -0.47451 -0.105882
vn -0.576471 -0.811765 -0.152941
vn -0.631373 -0.662745 0.419608
vn -0.921569 -0.247059 0.309804
vn -0.976471 -0.0980392 -0.207843
vn -0.686275 0.278431 0.670588
vn -0.584314 0.607843 0.529412
vn -0.913725 0.145098 -0.380392
vn 0.945098 -0.317647 -0.0901961
vn 0.835294 -0.545098 -0.0823529
vn 0.254902 -0.490196 0.835294
vn 0.678431 -0.639216 -0.356863
vn 0.576471 -0.239216 -0.788235
vn 0.0509804 -0.0666667 -1
vn 0.129412 -0.623529 -0.780392
vn -0.152941 0.921569 -0.34902
vn 0.576471 0.686275 -0.435294
vn 0.552941 0.678431 -0.47451
vn -0.105882 0.913725 -0.388235
vn 0.898039 0.223529 -0.372549
vn 0.443137 0.701961 -0.552941
vn 0.498039 0.741176 -0.443137
vn 0.913725 0.254902 -0.309804
vn -0.105882 0.913725 -0.388235
vn -0.105882 0.905882 -0.411765
vn -0.913725 0.403922 0.0196079
vn -0.898039 0.443137 0.0117648
vn -0.2 -0.247059 0.945098
vn 0.239216 0.435294 0.858824
vn 0.2 0.45098 0.858824
vn -0.247059 -0.207843 0.945098
vn -0.145098 -0.466667 -0.87451
vn -0.145098 -0.388235 -0.913725
vn -0.513726 -0.843137 -0.184314
vn -0.443137 -0.811765 0.396078
vn -0.364706 -0.921569 0.160784
vn 0.490196 0.835294 0.231373
vn 0.490196 0.772549 -0.388235
vn 0.537255 0.741176 -0.396078
vn 0.521569 0.819608 0.223529
vn 0.364706 0.411765 -0.835294
vn 0.403922 0.286275 -0.87451
vn 0.568627 0.647059 -0.505882
vn 0.498039 0.686275 -0.521569
vn 0.521569 0.819608 0.223529
vn 0.537255 0.796078 0.239216
vn 0.364706 0.411765 -0.835294
vn 0.254902 0.341177 -0.905882
vn -0.945098 -0.184314 0.286275
vn -0.952941 -0.0431373 0.301961
vn -0.87451 0.482353 0.0431373
vn 0.913725 0.254902 -0.309804
vn 0.890196 0.317647 -0.309804
vn 0.835294 -0.545098 0.0901961
vn 0.819608 -0.568627 0.0666667
vn -0.733333 -0.0431373 -0.686275
vn 0.584314 -0.145098 -0.796078
vn 0.898039 0.223529 -0.372549
vn 0.803922 -0.592157 0.0509804
vn 0.756863 -0.160784 0.631373
vn 0.843137 0.466667 0.254902
vn 0.490196 0.835294 0.231373
vn -0.223529 0.607843 -0.764706
vn 0.403922 0.286275 -0.87451
vn 0.0980393 -0.129412 -0.992157
vn -0.521569 -0.223529 -0.835294
vn -0.294118 -0.466667 -0.843137
vn 0.168628 0.027451 -0.992157
vn -0.984314 -0.2 0.0196079
vn -0.584314 -0.819608 -0.00392157
vn 0.0980393 -0.129412 -0.992157
vn -0.74902 -0.00392157 -0.670588
vn 0.082353 -0.764706 0.639216
vn -0.294118 -0.466667 -0.843137
vn -0.803922 -0.2 0.568627
vn -0.694118 -0.694118 0.2
vn 0.168628 0.027451 -0.992157
vn 0.341177 -0.717647 -0.607843
vn -0.74902 -0.00392157 -0.670588
vn -0.960784 -0.286274 0.00392163
vn -0.952941 -0.254902 0.192157
vn -0.984314 -0.2 0.0196079
vn 0.968627 0.184314 0.152941
vn 0.082353 -0.764706 0.639216
vn -0.803922 -0.2 0.568627
vn -0.333333 0.937255 0.0901961
vn -0.921569 -0.32549 -0.239216
vn 0.192157 -0.968627 -0.168627
vn 0.184314 -0.984314 0.0901961
vn 0.341177 -0.717647 -0.607843
vn 0.576471 -0.239216 -0.788235
vn 0.0745099 -1 -0.0901961
vn -0.513726 -0.866667 -0.0431373
vn 0.0509804 -0.0666667 -1
vn -0.74902 -0.00392157 -0.670588
vn -0.694118 -0.694118 0.2
vn -0.364706 -0.921569 0.160784
vn -0.803922 -0.2 0.568627
vn -0.333333 0.937255 0.0901961
vn -0.576471 -0.615686 0.545098
vn -0.513726 -0.662745 0.545098
vn -0.584314 -0.568627 0.584314
vn -0.47451 -0.647059 0.6
vn -0.905882 -0.192157 0.380392
vn -0.568627 -0.623529 0.537255
vn -0.929412 -0.0980392 0.356863
vn -0.152941 0.921569 -0.34902
vn 0.960784 -0.176471 -0.192157
vn -0.239216 0.937255 -0.254902
vn 0.537255 0.796078 0.239216
vn 0.890196 0.317647 -0.309804
vn -0.701961 0.623529 -0.341176
vn -0.309804 0.85098 0.411765
vn 0.890196 0.317647 -0.317647
vn 0.835294 -0.490196 0.223529
vn -0.584314 -0.568627 0.584314
vn -0.866667 -0.176471 0.47451
vn 0.184314 -0.796078 0.576471
vn -0.47451 -0.647059 0.6
vn 0.0980393 -0.945098 0.309804
vn 0.0352942 -1 -0.0196078
vn -0.584314 0.223529 -0.780392
vn -0.788235 0.592157 -0.152941
vn -0.960784 -0.294118 -0.0431373
vn 0.0352942 -1 -0.0196078
vn 0.192157 -0.921569 0.34902
vn 0.278431 -0.890196 0.372549
vn 0.72549 -0.670588 0.137255
vn 0.678431 -0.639216 -0.356863
vn 0.584314 -0.145098 -0.796078
vn 0.254902 0.341177 -0.905882
vn 0.160784 -0.921569 0.356863
vn -0.105882 0.905882 -0.411765
vn -0.521569 -0.223529 -0.835294
vn 0.129412 -0.623529 -0.780392
vn 0.482353 0.741176 -0.466667
vn -0.223529 0.607843 -0.764706
vn 0.0431373 0.984314 0.160784
vn -0.396078 0.254902 -0.890196
vn -0.584314 0.223529 -0.780392
vn -0.396078 0.254902 -0.890196
vn 0.890196 0.317647 -0.317647
vn -0.47451 0.803922 -0.364706
vn -0.427451 0.835294 -0.34902
vn -0.686275 0.717647 -0.121569
vn -0.898039 0.160784 0.411765
vn -0.47451 0.803922 -0.364706
vn -0.427451 0.835294 -0.34902
vn -0.788235 0.592157 -0.152941
vn -0.74902 0.584314 0.301961
vn -0.239216 0.937255 -0.254902
vn 0.0431373 0.984314 0.160784
vn -0.890196 0.45098 0.027451
vn -0.929412 0.176471 -0.333333
vn 0.0431373 0.984314 0.160784
vn -0.882353 0.403922 0.254902
vn -0.890196 0.45098 0.027451
vn -0.427451 0.623529 0.647059
vn -0.498039 0.670588 0.545098
vn -0.913725 0.388235 -0.129412
vn -0.882353 0.403922 -0.254902
vn -0.576471 0.772549 -0.254902
vn -0.882353 0.403922 -0.254902
vn -0.929412 0.176471 -0.333333
vn -0.913725 0.388235 -0.129412
vn -0.913725 0.388235 -0.129412
vn -0.686275 0.717647 -0.121569
vn 0.341177 -0.811765 0.47451
vn 0.960784 -0.176471 -0.192157
vn 0.72549 -0.670588 0.137255
vn 0.945098 -0.317647 -0.0901961
vn 0.403922 -0.913725 -0.027451
vn 0.678431 -0.733333 0.0509804
vn 0.670588 -0.239216 0.694118
vn 0.607843 -0.560784 0.560784
vn 0.74902 -0.654902 0.0901961
vn 0.686275 -0.113725 0.717647
vn 0.843137 0.466667 0.254902
vn 0.843137 0.466667 0.254902
vn 0.819608 -0.545098 0.168628
vn 0.87451 -0.443137 0.168628
vn 0.662745 -0.741176 -0.105882
vn 0.819608 -0.545098 0.168628
vn 0.662745 -0.74902 -0.0901961
vn 0.709804 -0.247059 0.647059
vn 0.490196 -0.513726 0.701961
vn 0.835294 -0.545098 -0.0823529
vn 0.843137 -0.505882 0.184314
vn 0.662745 -0.74902 -0.0901961
vn 0.662745 -0.741176 -0.105882
vn 0.843137 -0.505882 0.184314
vn 0.835294 -0.545098 -0.0823529
vn 0.670588 0.709804 0.184314
vn 0.529412 0.741176 0.396078
vn 0.513726 0.780392 0.333333
vn 0.670588 0.709804 0.2
vn 0.85098 0.505882 0.105882
vn 0.835294 0.498039 -0.215686
vn 0.662745 0.72549 -0.176471
vn 0.937255 0.294118 0.152941
vn 0.945098 0.231373 -0.2
vn 0.858824 0.498039 -0.0588235
vn 0.87451 -0.388235 0.278431
vn 0.858824 -0.411765 0.286275
vn 0.6 -0.639216 0.47451
vn 0.607843 -0.576471 0.545098
vn 0.968627 -0.0901961 0.207843
vn 0.984314 -0.152941 0.0352942
vn 0.984314 -0.152941 0.0352942
vn 0.968627 -0.0901961 0.207843
vn 0.968627 0.145098 0.168628
vn 0.984314 0.121569 -0.00392157
vn 0.968627 -0.0901961 -0.207843
vn 0.937255 0.129412 -0.309804
vn 0.945098 0.309804 -0.0352941
vn 0.372549 0.866667 0.301961
vn 0.45098 0.882353 -0.0745098
vn 0.254902 0.960784 -0.0588235
vn 0.427451 0.858824 0.247059
vn -0.0196078 0.952941 0.278431
vn -0.0117647 0.992157 0.0980393
vn -0.00392157 0.992157 -0.0745098
vn 0.388235 -0.756863 0.529412
vn -0.00392157 -0.796078 0.6
vn -0.00392157 -0.992157 0.152941
vn 0.32549 -0.929412 0.184314
vn 0.419608 -0.811765 0.411765
vn -0.00392157 -0.960784 0.286275
vn 0.968627 -0.0901961 -0.207843
vn 0.866667 -0.435294 -0.247059
vn 0.615686 -0.780392 0.137255
vn -0.678431 0.717647 0.160784
vn -0.701961 0.686275 0.207843
vn -0.513726 0.811765 0.270588
vn -0.529412 0.780392 0.333333
vn -0.670588 0.72549 -0.176471
vn -0.843137 0.498039 -0.207843
vn -0.85098 0.490196 0.184314
vn -0.960784 0.231373 -0.192157
vn -0.945098 0.294118 0.160784
vn -0.858824 0.513726 0.0509804
vn -0.882353 -0.388235 0.270588
vn -0.615686 -0.576471 0.545098
vn -0.607843 -0.639216 0.482353
vn -0.866667 -0.411765 0.294118
vn -0.992157 -0.152941 0.0352942
vn -0.976471 -0.0901961 0.215686
vn -0.976471 0.137255 0.176471
vn -0.976471 -0.0901961 0.215686
vn -0.992157 -0.152941 0.0352942
vn -1 0.113726 -0.00392157
vn -0.976471 -0.0901961 -0.2
vn -0.952941 0.121569 -0.301961
vn -0.952941 0.317647 -0.027451
vn -0.364706 0.87451 0.309804
vn -0.262745 0.960784 -0.0588235
vn -0.458824 0.882353 -0.0745098
vn -0.411765 0.87451 0.262745
vn -0.396078 -0.72549 0.568627
vn -0.333333 -0.929412 0.184314
vn -0.411765 -0.309804 0.858824
vn -0.976471 -0.0901961 -0.2
vn -0.87451 -0.435294 -0.239216
vn -0.623529 -0.780392 0.137255
vn 0.0745099 -0.976471 -0.223529
vn -0.00392157 -0.976471 -0.247059
vn -0.00392157 -0.960784 0.286275
vn 0.419608 -0.811765 0.411765
vn 0.317647 -0.937255 -0.168627
vn 0.984314 -0.152941 0.0352942
vn 0.803922 0.00392163 -0.592157
vn 0.788235 -0.521569 -0.341176
vn 0.858824 -0.411765 0.286275
vn -0.0352941 -0.231373 0.968627
vn 0.0352942 -0.2 0.976471
vn 0.498039 -0.286274 0.811765
vn 0.490196 -0.309804 0.803922
vn 0.498039 -0.45098 0.741176
vn 0.498039 -0.435294 0.741176
vn 0.568627 -0.364706 0.733333
vn 0.560784 -0.388235 0.733333
vn 0.568627 -0.129412 0.803922
vn 0.552941 -0.184314 0.803922
vn 0.529412 0.0745099 0.843137
vn 0.513726 0.0431373 0.85098
vn 0.278431 -0.937255 -0.231373
vn 0.560784 -0.803922 -0.215686
vn 0.301961 -0.87451 -0.396078
vn 0.294118 -0.937255 -0.184314
vn 0.827451 -0.552941 -0.0823529
vn 0.615686 -0.435294 -0.654902
vn 0.176471 -0.976471 -0.152941
vn 0.129412 -0.984314 -0.168627
vn -0.0196078 -1 -0.0509804
vn -0.0431373 -1 -0.0117647
vn -0.0666667 -0.992157 0.129412
vn 0.411765 -0.913725 0.0431373
vn 0.356863 -0.937255 0.0117648
vn 0.0117648 -1 0.0901961
vn 0.443137 -0.898039 0.0431373
vn 0.00392163 -0.992157 0.152941
vn 0.47451 -0.882353 0.0117648
vn 0.121569 -0.984314 0.152941
vn 0.647059 -0.0745098 -0.756863
vn 0.968627 -0.027451 -0.231373
vn 0.631373 0.027451 0.764706
vn 0.482353 -0.223529 0.843137
vn 0.890196 -0.435294 0.105882
vn 0.992157 -0.0117647 -0.00392157
vn -0.568627 -0.803922 0.192157
vn -0.380392 -0.905882 0.192157
vn 0.231373 -0.968627 -0.0980392
vn 0.152941 -0.992157 0.0431373
vn 0.105882 -0.952941 -0.294118
vn -0.223529 -0.937255 0.270588
vn -0.00392157 -0.960784 0.294118
vn -0.00392157 -0.952941 -0.317647
vn -0.741176 -0.647059 0.192157
vn 0.0745099 -1 0.0745099
vn 0.0117648 -1 0.113726
vn -0.788235 -0.576471 0.223529
vn -0.0352941 -1 0.0980393
vn -0.819608 -0.521569 0.239216
vn -0.0196078 -0.952941 0.309804
vn 0.32549 -0.866667 0.388235
vn -0.0980392 -0.396078 0.913725
vn -0.607843 -0.552941 0.576471
vn 0.129412 -0.905882 -0.403922
vn -0.00392157 -0.952941 -0.32549
vn 0.843137 -0.364706 0.388235
vn 0.890196 0.0509804 0.435294
vn 0.521569 -0.796078 -0.317647
vn 0.584314 -0.796078 -0.160784
vn 0.639216 -0.764706 -0.0352941
vn 0.654902 -0.756863 -0.0823529
vn 0.631373 -0.780392 -0.0509804
vn 0.560784 -0.827451 -0.0823529
vn 0.419608 -0.882353 -0.239216
vn 0.160784 0.968627 -0.152941
vn 0.427451 0.858824 0.247059
vn -0.0117647 0.992157 0.0980393
vn 0.317647 0.929412 -0.168627
vn 0.443137 0.843137 -0.278431
vn 0.513726 0.780392 0.333333
vn 0.984314 0.121569 -0.00392157
vn 0.945098 0.309804 -0.0352941
vn 0.00392163 0.607843 0.788235
vn 0.498039 0.545098 0.662745
vn 0.498039 0.552941 0.654902
vn 0.00392163 0.6 0.796078
vn 0.466667 0.356863 0.796078
vn 0.47451 0.356863 0.796078
vn 0.482353 0.247059 0.835294
vn 0.47451 0.223529 0.843137
vn 0.670588 0.435294 0.592157
vn 0.678431 0.427451 0.584314
vn 0.215686 0.843137 -0.490196
vn 0.458824 0.85098 -0.223529
vn 0.270588 0.937255 -0.207843
vn 0.254902 0.937255 -0.215686
vn 0.576471 0.294118 -0.764706
vn 0.788235 0.6 -0.113725
vn 0.2 0.960784 -0.176471
vn -0.00392157 0.992157 -0.0901961
vn -0.00392157 0.968627 0.215686
vn 0.0980393 0.992157 -0.0666667
vn 0.576471 0.803922 -0.129412
vn 0.505882 0.858824 -0.00392157
vn 0.584314 0.74902 -0.309804
vn -0.0666667 0.47451 0.87451
vn 0.176471 0.443137 0.87451
vn 0.482353 0.772549 0.396078
vn 0.333333 0.866667 0.34902
vn 0.866667 0.466667 0.113726
vn 0.45098 0.294118 0.835294
vn -0.670588 0.733333 0.121569
vn 0.0196079 0.992157 -0.0509804
vn 0.286275 0.929412 -0.231373
vn -0.0823529 0.992157 0.0901961
vn 0.082353 0.898039 -0.427451
vn 0.0901961 0.898039 -0.427451
vn 0.105882 0.992157 -0.0196078
vn -0.231373 0.968627 -0.0509804
vn -0.764706 0.631373 0.137255
vn 0.0666667 0.992157 -0.0196078
vn -0.796078 0.576471 0.160784
vn 0.0117648 0.992157 0.0196079
vn -0.827451 0.529412 0.2
vn -0.0196078 0.992157 0.0352942
vn -0.00392157 0.960784 0.247059
vn -0.584314 0.592157 0.552941
vn -0.0117647 0.952941 -0.278431
vn 0.0431373 0.992157 -0.0509804
vn 0.811765 0.427451 0.380392
vn 0.631373 0.74902 -0.176471
vn 0.670588 0.72549 -0.121569
vn 0.639216 0.756863 -0.0980392
vn 0.6 0.780392 -0.121569
vn 0.498039 0.843137 -0.176471
vn 0.341177 0.898039 -0.270588
vn 0.427451 0.898039 0.00392163
vn 0.364706 0.929412 -0.0117647
vn 0.278431 0.952941 -0.0588235
vn 0.521569 -0.85098 -0.113725
vn 0.6 -0.639216 0.47451
vn 0.662745 0.490196 -0.560784
vn 0.858824 0.498039 -0.0588235
vn 0.670588 0.709804 0.2
vn 0.372549 -0.858824 0.34902
vn 0.537255 -0.835294 -0.160784
vn 0.568627 0.647059 0.490196
vn 0.364706 0.819608 0.427451
vn 0.32549 0.45098 0.819608
vn 0.631373 -0.623529 0.45098
vn 0.47451 -0.788235 0.388235
vn 0.270588 -0.34902 0.890196
vn 0.152941 -0.364706 0.913725
vn 0.858824 -0.490196 -0.129412
vn 0.913725 -0.380392 -0.105882
vn 0.898039 -0.443137 0.0196079
vn 0.882353 -0.47451 0.0431373
vn 0.905882 -0.403922 -0.121569
vn 0.858824 -0.505882 -0.0117647
vn 0.803922 -0.47451 -0.356863
vn 0.811765 -0.396078 -0.435294
vn 0.890196 -0.443137 -0.0823529
vn 0.858824 -0.513726 -0.0352941
vn 0.811765 -0.552941 -0.192157
vn 0.827451 -0.45098 -0.341176
vn 0.87451 -0.458824 -0.121569
vn 0.835294 -0.552941 -0.0588235
vn 0.905882 -0.411765 -0.0666667
vn 0.858824 -0.505882 -0.0509804
vn 0.835294 -0.545098 -0.027451
vn 0.866667 -0.490196 -0.0745098
vn 0.898039 -0.427451 -0.0745098
vn 0.882353 -0.458824 -0.0588235
vn 0.898039 -0.427451 -0.113725
vn 0.984314 -0.0588235 -0.168627
vn 0.992157 -0.0588235 -0.105882
vn 0.85098 -0.513726 -0.0745098
vn 0.882353 -0.458824 -0.0196078
vn 0.184314 -0.984314 0.0588236
vn 0.231373 -0.976471 -0.0509804
vn 0.247059 -0.74902 -0.623529
vn -0.027451 -0.992157 0.121569
vn -0.00392157 -0.992157 0.160784
vn 0.192157 -0.733333 0.647059
vn 0.192157 -0.968627 0.152941
vn 0.701961 -0.309804 0.631373
vn 0.372549 -0.858824 0.34902
vn 0.121569 -0.984314 0.152941
vn 0.00392163 -0.992157 0.152941
vn -0.0666667 -0.992157 0.129412
vn 0.0117648 -1 0.0901961
vn -0.286274 -0.960784 -0.0196078
vn 0.301961 -0.87451 -0.396078
vn 0.615686 -0.435294 -0.654902
vn 0.623529 -0.419608 -0.662745
vn 0.843137 -0.364706 0.388235
vn 0.992157 -0.0588235 -0.0431373
vn 0.898039 -0.0666667 -0.427451
vn 0.913725 -0.0509804 -0.403922
vn 0.992157 -0.0588235 -0.0745098
vn 0.992157 -0.0588235 -0.0588235
vn 0.701961 -0.0666667 -0.709804
vn 0.992157 -0.0509804 -0.0666667
vn 0.858824 0.498039 -0.0745098
vn 0.87451 0.458824 -0.152941
vn 0.87451 0.45098 -0.160784
vn 0.87451 0.47451 0.00392163
vn 0.85098 0.388235 -0.356863
vn 0.882353 0.466667 -0.00392157
vn 0.929412 0.341177 -0.113725
vn 0.843137 0.32549 -0.427451
vn 0.882353 0.458824 -0.0431373
vn 0.913725 0.388235 -0.0980392
vn 0.843137 0.482353 -0.207843
vn 0.866667 0.372549 -0.32549
vn 0.913725 0.372549 -0.121569
vn 0.866667 0.490196 -0.0823529
vn 0.882353 0.45098 -0.0666667
vn 0.913725 0.388235 -0.0901961
vn 0.85098 0.505882 -0.0666667
vn 0.882353 0.443137 -0.0980392
vn 0.898039 0.411765 -0.105882
vn 0.866667 0.47451 -0.0901961
vn 0.882353 0.427451 -0.176471
vn 0.72549 0.654902 -0.176471
vn 0.0980393 0.984314 -0.121569
vn 0.0588236 0.992157 0.0431373
vn 0.0117648 0.796078 -0.6
vn -0.0980392 0.984314 0.082353
vn -0.0823529 0.984314 0.145098
vn -0.00392157 0.984314 0.152941
vn 0.192157 0.756863 0.615686
vn 0.694118 0.317647 0.631373
vn -0.113725 0.976471 0.176471
vn 0.364706 0.819608 0.427451
vn -0.0745098 0.984314 0.145098
vn -0.145098 0.984314 0.0901961
vn -0.121569 0.984314 0.0509804
vn -0.207843 0.968627 -0.105882
vn 0.576471 0.294118 -0.764706
vn 0.215686 0.843137 -0.490196
vn 0.576471 0.34902 -0.733333
vn 0.811765 0.427451 0.380392
vn 0.898039 0.419608 -0.105882
vn 0.992157 -0.0509804 -0.0117647
vn 0.890196 0.0509804 0.435294
vn 0.811765 -0.0117647 0.576471
vn 0.647059 -0.0745098 -0.756863
vn 0.215686 0.960784 -0.145098
vn -0.207843 0.968627 -0.105882
vn -0.121569 0.984314 0.0509804
vn -0.145098 0.984314 0.0901961
vn -0.0745098 0.984314 0.145098
vn -0.113725 0.976471 0.176471
vn -0.00392157 0.984314 -0.176471
vn 0.309804 -0.952941 -0.0666667
vn 0.34902 -0.937255 -0.0980392
vn -0.0745098 -0.976471 -0.223529
vn -0.32549 -0.937255 -0.160784
vn -0.286274 -0.945098 -0.168627
vn -0.992157 -0.152941 0.0352942
vn -0.866667 -0.411765 0.294118
vn -0.796078 -0.521569 -0.333333
vn -0.819608 0.0117648 -0.584314
vn -0.498039 -0.309804 0.811765
vn -0.498039 -0.301961 0.811765
vn -0.490196 -0.364706 0.796078
vn -0.529412 -0.294118 0.796078
vn -0.537255 -0.286274 0.796078
vn -0.498039 -0.356863 0.788235
vn -0.560784 -0.176471 0.803922
vn -0.576471 -0.121569 0.803922
vn -0.529412 0.0352942 0.843137
vn -0.537255 0.0588236 0.835294
vn -0.254902 -0.952941 -0.207843
vn -0.294118 -0.945098 -0.184314
vn -0.333333 -0.858824 -0.396078
vn -0.560784 -0.796078 -0.239216
vn -0.623529 -0.443137 -0.654902
vn -0.827451 -0.560784 -0.0745098
vn -0.160784 -0.968627 -0.231373
vn -0.129412 -0.976471 -0.207843
vn 0.0588236 -0.992157 0.121569
vn -0.0196078 -1 0.0901961
vn -0.364706 -0.937255 0.0196079
vn -0.419608 -0.913725 0.0431373
vn -0.45098 -0.898039 0.0352942
vn -0.0117647 -0.992157 0.145098
vn -0.482353 -0.882353 0.00392163
vn -0.129412 -0.984314 0.152941
vn -0.662745 -0.0588235 -0.756863
vn -0.976471 -0.0352941 -0.231373
vn -0.654902 0.00392163 0.756863
vn -1 -0.0117647 -0.0196078
vn -0.898039 -0.443137 0.0745099
vn -0.505882 -0.239216 0.827451
vn 0.584314 -0.788235 0.192157
vn -0.113725 -1 0.0431373
vn -0.239216 -0.968627 -0.0901961
vn 0.372549 -0.905882 0.192157
vn -0.113725 -0.952941 -0.286274
vn 0.223529 -0.937255 0.270588
vn 0.733333 -0.647059 0.2
vn -0.0823529 -1 0.0745099
vn 0.780392 -0.576471 0.239216
vn -0.0196078 -1 0.105882
vn 0.811765 -0.521569 0.247059
vn 0.027451 -1 0.0980393
vn 0.0117648 -0.952941 0.309804
vn 0.592157 -0.552941 0.584314
vn 0.0666667 -0.396078 0.913725
vn -0.341176 -0.866667 0.380392
vn -0.137255 -0.913725 -0.403922
vn -0.905882 0.0352942 0.419608
vn -0.858824 -0.372549 0.364706
vn -0.521569 -0.796078 -0.333333
vn -0.592157 -0.796078 -0.176471
vn -0.662745 -0.756863 -0.0901961
vn -0.647059 -0.764706 -0.0431373
vn -0.631373 -0.780392 -0.0588235
vn -0.560784 -0.835294 -0.0745098
vn -0.427451 -0.882353 -0.231373
vn -0.168627 0.968627 -0.152941
vn -0.411765 0.87451 0.262745
vn -0.317647 0.929412 -0.152941
vn -0.47451 0.835294 -0.262745
vn -0.513726 0.811765 0.270588
vn -1 0.113726 -0.00392157
vn -0.952941 0.317647 -0.027451
vn -0.498039 0.552941 0.662745
vn -0.490196 0.552941 0.670588
vn -0.521569 0.466667 0.709804
vn -0.498039 0.380392 0.780392
vn -0.498039 0.388235 0.772549
vn -0.521569 0.466667 0.709804
vn -0.701961 0.419608 0.576471
vn -0.694118 0.411765 0.584314
vn -0.2 0.858824 -0.47451
vn -0.262745 0.945098 -0.2
vn -0.270588 0.937255 -0.2
vn -0.466667 0.843137 -0.254902
vn -0.552941 0.317647 -0.772549
vn -0.811765 0.568627 -0.145098
vn -0.207843 0.960784 -0.168627
vn -0.121569 0.976471 -0.184314
vn -0.584314 0.803922 -0.129412
vn -0.584314 0.74902 -0.301961
vn -0.505882 0.858824 -0.00392157
vn 0.082353 0.458824 0.882353
vn -0.333333 0.866667 0.356863
vn -0.482353 0.772549 0.403922
vn -0.168627 0.435294 0.882353
vn -0.466667 0.270588 0.835294
vn -0.882353 0.466667 0.113726
vn 0.6 0.780392 0.137255
vn 0.364706 0.913725 0.145098
vn -0.215686 0.960784 -0.152941
vn -0.0823529 0.992157 -0.027451
vn 0.0509804 0.937255 -0.34902
vn 0.427451 0.890196 0.105882
vn 0.756863 0.631373 0.129412
vn -0.0588235 0.992157 -0.0196078
vn -0.0117647 0.992157 0.0196079
vn 0.796078 0.568627 0.168628
vn 0.0196079 0.992157 0.0509804
vn 0.819608 0.521569 0.215686
vn -0.00392157 0.960784 0.262745
vn 0.584314 0.576471 0.560784
vn -0.0509804 0.858824 -0.505882
vn -0.827451 0.411765 0.380392
vn -0.631373 0.756863 -0.176471
vn -0.639216 0.764706 -0.0980392
vn -0.678431 0.72549 -0.121569
vn -0.607843 0.780392 -0.121569
vn -0.513726 0.85098 -0.129412
vn -0.388235 0.87451 -0.286274
vn -0.427451 0.898039 0.00392163
vn -0.364706 0.929412 -0.00392157
vn -0.294118 0.952941 -0.0509804
vn -0.607843 -0.639216 0.482353
vn -0.529412 -0.85098 -0.113725
vn -0.701961 0.686275 0.207843
vn -0.858824 0.513726 0.0509804
vn -0.654902 0.498039 -0.576471
vn -0.529412 -0.835294 -0.176471
vn -0.388235 -0.858824 0.341177
vn -0.576471 0.639216 0.498039
vn -0.372549 0.819608 0.427451
vn -0.333333 0.435294 0.827451
vn -0.490196 -0.788235 0.372549
vn -0.654902 -0.631373 0.427451
vn -0.184314 -0.372549 0.905882
vn -0.309804 -0.356863 0.882353
vn -0.866667 -0.490196 -0.121569
vn -0.890196 -0.466667 0.0509804
vn -0.882353 -0.47451 0.0352942
vn -0.898039 -0.45098 -0.0980392
vn -0.913725 -0.403922 -0.137255
vn -0.803922 -0.388235 -0.45098
vn -0.803922 -0.466667 -0.372549
vn -0.866667 -0.505882 -0.027451
vn -0.866667 -0.513726 -0.0509804
vn -0.898039 -0.443137 -0.0980392
vn -0.811765 -0.552941 -0.207843
vn -0.827451 -0.443137 -0.356863
vn -0.882353 -0.458824 -0.137255
vn -0.835294 -0.552941 -0.0666667
vn -0.866667 -0.505882 -0.0509804
vn -0.913725 -0.419608 -0.0666667
vn -0.843137 -0.545098 -0.0352941
vn -0.87451 -0.490196 -0.0666667
vn -0.905882 -0.427451 -0.0666667
vn -0.890196 -0.458824 -0.0509804
vn -0.905882 -0.419608 -0.113725
vn -0.992157 -0.0588235 -0.160784
vn -1 -0.0588235 -0.0980392
vn -0.796078 -0.607843 -0.0823529
vn -0.890196 -0.458824 -0.0117647
vn -0.317647 -0.952941 -0.0745098
vn -0.192157 -0.984314 0.0588236
vn -0.270588 -0.796078 -0.552941
vn 0.0196079 -1 0.121569
vn -0.00392157 -0.992157 0.152941
vn -0.192157 -0.976471 0.152941
vn -0.215686 -0.741176 0.639216
vn -0.72549 -0.32549 0.607843
vn -0.129412 -0.984314 0.152941
vn -0.388235 -0.858824 0.341177
vn -0.0117647 -0.992157 0.145098
vn 0.0588236 -0.992157 0.121569
vn -0.0196078 -1 0.0901961
vn 0.278431 -0.960784 -0.0196078
vn -0.333333 -0.858824 -0.396078
vn -0.631373 -0.427451 -0.662745
vn -0.623529 -0.443137 -0.654902
vn -0.858824 -0.372549 0.364706
vn -0.905882 -0.0509804 -0.435294
vn -1 -0.0588235 -0.0588235
vn -0.913725 -0.0431373 -0.419608
vn -1 -0.0588235 -0.0666667
vn -1 -0.0588235 -0.0745098
vn -0.701961 -0.0588235 -0.717647
vn -1 -0.0509804 -0.0666667
vn -0.87451 0.490196 0.0117648
vn -0.898039 0.443137 0.027451
vn -0.882353 0.45098 -0.145098
vn -0.882353 0.458824 -0.137255
vn -0.843137 0.396078 -0.356863
vn -0.843137 0.341177 -0.435294
vn -0.929412 0.34902 -0.121569
vn -0.890196 0.466667 -0.0117647
vn -0.913725 0.396078 -0.0980392
vn -0.890196 0.458824 -0.0431373
vn -0.866667 0.380392 -0.333333
vn -0.85098 0.490196 -0.207843
vn -0.921569 0.372549 -0.129412
vn -0.866667 0.490196 -0.0901961
vn -0.921569 0.388235 -0.0901961
vn -0.890196 0.458824 -0.0666667
vn -0.858824 0.513726 -0.0588235
vn -0.905882 0.419608 -0.0901961
vn -0.890196 0.45098 -0.0901961
vn -0.890196 0.458824 -0.0901961
vn -0.890196 0.435294 -0.160784
vn -0.756863 0.647059 -0.121569
vn -0.0901961 0.992157 0.0196079
vn -0.105882 0.984314 -0.113725
vn -0.0352941 0.819608 -0.568627
vn 0.0980393 0.984314 0.082353
vn 0.082353 0.976471 0.160784
vn -0.207843 0.741176 0.623529
vn -0.00392157 0.984314 0.168628
vn -0.717647 0.294118 0.631373
vn -0.372549 0.819608 0.427451
vn 0.105882 0.968627 0.192157
vn 0.0745099 0.984314 0.152941
vn 0.145098 0.984314 0.0980393
vn 0.105882 0.992157 0.0352942
vn 0.2 0.968627 -0.0980392
vn -0.552941 0.317647 -0.772549
vn -0.576471 0.341177 -0.74902
vn -0.2 0.858824 -0.47451
vn -0.827451 0.411765 0.380392
vn -0.905882 0.419608 -0.0901961
vn -1 -0.0588235 -0.00392157
vn -0.905882 0.0352942 0.419608
vn -0.827451 -0.027451 0.560784
vn -0.662745 -0.0588235 -0.756863
vn 0.2 0.968627 -0.0980392
vn -0.270588 0.945098 -0.160784
vn 0.105882 0.992157 0.0352942
vn 0.145098 0.984314 0.0980393
vn 0.0745099 0.984314 0.152941
vn 0.105882 0.968627 0.192157
vn -0.317647 -0.952941 -0.0588235
vn -0.356863 -0.937255 -0.0901961
vn 0.207843 0.819608 0.521569
vn 0.278431 0.898039 0.32549
vn 0.247059 0.898039 0.341177
vn 0.215686 0.733333 0.631373
vn 0.145098 0.364706 0.913725
vn 0.121569 0.505882 0.843137
vn 0.137255 0.937255 0.294118
vn 0.0745099 0.952941 0.286275
vn -0.0509804 0.984314 0.113726
vn -0.0509804 0.984314 0.113726
vn -0.184314 0.968627 -0.145098
vn -0.223529 0.968627 -0.105882
vn -0.278431 0.2 -0.945098
vn -0.364706 0.631373 -0.686275
vn -0.364706 0.505882 -0.788235
vn -0.239216 0.207843 -0.952941
vn -0.0352941 -0.223529 -0.976471
vn -0.027451 -0.247059 -0.976471
vn -0.0352941 -0.223529 -0.976471
vn -0.027451 -0.247059 -0.976471
vn 0.223529 -0.615686 -0.756863
vn 0.231373 -0.560784 -0.803922
vn 0.152941 -0.992157 0.0509804
vn 0.176471 -0.968627 -0.215686
vn 0.152941 -0.968627 -0.215686
vn 0.152941 -0.992157 0.0196079
vn 0.113726 -0.976471 0.215686
vn 0.0745099 -0.952941 0.317647
vn -0.0901961 -0.890196 0.443137
vn 0.105882 -0.419608 0.898039
vn 0.121569 -0.427451 0.890196
vn 0.0666667 -0.0117647 0.992157
vn 0.0666667 -0.0352941 0.992157
vn 0.105882 -0.764706 0.631373
vn 0.0745099 -0.788235 0.615686
vn 0.121569 -0.898039 -0.435294
vn 0.121569 -0.882353 -0.466667
vn 0.2 0.913725 0.341177
vn -0.380392 0.85098 -0.356863
vn -0.364706 0.866667 -0.34902
vn 0.0196079 0.843137 0.529412
vn 0.027451 0.835294 0.537255
vn 0.0980393 0.913725 0.372549
vn 0.152941 0.87451 0.443137
vn 0.027451 0.356863 0.929412
vn 0.0352942 0.47451 0.87451
vn 0.341177 0.866667 0.34902
vn 0.286275 0.913725 0.278431
vn 0.262745 0.960784 -0.00392157
vn 0.380392 0.921569 -0.0117647
vn -0.0509804 0.952941 -0.286274
vn -0.168627 0.968627 -0.184314
vn -0.443137 0.223529 -0.87451
vn -0.639216 0.592157 -0.505882
vn -0.662745 0.584314 -0.47451
vn -0.419608 0.270588 -0.87451
vn -0.278431 -0.152941 -0.952941
vn -0.223529 -0.152941 -0.968627
vn 0.192157 -0.6 -0.780392
vn -0.278431 -0.152941 -0.952941
vn -0.223529 -0.152941 -0.968627
vn 0.231373 -0.647059 -0.733333
vn 0.301961 -0.952941 0.0588236
vn 0.341177 -0.913725 -0.254902
vn 0.32549 -0.905882 -0.286274
vn 0.286275 -0.952941 0.0980393
vn 0.168628 -0.929412 0.341177
vn 0.137255 -0.929412 0.34902
vn -0.027451 -0.458824 0.890196
vn 0.00392163 -0.458824 0.890196
vn -0.0431373 -0.00392157 0.992157
vn -0.027451 -0.0509804 0.992157
vn -0.0196078 -0.819608 0.576471
vn 0.027451 -0.803922 0.592157
vn 0.270588 -0.819608 -0.521569
vn 0.254902 -0.811765 -0.537255
vn -0.34902 0.819608 -0.458824
vn -0.419608 0.803922 -0.427451
vn -0.0901961 0.890196 0.435294
vn -0.0588235 0.866667 0.490196
vn -0.160784 0.85098 0.490196
vn -0.176471 0.87451 0.443137
vn -0.333333 0.529412 0.772549
vn -0.317647 0.615686 0.717647
vn 0.027451 -0.913725 0.411765
vn 0.0666667 -0.890196 0.45098
vn 0.168628 -0.968627 0.192157
vn -0.34902 -0.529412 0.772549
vn -0.411765 -0.00392157 0.913725
vn -0.411765 -0.0431373 0.905882
vn -0.333333 -0.529412 0.780392
vn -0.176471 -0.835294 0.521569
vn -0.145098 -0.803922 0.576471
vn 0.0352942 0.937255 0.317647
vn 0.0509804 0.929412 0.356863
vn 0.0901961 0.960784 0.223529
vn 0.105882 0.960784 0.247059
vn 0.152941 -0.976471 0.145098
vn 0.160784 -0.968627 0.215686
vn 0.223529 -0.968627 -0.105882
vn -0.00392157 0.835294 0.545098
vn 0.00392163 0.803922 0.576471
vn -0.176471 0.780392 0.592157
vn -0.0745098 0.843137 0.521569
vn -0.505882 0.466667 0.72549
vn -0.403922 0.568627 0.709804
vn -0.0509804 -0.843137 0.537255
vn -0.027451 -0.913725 0.411765
vn -0.584314 -0.0117647 0.811765
vn -0.47451 -0.498039 0.72549
vn -0.513726 -0.521569 0.686275
vn -0.592157 0.027451 0.803922
vn -0.239216 -0.717647 0.662745
vn -0.262745 -0.788235 0.560784
vn 0.113726 0.898039 0.419608
vn 0.113726 0.905882 0.396078
vn 0.168628 0.945098 0.270588
vn 0.145098 0.968627 0.2
vn -0.301961 0.72549 0.615686
vn -0.0745098 0.811765 0.568627
vn -0.121569 0.811765 0.560784
vn -0.388235 0.686275 0.607843
vn -0.560784 0.482353 0.670588
vn -0.592157 0.45098 0.662745
vn -0.215686 -0.937255 0.278431
vn -0.286274 -0.898039 0.333333
vn 0.0980393 -1 -0.00392157
vn 0.0196079 -1 -0.0509804
vn -0.709804 0.0588236 0.701961
vn -0.709804 0.0588236 0.701961
vn -0.686275 -0.372549 0.623529
vn -0.647059 -0.419608 0.639216
vn -0.498039 -0.701961 0.521569
vn -0.427451 -0.74902 0.505882
vn 0.113726 0.890196 0.427451
vn 0.121569 0.921569 0.356863
vn 0.168628 -0.960784 -0.254902
vn -0.239216 -0.952941 -0.215686
vn 0.231373 0.945098 0.215686
vn 0.239216 0.960784 0.0666667
vn -0.560784 -0.717647 0.427451
vn -0.584314 -0.631373 0.513726
vn -0.372549 -0.905882 0.215686
vn -0.317647 -0.937255 0.152941
vn -0.435294 0.647059 0.623529
vn -0.254902 0.796078 0.537255
vn -0.239216 0.811765 0.529412
vn -0.443137 0.647059 0.615686
vn -0.568627 0.458824 0.678431
vn -0.568627 0.47451 0.670588
vn -0.00392157 -0.992157 -0.152941
vn 0.105882 -0.945098 -0.32549
vn -0.701961 0.082353 0.701961
vn -0.717647 0.0980393 0.694118
vn -0.717647 -0.317647 0.623529
vn -0.717647 -0.380392 0.584314
vn 0.027451 0.945098 0.294118
vn 0.027451 0.945098 0.317647
vn 0.270588 -0.803922 -0.537255
vn 0.168628 -0.811765 -0.560784
vn 0.239216 0.960784 0.121569
vn 0.231373 0.952941 0.145098
vn -0.513726 0.701961 0.490196
vn -0.545098 0.654902 0.513726
vn -0.396078 0.819608 0.411765
vn -0.356863 0.858824 0.34902
vn -0.631373 0.537255 0.560784
vn -0.654902 0.513726 0.552941
vn -0.764706 0.231373 0.6
vn -0.788235 -0.129412 0.607843
vn -0.819608 -0.262745 0.513726
vn -0.803922 0.176471 0.568627
vn -0.631373 -0.513726 0.576471
vn -0.592157 -0.670588 0.45098
vn -0.32549 -0.827451 0.466667
vn -0.247059 -0.890196 0.388235
vn -0.0588235 0.984314 0.129412
vn -0.0980392 0.984314 0.129412
vn 0.160784 -0.984314 -0.0901961
vn 0.270588 -0.960784 -0.113725
vn 0.498039 -0.686275 -0.537255
vn 0.47451 -0.788235 -0.403922
vn 0.113726 0.992157 0.0117648
vn 0.0745099 0.992157 0.0666667
vn -0.215686 0.811765 0.529412
vn -0.223529 0.733333 0.631373
vn -0.254902 0.898039 0.341177
vn -0.286274 0.890196 0.333333
vn -0.145098 0.364706 0.913725
vn -0.121569 0.505882 0.85098
vn -0.129412 0.937255 0.301961
vn 0.0588236 0.984314 0.129412
vn 0.0509804 0.984314 0.129412
vn -0.0666667 0.945098 0.309804
vn 0.176471 0.968627 -0.137255
vn 0.215686 0.968627 -0.0980392
vn 0.262745 0.2 -0.945098
vn 0.223529 0.215686 -0.952941
vn 0.341177 0.490196 -0.803922
vn 0.341177 0.623529 -0.701961
vn 0.00392163 -0.2 -0.984314
vn 0.00392163 -0.223529 -0.976471
vn 0.00392163 -0.2 -0.984314
vn -0.254902 -0.529412 -0.811765
vn -0.247059 -0.6 -0.764706
vn 0.00392163 -0.223529 -0.976471
vn -0.160784 -0.992157 0.0588236
vn -0.160784 -0.992157 0.0431373
vn -0.168627 -0.968627 -0.207843
vn -0.184314 -0.960784 -0.223529
vn -0.0745098 -0.945098 0.32549
vn -0.121569 -0.968627 0.231373
vn 0.0980393 -0.890196 0.458824
vn -0.0980392 -0.435294 0.890196
vn -0.0666667 -0.0509804 0.992157
vn -0.0588235 -0.027451 0.992157
vn -0.113725 -0.435294 0.890196
vn -0.0666667 -0.788235 0.615686
vn -0.0980392 -0.772549 0.623529
vn -0.145098 -0.87451 -0.482353
vn -0.129412 -0.898039 -0.427451
vn -0.192157 0.913725 0.356863
vn 0.364706 0.85098 -0.364706
vn 0.34902 0.866667 -0.34902
vn -0.027451 0.843137 0.529412
vn -0.152941 0.882353 0.435294
vn -0.105882 0.913725 0.372549
vn -0.0352941 0.835294 0.545098
vn -0.0196078 0.356863 0.929412
vn -0.027451 0.466667 0.882353
vn -0.32549 0.87451 0.356863
vn -0.372549 0.929412 0.00392163
vn -0.262745 0.960784 0.0196079
vn -0.278431 0.913725 0.286275
vn 0.0352942 0.952941 -0.278431
vn 0.160784 0.968627 -0.168627
vn 0.419608 0.223529 -0.882353
vn 0.403922 0.262745 -0.87451
vn 0.639216 0.576471 -0.498039
vn 0.615686 0.576471 -0.537255
vn 0.254902 -0.113725 -0.960784
vn 0.2 -0.113725 -0.976471
vn -0.215686 -0.568627 -0.803922
vn -0.254902 -0.631373 -0.741176
vn 0.2 -0.113725 -0.976471
vn 0.254902 -0.113725 -0.960784
vn -0.301961 -0.952941 0.0666667
vn -0.278431 -0.960784 0.113726
vn -0.34902 -0.905882 -0.278431
vn -0.341176 -0.905882 -0.262745
vn -0.145098 -0.929412 0.341177
vn -0.160784 -0.921569 0.356863
vn 0.027451 -0.47451 0.882353
vn 0.0352942 -0.0666667 0.992157
vn 0.0509804 -0.0117647 0.992157
vn -0.00392157 -0.466667 0.882353
vn -0.027451 -0.803922 0.592157
vn 0.00392163 -0.819608 0.568627
vn -0.294118 -0.803922 -0.529412
vn -0.270588 -0.796078 -0.552941
vn 0.32549 0.819608 -0.466667
vn 0.396078 0.803922 -0.435294
vn 0.0901961 0.890196 0.427451
vn 0.176471 0.866667 0.443137
vn 0.160784 0.85098 0.482353
vn 0.0666667 0.87451 0.466667
vn 0.32549 0.6 0.72549
vn 0.341177 0.529412 0.772549
vn -0.027451 -0.913725 0.411765
vn -0.184314 -0.968627 0.192157
vn -0.0745098 -0.905882 0.427451
vn 0.341177 -0.537255 0.764706
vn 0.317647 -0.545098 0.772549
vn 0.411765 -0.0509804 0.905882
vn 0.411765 -0.0117647 0.905882
vn 0.160784 -0.835294 0.529412
vn 0.137255 -0.811765 0.568627
vn -0.0196078 0.937255 0.32549
vn -0.0352941 0.929412 0.356863
vn -0.0745098 0.960784 0.239216
vn -0.0823529 0.952941 0.262745
vn -0.145098 -0.984314 0.145098
vn -0.231373 -0.968627 -0.105882
vn -0.145098 -0.976471 0.192157
vn 0.0117648 0.843137 0.529412
vn 0.0745099 0.85098 0.513726
vn 0.176471 0.788235 0.576471
vn -0.00392157 0.819608 0.560784
vn 0.411765 0.560784 0.709804
vn 0.505882 0.466667 0.717647
vn 0.0509804 -0.858824 0.505882
vn 0.027451 -0.913725 0.411765
vn 0.584314 -0.0117647 0.803922
vn 0.592157 0.0117648 0.796078
vn 0.505882 -0.529412 0.678431
vn 0.458824 -0.513726 0.717647
vn 0.247059 -0.788235 0.560784
vn 0.223529 -0.733333 0.647059
vn -0.0980392 0.898039 0.419608
vn -0.0980392 0.905882 0.403922
vn -0.145098 0.937255 0.294118
vn -0.121569 0.960784 0.215686
vn 0.301961 0.733333 0.6
vn 0.380392 0.694118 0.592157
vn 0.129412 0.819608 0.552941
vn 0.082353 0.819608 0.552941
vn 0.568627 0.47451 0.662745
vn 0.592157 0.458824 0.654902
vn 0.223529 -0.945098 0.262745
vn -0.0117647 -1 -0.0666667
vn -0.0901961 -1 -0.0196078
vn 0.286275 -0.905882 0.309804
vn 0.701961 0.0509804 0.701961
vn 0.631373 -0.427451 0.639216
vn 0.678431 -0.380392 0.623529
vn 0.701961 0.0666667 0.701961
vn 0.419608 -0.756863 0.498039
vn 0.47451 -0.717647 0.505882
vn -0.0980392 0.921569 0.372549
vn -0.0980392 0.890196 0.435294
vn 0.223529 -0.952941 -0.231373
vn -0.184314 -0.952941 -0.262745
vn -0.215686 0.968627 0.0980393
vn -0.207843 0.945098 0.247059
vn 0.552941 -0.72549 0.411765
vn 0.317647 -0.937255 0.129412
vn 0.372549 -0.913725 0.192157
vn 0.568627 -0.654902 0.490196
vn 0.427451 0.654902 0.615686
vn 0.435294 0.654902 0.607843
vn 0.247059 0.803922 0.521569
vn 0.254902 0.796078 0.537255
vn 0.552941 0.466667 0.678431
vn 0.545098 0.490196 0.670588
vn -0.121569 -0.929412 -0.356863
vn 0.00392163 -0.992157 -0.176471
vn 0.686275 0.0745099 0.717647
vn 0.701961 -0.388235 0.592157
vn 0.701961 -0.32549 0.623529
vn 0.694118 0.105882 0.701961
vn -0.00392157 0.937255 0.333333
vn -0.0117647 0.945098 0.309804
vn -0.192157 -0.796078 -0.584314
vn -0.294118 -0.788235 -0.552941
vn -0.207843 0.960784 0.145098
vn -0.2 0.960784 0.176471
vn 0.505882 0.701961 0.490196
vn 0.356863 0.858824 0.34902
vn 0.396078 0.811765 0.419608
vn 0.529412 0.662745 0.521569
vn 0.639216 0.513726 0.560784
vn 0.615686 0.537255 0.568627
vn 0.74902 0.223529 0.607843
vn 0.788235 0.176471 0.584314
vn 0.803922 -0.270588 0.521569
vn 0.772549 -0.152941 0.607843
vn 0.584314 -0.678431 0.443137
vn 0.607843 -0.552941 0.560784
vn 0.247059 -0.898039 0.372549
vn 0.309804 -0.843137 0.443137
vn 0.113726 0.984314 0.129412
vn 0.0745099 0.984314 0.137255
vn -0.270588 -0.960784 -0.129412
vn -0.145098 -0.992157 -0.0901961
vn -0.482353 -0.780392 -0.411765
vn -0.513726 -0.678431 -0.537255
vn -0.0823529 0.992157 0.0196079
vn -0.0509804 0.992157 0.0666667
vn -0.482353 -0.764706 0.435294
vn -0.576471 -0.74902 0.333333
vn -0.278431 -0.929412 0.262745
vn -0.286274 -0.929412 0.254902
vn -0.74902 0.137255 0.647059
vn -0.87451 0.168628 0.458824
vn -0.803922 -0.372549 0.466667
vn -0.709804 -0.388235 0.592157
vn -0.176471 0.921569 -0.333333
vn -0.482353 0.866667 -0.129412
vn -0.505882 0.858824 -0.027451
vn -0.647059 0.654902 0.388235
vn -0.662745 0.72549 0.184314
vn -0.984314 0.0901961 0.152941
vn -0.905882 0.364706 -0.215686
vn -0.835294 0.388235 -0.396078
vn -0.772549 0.262745 -0.576471
vn -0.592157 0.796078 0.105882
vn -0.458824 -0.654902 0.6
vn -0.623529 -0.309804 0.72549
vn -0.521569 0.85098 -0.0196078
vn -0.552941 0.827451 0.0745099
vn -0.458824 0.607843 -0.647059
vn -0.6 0.662745 -0.443137
vn -0.6 0.654902 -0.466667
vn -0.427451 0.623529 -0.662745
vn -0.819608 -0.254902 -0.521569
vn -0.584314 -0.388235 -0.717647
vn -0.568627 -0.427451 -0.709804
vn -0.835294 -0.254902 -0.505882
vn -0.239216 -0.545098 -0.811765
vn -0.215686 -0.560784 -0.803922
vn -0.113725 0.631373 -0.764706
vn -0.027451 0.576471 -0.819608
vn -0.34902 0.741176 -0.576471
vn -0.32549 0.607843 -0.72549
vn -0.356863 0.639216 -0.686275
vn -0.34902 0.631373 -0.694118
vn -0.32549 0.607843 -0.72549
vn 0.027451 -0.6 -0.803922
vn 0.0745099 -0.592157 -0.811765
vn -0.294118 -0.898039 0.34902
vn 0.2 -0.576471 -0.796078
vn 0.231373 -0.545098 -0.811765
vn 0.129412 -0.984314 -0.121569
vn 0.262745 -0.913725 -0.333333
vn -0.403922 0.764706 -0.505882
vn 0.639216 -0.34902 -0.686275
vn -0.576471 0.082353 0.811765
vn -0.498039 0.482353 0.717647
vn -0.921569 0.380392 -0.137255
vn -0.992157 0.082353 0.0901961
vn -0.317647 -0.952941 0.0431373
vn -0.317647 -0.952941 0.0431373
vn -0.317647 -0.952941 0.0431373
vn -0.513726 -0.388235 0.764706
vn -0.890196 -0.317647 0.34902
vn -0.372549 -0.733333 0.568627
vn -0.741176 -0.639216 0.215686
vn -0.356863 0.772549 0.521569
vn -0.317647 0.890196 0.309804
vn -0.788235 0.301961 -0.545098
vn -0.835294 0.458824 -0.294118
vn -0.623529 -0.780392 0.0901961
vn -0.584314 -0.811765 0.027451
vn -0.309804 -0.858824 0.411765
vn -0.435294 0.882353 -0.152941
vn -0.435294 0.882353 -0.152941
vn -0.435294 0.882353 -0.152941
vn -0.701961 -0.027451 -0.717647
vn 0.560784 -0.0117647 0.819608
vn 0.576471 0.0980393 0.803922
vn 0.866667 -0.160784 0.458824
vn 0.670588 -0.223529 0.694118
vn 0.592157 -0.113725 0.788235
vn 0.654902 -0.145098 0.733333
vn 0.662745 0.160784 0.717647
vn 0.639216 0.239216 0.72549
vn 0.905882 -0.0745098 0.403922
vn 0.027451 -0.937255 0.34902
vn 0.027451 -0.937255 0.34902
vn 0.027451 -0.937255 0.34902
vn -0.0509804 0.976471 0.2
vn -0.0509804 0.976471 0.2
vn -0.0509804 0.976471 0.2
vn -0.184314 0.082353 -0.984314
vn -0.168627 0.0509804 -0.992157
vn -0.168627 0.0509804 -0.992157
vn -0.184314 0.0901961 -0.984314
vn 0.960784 -0.0588235 -0.247059
vn 0.890196 -0.435294 -0.152941
vn 0.952941 0.294118 -0.0117647
vn 0.803922 0.584314 -0.0117647
vn 0.937255 -0.270588 0.215686
vn 0.678431 0.717647 -0.121569
vn 0.976471 0.168628 -0.0823529
vn 0.764706 0.6 -0.192157
vn 0.741176 -0.647059 -0.168627
vn 0.670588 -0.741176 -0.027451
vn 0.788235 -0.607843 0.0431373
vn 0.890196 -0.443137 0.0352942
vn 0.984314 0.027451 0.152941
vn 0.278431 -0.105882 -0.952941
vn 0.505882 -0.32549 -0.803922
vn 0.427451 -0.278431 -0.858824
vn 0.270588 -0.105882 -0.960784
vn 0.0980393 0.0745099 -0.992157
vn -0.129412 0.0745099 -0.992157
vn -0.105882 0.0980393 -0.992157
vn 0.113726 0.082353 -0.992157
vn -0.129412 0.0745099 -0.992157
vn -0.0196078 -0.0901961 -1
vn -0.0117647 -0.113725 -1
vn 0.231373 0.560784 -0.796078
vn 0.0117648 0.6 -0.796078
vn -0.0117647 0.6 -0.803922
vn 0.207843 0.490196 -0.843137
vn 0.403922 0.121569 -0.905882
vn 0.411765 0.0745099 -0.913725
vn 0.662745 -0.105882 -0.741176
vn 0.662745 -0.137255 -0.741176
vn 0.945098 -0.207843 -0.254902
vn 0.670588 -0.552941 -0.498039
vn 0.498039 0.537255 -0.678431
vn 0.670588 0.47451 -0.560784
vn 0.356863 -0.756863 -0.552941
vn 0.552941 0.670588 -0.490196
vn -0.168627 -0.0509804 -0.992157
vn -0.0901961 0.113726 -0.992157
vn 0.294118 -0.231373 -0.929412
vn -0.176471 -0.0666667 -0.984314
vn -0.552941 0.607843 0.560784
vn -0.74902 0.121569 0.654902
vn -0.709804 0.223529 0.662745
vn -0.545098 0.639216 0.537255
vn -0.45098 0.756863 0.466667
vn 0.819608 -0.521569 0.231373
vn -0.458824 0.74902 0.466667
vn -0.505882 0.694118 0.513726
vn -0.490196 0.701961 0.505882
vn -0.733333 -0.427451 0.529412
vn -0.709804 -0.466667 0.529412
vn -0.654902 -0.545098 0.529412
vn -0.513726 -0.717647 0.47451
vn -0.435294 -0.780392 0.458824
vn 0.74902 0.639216 -0.105882
vn -0.34902 0.145098 -0.929412
vn -0.419608 0.0431373 -0.913725
vn -0.411765 0.0431373 -0.913725
vn -0.356863 0.152941 -0.929412
vn -0.796078 -0.0196078 -0.615686
vn -0.811765 -0.0431373 -0.584314
vn -0.796078 -0.145098 -0.592157
vn -0.796078 -0.121569 -0.607843
vn -0.545098 0.309804 -0.780392
vn -0.568627 0.278431 -0.780392
vn 0.521569 0.537255 -0.662745
vn 0.521569 0.411765 -0.741176
vn 0.623529 0.45098 -0.639216
vn 0.505882 -0.623529 -0.6
vn 0.74902 -0.145098 -0.647059
vn 0.72549 -0.105882 -0.678431
vn 0.47451 -0.466667 -0.74902
vn 0.686275 0.388235 -0.607843
vn 0.45098 -0.513726 -0.733333
vn 0.466667 -0.717647 -0.529412
vn 0.639216 -0.34902 -0.686275
vn 0.890196 -0.443137 0.0352942
vn 0.788235 -0.607843 0.0431373
vn 0.952941 0.294118 -0.0117647
vn 0.356863 -0.756863 -0.552941
vn 0.803922 0.584314 -0.0117647
vn 0.764706 -0.121569 -0.639216
vn 0.921569 0.372549 -0.0117647
vn 0.929412 -0.262745 0.247059
vn 0.498039 0.537255 -0.678431
vn 0.74902 0.639216 -0.105882
vn 0.717647 0.631373 -0.278431
vn 0.819608 -0.521569 0.231373
vn 0.670588 -0.552941 -0.498039
vn 0.701961 -0.709804 -0.105882
vn 0.772549 -0.0980392 -0.623529
vn 0.623529 -0.741176 -0.254902
vn 0.890196 -0.435294 -0.152941
vn 0.960784 -0.0588235 -0.247059
vn 0.568627 0.74902 -0.333333
vn 0.976471 0.168628 -0.0823529
vn 0.764706 0.6 -0.192157
vn 0.670588 -0.741176 -0.027451
vn 0.741176 -0.647059 -0.168627
vn 0.678431 0.717647 -0.121569
vn 0.945098 -0.207843 -0.254902
vn 0.670588 0.47451 -0.560784
vn 0.552941 0.670588 -0.490196
vn 0.607843 -0.505882 -0.615686
vn 0.607843 -0.505882 -0.615686
vn 0.294118 -0.231373 -0.929412
vn 0.45098 -0.780392 0.435294
vn 0.247059 -0.929412 0.270588
vn 0.239216 -0.929412 0.278431
vn 0.537255 -0.772549 0.333333
vn 0.74902 0.105882 0.639216
vn 0.694118 -0.411765 0.592157
vn 0.780392 -0.403922 0.466667
vn 0.87451 0.137255 0.45098
vn 0.2 0.913725 -0.341176
vn 0.505882 0.858824 -0.0431373
vn 0.482353 0.858824 -0.137255
vn 0.662745 0.639216 0.372549
vn 0.686275 0.701961 0.168628
vn 0.984314 0.0431373 0.145098
vn 0.913725 0.32549 -0.231373
vn 0.819608 0.388235 -0.403922
vn 0.6 0.788235 0.0980393
vn 0.74902 0.270588 -0.6
vn 0.427451 -0.662745 0.607843
vn 0.607843 -0.32549 0.717647
vn 0.521569 0.85098 -0.0352941
vn 0.568627 0.811765 0.0588236
vn 0.490196 0.552941 -0.670588
vn 0.45098 0.568627 -0.686275
vn 0.631373 0.6 -0.490196
vn 0.631373 0.607843 -0.47451
vn 0.796078 -0.278431 -0.529412
vn 0.811765 -0.278431 -0.513726
vn 0.552941 -0.419608 -0.717647
vn 0.568627 -0.388235 -0.72549
vn 0.176471 -0.560784 -0.811765
vn 0.207843 -0.537255 -0.819608
vn 0.113726 0.631373 -0.764706
vn 0.333333 0.741176 -0.576471
vn 0.0352942 0.576471 -0.819608
vn 0.317647 0.592157 -0.741176
vn 0.333333 0.592157 -0.733333
vn 0.317647 0.639216 -0.694118
vn 0.32549 0.647059 -0.686275
vn -0.105882 -0.615686 -0.788235
vn -0.152941 -0.6 -0.788235
vn 0.247059 -0.898039 0.364706
vn -0.286274 -0.584314 -0.764706
vn -0.317647 -0.552941 -0.780392
vn -0.317647 -0.905882 -0.294118
vn -0.184314 -0.984314 -0.0745098
vn 0.380392 0.764706 -0.513726
vn -0.662745 -0.364706 -0.662745
vn 0.576471 0.0745099 0.803922
vn 0.992157 0.0431373 0.082353
vn 0.921569 0.341177 -0.145098
vn 0.505882 0.482353 0.709804
vn 0.270588 -0.960784 0.0588236
vn 0.270588 -0.960784 0.0588236
vn 0.270588 -0.960784 0.0588236
vn 0.498039 -0.403922 0.764706
vn 0.866667 -0.341176 0.34902
vn 0.34902 -0.741176 0.568627
vn 0.709804 -0.662745 0.223529
vn 0.372549 0.780392 0.498039
vn 0.835294 0.443137 -0.309804
vn 0.764706 0.294118 -0.568627
vn 0.317647 0.890196 0.301961
vn 0.584314 -0.811765 0.0980393
vn 0.270588 -0.866667 0.419608
vn 0.545098 -0.843137 0.0352942
vn 0.47451 0.858824 -0.168627
vn 0.47451 0.858824 -0.168627
vn 0.47451 0.858824 -0.168627
vn 0.678431 0.00392163 -0.741176
vn -0.560784 0.0196079 0.827451
vn -0.584314 0.137255 0.796078
vn -0.670588 -0.192157 0.717647
vn -0.87451 -0.113725 0.47451
vn -0.6 -0.0901961 0.796078
vn -0.654902 -0.121569 0.741176
vn -0.662745 0.192157 0.72549
vn -0.631373 0.262745 0.72549
vn -0.913725 -0.0745098 0.403922
vn -0.0588235 -0.929412 0.364706
vn -0.0588235 -0.929412 0.364706
vn -0.0588235 -0.929412 0.364706
vn 0.082353 0.976471 0.192157
vn 0.082353 0.976471 0.192157
vn 0.082353 0.976471 0.192157
vn 0.215686 0.082353 -0.976471
vn 0.215686 0.082353 -0.976471
vn 0.2 0.0509804 -0.984314
vn 0.2 0.0509804 -0.984314
vn -0.976471 -0.027451 -0.247059
vn -0.905882 -0.403922 -0.145098
vn -0.945098 0.333333 -0.0117647
vn -0.945098 -0.231373 0.231373
vn -0.788235 0.615686 -0.00392157
vn -0.654902 0.74902 -0.121569
vn -0.976471 0.2 -0.0823529
vn -0.74902 0.631373 -0.192157
vn -0.764706 -0.639216 -0.152941
vn -0.694118 -0.733333 -0.00392157
vn -0.803922 -0.6 0.0588236
vn -0.992157 0.0431373 0.152941
vn -0.913725 -0.411765 0.0509804
vn -0.286274 -0.0509804 -0.960784
vn -0.270588 -0.0509804 -0.968627
vn -0.45098 -0.247059 -0.866667
vn -0.545098 -0.301961 -0.788235
vn -0.0823529 0.027451 -1
vn -0.0980392 0.0352942 -1
vn 0.113726 0.0666667 -0.992157
vn 0.137255 0.0431373 -0.992157
vn 0.137255 0.0431373 -0.992157
vn 0.027451 -0.0980392 -1
vn 0.0196079 -0.0823529 -1
vn -0.247059 0.560784 -0.788235
vn -0.215686 0.490196 -0.843137
vn 0.0352942 0.568627 -0.819608
vn 0.00392163 0.584314 -0.811765
vn -0.427451 0.160784 -0.898039
vn -0.435294 0.113726 -0.898039
vn -0.701961 -0.129412 -0.709804
vn -0.701961 -0.105882 -0.709804
vn -0.952941 -0.192157 -0.262745
vn -0.686275 -0.552941 -0.498039
vn -0.505882 0.537255 -0.678431
vn -0.678431 0.490196 -0.552941
vn -0.403922 -0.764706 -0.513726
vn -0.537255 0.686275 -0.482353
vn 0.137255 -0.0901961 -0.992157
vn 0.145098 -0.105882 -0.984314
vn -0.309804 -0.231373 -0.929412
vn 0.0666667 0.0901961 -1
vn 0.560784 0.607843 0.552941
vn 0.560784 0.639216 0.521569
vn 0.701961 0.207843 0.670588
vn 0.733333 0.113726 0.662745
vn 0.47451 0.74902 0.45098
vn 0.490196 0.733333 0.458824
vn -0.819608 -0.521569 0.239216
vn 0.521569 0.686275 0.490196
vn 0.513726 0.694118 0.482353
vn 0.678431 -0.490196 0.537255
vn 0.701961 -0.458824 0.537255
vn 0.47451 -0.733333 0.47451
vn 0.615686 -0.584314 0.521569
vn 0.403922 -0.796078 0.45098
vn -0.772549 0.631373 -0.0823529
vn 0.333333 0.137255 -0.937255
vn 0.341177 0.137255 -0.929412
vn 0.388235 0.027451 -0.921569
vn 0.396078 0.027451 -0.921569
vn 0.780392 -0.0509804 -0.623529
vn 0.796078 -0.0666667 -0.6
vn 0.772549 -0.184314 -0.615686
vn 0.764706 -0.168627 -0.623529
vn 0.537255 0.239216 -0.803922
vn 0.521569 0.270588 -0.811765
vn -0.513726 0.552941 -0.654902
vn -0.6 0.482353 -0.647059
vn -0.505882 0.458824 -0.733333
vn -0.529412 -0.623529 -0.592157
vn -0.47451 -0.466667 -0.74902
vn -0.72549 -0.0980392 -0.686275
vn -0.756863 -0.129412 -0.654902
vn -0.662745 0.419608 -0.623529
vn -0.498039 -0.545098 -0.686275
vn -0.498039 -0.709804 -0.513726
vn -0.662745 -0.364706 -0.662745
vn -0.803922 -0.6 0.0588236
vn -0.913725 -0.411765 0.0509804
vn -0.945098 0.333333 -0.0117647
vn -0.788235 0.615686 -0.00392157
vn -0.403922 -0.764706 -0.513726
vn -0.772549 -0.105882 -0.631373
vn -0.913725 0.403922 -0.00392157
vn -0.929412 -0.262745 0.270588
vn -0.505882 0.537255 -0.678431
vn -0.701961 0.654902 -0.278431
vn -0.772549 0.631373 -0.0823529
vn -0.819608 -0.521569 0.239216
vn -0.72549 -0.694118 -0.0901961
vn -0.686275 -0.552941 -0.498039
vn -0.788235 -0.0745098 -0.623529
vn -0.976471 -0.027451 -0.247059
vn -0.905882 -0.403922 -0.145098
vn -0.647059 -0.72549 -0.247059
vn -0.552941 0.756863 -0.341176
vn -0.976471 0.2 -0.0823529
vn -0.74902 0.631373 -0.192157
vn -0.694118 -0.733333 -0.00392157
vn -0.764706 -0.639216 -0.152941
vn -0.654902 0.74902 -0.121569
vn -0.952941 -0.192157 -0.262745
vn -0.678431 0.490196 -0.552941
vn -0.537255 0.686275 -0.482353
vn -0.615686 -0.498039 -0.615686
vn -0.309804 -0.231373 -0.929412
vn -0.615686 -0.498039 -0.615686
vn 0.811765 -0.568627 -0.113725
vn 0.513726 -0.772549 -0.364706
vn 0.427451 -0.866667 -0.278431
vn 0.694118 -0.701961 -0.184314
vn 0.584314 -0.545098 -0.607843
vn 0.898039 -0.419608 -0.137255
vn 0.435294 -0.866667 -0.247059
vn 0.678431 -0.733333 -0.113725
vn 0.843137 -0.490196 -0.215686
vn 0.858824 -0.505882 -0.0823529
vn 0.835294 -0.513726 -0.184314
vn 0.913725 -0.341176 -0.223529
vn 0.992157 -0.0352941 0.0980393
vn 0.960784 -0.0509804 -0.262745
vn 0.952941 -0.105882 -0.278431
vn 0.952941 -0.278431 0.0352942
vn 0.937255 0.176471 0.286275
vn 0.984314 0.0588236 -0.160784
vn 0.937255 0.176471 0.286275
vn 0.670588 0.623529 0.388235
vn 0.937255 0.333333 -0.0745098
vn 0.984314 0.0588236 -0.160784
vn 0.184314 0.976471 -0.0745098
vn 0.694118 0.709804 -0.0431373
vn 0.780392 0.607843 -0.129412
vn 0.192157 0.952941 0.207843
vn 0.278431 0.929412 -0.223529
vn 0.72549 0.678431 -0.0352941
vn 0.764706 0.631373 -0.0431373
vn 0.443137 0.458824 -0.772549
vn 0.545098 -0.0352941 -0.835294
vn 0.87451 -0.0666667 -0.466667
vn 0.843137 0.309804 -0.427451
vn 0.686275 0.678431 -0.254902
vn 0.427451 0.796078 -0.419608
vn 0.458824 0.835294 0.262745
vn 0.796078 0.552941 -0.215686
vn 0.74902 -0.647059 -0.152941
vn 0.921569 -0.356863 -0.129412
vn 0.929412 -0.145098 -0.341176
vn 0.505882 -0.819608 -0.294118
vn 0.498039 -0.827451 -0.270588
vn 0.505882 -0.537255 -0.678431
vn 0.45098 -0.866667 -0.215686
vn 0.654902 -0.756863 0.027451
vn 0.960784 -0.176471 -0.215686
vn 0.890196 0.082353 -0.443137
vn 0.937255 0.0745099 -0.333333
vn 0.85098 -0.0588235 -0.521569
vn 0.301961 0.803922 0.498039
vn 0.85098 -0.0588235 -0.521569
vn 0.105882 0.992157 -0.0196078
vn 0.309804 0.921569 0.223529
vn 0.215686 0.937255 -0.270588
vn 0.513726 0.490196 -0.701961
vn 0.552941 -0.0196078 -0.835294
vn 0.435294 0.811765 -0.388235
vn 0.192157 0.890196 0.396078
vn 0.960784 -0.027451 -0.270588
vn 0.584314 -0.74902 -0.317647
vn 0.662745 -0.678431 -0.309804
vn 0.490196 -0.827451 -0.286274
vn 0.427451 -0.85098 -0.317647
vn 0.788235 -0.505882 -0.34902
vn 0.772549 -0.521569 -0.356863
vn 0.317647 0.921569 -0.2
vn 0.113726 0.984314 0.0745099
vn -0.0666667 0.968627 0.231373
vn 0.396078 0.913725 -0.0588235
vn 0.890196 -0.105882 -0.435294
vn 0.796078 0.419608 -0.427451
vn 0.866667 0.317647 -0.364706
vn 0.898039 -0.168627 -0.411765
vn 0.560784 0.733333 -0.372549
vn 0.662745 0.694118 -0.262745
vn 0.364706 0.913725 -0.137255
vn 0.694118 0.647059 -0.286274
vn 0.192157 -0.976471 -0.105882
vn 0.294118 -0.945098 -0.168627
vn 0.623529 -0.72549 -0.301961
vn 0.45098 -0.882353 -0.145098
vn 0.490196 -0.827451 -0.270588
vn 0.654902 -0.678431 -0.341176
vn 0.741176 -0.560784 -0.372549
vn 0.733333 -0.576471 -0.364706
vn 0.87451 -0.278431 -0.396078
vn 0.890196 -0.231373 -0.396078
vn 0.905882 0.231373 -0.356863
vn 0.913725 0.121569 -0.380392
vn 0.733333 0.568627 -0.364706
vn 0.356863 0.890196 -0.262745
vn 0.121569 -0.992157 0.0901961
vn 0.152941 -0.992157 -0.0196078
vn 0.466667 -0.835294 -0.301961
vn 0.458824 -0.835294 -0.317647
vn 0.678431 -0.568627 -0.466667
vn 0.223529 0.929412 -0.286274
vn 0.701961 0.482353 -0.521569
vn 0.796078 -0.0666667 -0.607843
vn 0.466667 0.788235 -0.388235
vn 0.427451 -0.882353 -0.192157
vn -0.129412 0.968627 0.2
vn -0.215686 0.960784 0.160784
vn -0.560784 0.701961 0.435294
vn -0.0901961 -0.992157 0.129412
vn -0.0588235 -0.992157 0.145098
vn -0.0666667 -1 0.082353
vn 0.2 -0.976471 0.082353
vn 0.466667 -0.882353 0.0509804
vn 0.905882 0.00392163 -0.411765
vn 0.992157 -0.0901961 -0.027451
vn 0.960784 -0.207843 -0.176471
vn 0.905882 -0.0196078 -0.427451
vn 0.913725 -0.207843 -0.333333
vn 0.85098 -0.435294 -0.294118
vn 0.866667 -0.435294 -0.247059
vn 0.913725 -0.317647 -0.239216
vn 0.945098 -0.309804 -0.0901961
vn 0.858824 -0.490196 -0.145098
vn 0.764706 -0.623529 -0.152941
vn 0.811765 -0.560784 -0.145098
vn 0.647059 -0.709804 -0.270588
vn 0.498039 -0.788235 -0.380392
vn 0.764706 -0.466667 -0.443137
vn 0.427451 -0.521569 -0.74902
vn 0.788235 -0.0509804 -0.615686
vn 0.466667 -0.027451 -0.890196
vn 0.772549 0.356863 -0.521569
vn 0.396078 0.45098 -0.803922
vn 0.239216 0.764706 -0.592157
vn 0.615686 0.678431 -0.388235
vn 0.576471 0.788235 -0.184314
vn 0.121569 0.913725 -0.372549
vn 0.615686 0.772549 -0.0901961
vn 0.168628 0.960784 -0.184314
vn 0.152941 0.984314 -0.0431373
vn 0.615686 0.780392 -0.0588235
vn 0.419608 0.898039 0.00392163
vn 0.764706 0.607843 -0.184314
vn 0.898039 0.427451 0.0352942
vn 0.631373 0.631373 0.443137
vn 0.921569 0.160784 0.333333
vn 0.960784 0.121569 -0.239216
vn 0.960784 0.121569 -0.239216
vn 0.921569 0.160784 0.333333
vn 0.796078 0.584314 -0.137255
vn 0.482353 0.843137 0.192157
vn 0.905882 -0.403922 -0.0666667
vn 0.945098 -0.2 -0.254902
vn 0.843137 -0.529412 0.0431373
vn -0.827451 -0.560784 -0.0980392
vn -0.701961 -0.701961 -0.176471
vn -0.45098 -0.858824 -0.270588
vn -0.529412 -0.780392 -0.34902
vn -0.607843 -0.552941 -0.584314
vn -0.905882 -0.403922 -0.137255
vn -0.466667 -0.858824 -0.254902
vn -0.858824 -0.513726 -0.0745098
vn -0.85098 -0.490196 -0.215686
vn -0.678431 -0.733333 -0.113725
vn -0.85098 -0.513726 -0.160784
vn -0.921569 -0.333333 -0.215686
vn -1 -0.0352941 0.105882
vn -0.960784 -0.278431 0.0588236
vn -0.968627 -0.0980392 -0.262745
vn -0.976471 -0.0509804 -0.247059
vn -0.945098 0.168628 0.294118
vn -0.992157 0.0588236 -0.145098
vn -0.945098 0.168628 0.294118
vn -0.992157 0.0588236 -0.145098
vn -0.945098 0.32549 -0.0509804
vn -0.701961 0.6 0.380392
vn -0.160784 0.984314 -0.0823529
vn -0.168627 0.960784 0.207843
vn -0.788235 0.6 -0.105882
vn -0.694118 0.72549 -0.0352941
vn -0.717647 0.694118 -0.0431373
vn -0.254902 0.929412 -0.254902
vn -0.772549 0.639216 -0.0588235
vn -0.458824 0.443137 -0.772549
vn -0.858824 0.301961 -0.427451
vn -0.890196 -0.0666667 -0.458824
vn -0.576471 -0.0509804 -0.819608
vn -0.427451 0.788235 -0.443137
vn -0.694118 0.670588 -0.262745
vn -0.811765 0.560784 -0.192157
vn -0.458824 0.843137 0.270588
vn -0.74902 -0.654902 -0.145098
vn -0.929412 -0.356863 -0.121569
vn -0.937255 -0.129412 -0.333333
vn -0.521569 -0.819608 -0.262745
vn -0.529412 -0.819608 -0.254902
vn -0.545098 -0.568627 -0.631373
vn -0.490196 -0.85098 -0.215686
vn -0.654902 -0.764706 0.0431373
vn -0.968627 -0.176471 -0.184314
vn -0.898039 0.082353 -0.435294
vn -0.945098 0.0745099 -0.333333
vn -0.866667 -0.0431373 -0.513726
vn -0.32549 0.827451 0.45098
vn -0.866667 -0.0431373 -0.513726
vn -0.0666667 0.992157 -0.027451
vn -0.294118 0.921569 0.231373
vn -0.184314 0.937255 -0.294118
vn -0.521569 0.466667 -0.717647
vn -0.584314 -0.0509804 -0.819608
vn -0.419608 0.803922 -0.427451
vn -0.160784 0.898039 0.403922
vn -0.968627 -0.0196078 -0.254902
vn -0.615686 -0.74902 -0.278431
vn -0.490196 -0.835294 -0.278431
vn -0.545098 -0.811765 -0.247059
vn -0.694118 -0.670588 -0.286274
vn -0.811765 -0.505882 -0.32549
vn -0.796078 -0.513726 -0.341176
vn -0.270588 0.937255 -0.223529
vn -0.333333 0.937255 -0.0823529
vn 0.145098 0.960784 0.215686
vn -0.0588235 0.992157 0.0745099
vn -0.898039 -0.113725 -0.435294
vn -0.905882 -0.160784 -0.411765
vn -0.858824 0.32549 -0.403922
vn -0.796078 0.411765 -0.45098
vn -0.631373 0.717647 -0.309804
vn -0.545098 0.733333 -0.411765
vn -0.647059 0.694118 -0.317647
vn -0.278431 0.945098 -0.168627
vn -0.396078 -0.913725 -0.145098
vn -0.341176 -0.945098 -0.0823529
vn -0.686275 -0.678431 -0.270588
vn -0.694118 -0.654902 -0.317647
vn -0.560784 -0.803922 -0.231373
vn -0.537255 -0.843137 -0.105882
vn -0.788235 -0.529412 -0.341176
vn -0.780392 -0.529412 -0.356863
vn -0.905882 -0.207843 -0.388235
vn -0.898039 0.207843 -0.388235
vn -0.882353 0.278431 -0.388235
vn -0.898039 -0.184314 -0.411765
vn -0.670588 0.639216 -0.372549
vn -0.254902 0.921569 -0.278431
vn -0.262745 -0.968627 0.0352942
vn -0.223529 -0.968627 0.145098
vn -0.505882 -0.819608 -0.286274
vn -0.505882 -0.827451 -0.262745
vn -0.701961 -0.576471 -0.435294
vn -0.184314 0.929412 -0.309804
vn -0.803922 -0.0823529 -0.592157
vn -0.701961 0.466667 -0.545098
vn -0.45098 0.780392 -0.435294
vn -0.482353 -0.866667 -0.184314
vn 0.333333 0.929412 0.121569
vn 0.247059 0.952941 0.160784
vn 0.654902 0.639216 0.396078
vn -0.0352941 -0.976471 0.223529
vn -0.0352941 -0.976471 0.215686
vn -0.32549 -0.945098 0.105882
vn -0.145098 -0.984314 0.105882
vn -0.482353 -0.882353 0.0196079
vn -0.921569 0.00392163 -0.411765
vn -0.913725 -0.0117647 -0.419608
vn -0.976471 -0.192157 -0.160784
vn -1 -0.0901961 -0.0117647
vn -0.929412 -0.192157 -0.32549
vn -0.921569 -0.32549 -0.239216
vn -0.866667 -0.443137 -0.247059
vn -0.866667 -0.419608 -0.294118
vn -0.945098 -0.333333 -0.0823529
vn -0.85098 -0.513726 -0.145098
vn -0.780392 -0.615686 -0.137255
vn -0.505882 -0.788235 -0.372549
vn -0.654902 -0.717647 -0.262745
vn -0.819608 -0.568627 -0.137255
vn -0.772549 -0.47451 -0.443137
vn -0.435294 -0.513726 -0.74902
vn -0.796078 -0.0509804 -0.615686
vn -0.482353 -0.027451 -0.882353
vn -0.788235 0.34902 -0.513726
vn -0.411765 0.45098 -0.796078
vn -0.631373 0.670588 -0.396078
vn -0.254902 0.756863 -0.6
vn -0.592157 0.780392 -0.192157
vn -0.121569 0.913725 -0.388235
vn -0.615686 0.780392 -0.0980392
vn -0.160784 0.960784 -0.2
vn -0.615686 0.788235 -0.0588235
vn -0.129412 0.984314 -0.0588235
vn -0.772549 0.615686 -0.168627
vn -0.411765 0.905882 0.0117648
vn -0.905882 0.427451 0.0509804
vn -0.968627 0.113726 -0.231373
vn -0.929412 0.152941 0.333333
vn -0.639216 0.623529 0.443137
vn -0.929412 0.152941 0.333333
vn -0.968627 0.113726 -0.231373
vn -0.803922 0.584314 -0.121569
vn -0.490196 0.843137 0.2
vn -0.905882 -0.435294 -0.0588235
vn -0.960784 -0.184314 -0.247059
vn -0.858824 -0.521569 0.0431373

g SteelArmorHeavyFur
usemtl NoMaterial_1

s 1
f 1/1/1 2/2/2 3/3/3
f 3/3/3 4/4/4 1/1/1
f 5/5/5 6/6/6 1/1/1
f 1/1/1 4/4/4 5/5/5
f 7/7/7 8/8/8 9/9/9
f 9/9/9 10/10/10 7/7/7
f 11/11/11 10/10/10 9/9/9
f 9/9/9 12/12/12 11/11/11
f 13/13/13 14/14/14 15/15/15
f 15/15/15 16/16/16 13/13/13
f 17/17/17 13/13/13 16/16/16
f 16/16/16 18/18/18 17/17/17
f 19/19/19 20/20/20 21/21/21
f 21/21/21 22/22/22 19/19/19
f 23/23/23 24/24/24 25/25/25
f 25/25/25 26/26/26 23/23/23
f 23/23/23 26/26/26 27/27/27
f 27/27/27 28/28/28 23/23/23
f 29/29/29 28/28/28 27/27/27
f 30/30/30 31/31/31 32/32/32
f 32/32/32 33/33/33 30/30/30
f 6/6/6 5/5/5 33/33/33
f 33/33/33 32/32/32 6/6/6
f 30/30/30 34/34/34 35/35/35
f 35/35/35 31/31/31 30/30/30
f 28/28/28 29/29/29 35/35/35
f 35/35/35 34/34/34 28/28/28
f 22/22/22 21/21/21 36/36/36
f 36/36/36 37/37/37 22/22/22
f 38/38/38 8/8/8 7/7/7
f 3/3/3 2/2/2 38/38/38
f 38/38/38 7/7/7 3/3/3
f 39/39/39 11/11/11 12/12/12
f 12/12/12 40/40/40 39/39/39
f 41/41/41 4/4/4 3/3/3
f 3/3/3 42/42/42 41/41/41
f 43/43/43 5/5/5 4/4/4
f 4/4/4 41/41/41 43/43/43
f 44/44/44 7/7/7 10/10/10
f 10/10/10 45/45/45 44/44/44
f 46/46/46 45/45/45 10/10/10
f 10/10/10 11/11/11 46/46/46
f 47/47/47 48/48/48 14/14/14
f 14/14/14 13/13/13 47/47/47
f 49/49/49 47/47/47 13/13/13
f 13/13/13 17/17/17 49/49/49
f 50/50/50 51/51/51 19/19/19
f 19/19/19 22/22/22 50/50/50
f 52/52/52 53/53/53 24/24/24
f 24/24/24 23/23/23 52/52/52
f 52/52/52 23/23/23 28/28/28
f 28/28/28 54/54/54 52/52/52
f 55/55/55 30/30/30 33/33/33
f 33/33/33 56/56/56 55/55/55
f 56/56/56 33/33/33 5/5/5
f 5/5/5 43/43/43 56/56/56
f 55/55/55 57/57/57 34/34/34
f 34/34/34 30/30/30 55/55/55
f 54/54/54 28/28/28 34/34/34
f 34/34/34 57/57/57 54/54/54
f 37/37/37 24/24/24 53/53/53
f 53/53/53 58/58/58 37/37/37
f 42/42/42 3/3/3 7/7/7
f 7/7/7 44/44/44 42/42/42
f 59/59/59 46/46/46 11/11/11
f 11/11/11 39/39/39 59/59/59
f 60/60/60 61/61/61 62/62/62
f 62/62/62 63/63/63 60/60/60
f 64/64/64 60/60/60 63/63/63
f 63/63/63 65/65/65 64/64/64
f 66/66/66 67/67/67 68/68/68
f 68/68/68 69/69/69 66/66/66
f 70/70/70 71/71/71 72/72/72
f 72/72/72 73/73/73 70/70/70
f 70/70/70 64/64/64 65/65/65
f 65/65/65 71/71/71 70/70/70
f 73/73/73 72/72/72 74/74/74
f 74/74/74 75/75/75 73/73/73
f 74/74/74 76/76/76 77/77/77
f 77/77/77 67/67/67 74/74/74
f 61/61/61 78/78/78 79/79/79
f 79/79/79 62/62/62 61/61/61
f 80/80/80 81/81/81 82/82/82
f 82/82/82 83/83/83 80/80/80
f 80/80/80 84/84/84 85/85/85
f 85/85/85 81/81/81 80/80/80
f 86/86/86 87/87/87 88/88/88
f 88/88/88 89/89/89 86/86/86
f 84/84/84 86/86/86 89/89/89
f 89/89/89 85/85/85 84/84/84
f 87/87/87 90/90/90 76/76/76
f 76/76/76 88/88/88 87/87/87
f 90/90/90 91/91/91 77/77/77
f 77/77/77 76/76/76 90/90/90
f 83/83/83 82/82/82 92/92/92
f 92/92/92 93/93/93 83/83/83
f 42/42/42 94/94/94 95/95/95
f 95/95/95 41/41/41 42/42/42
f 41/41/41 95/95/95 96/96/96
f 96/96/96 43/43/43 41/41/41
f 54/54/54 97/97/97 52/52/52
f 55/55/55 56/56/56 98/98/98
f 98/98/98 99/99/99 55/55/55
f 96/96/96 98/98/98 56/56/56
f 56/56/56 43/43/43 96/96/96
f 57/57/57 55/55/55 99/99/99
f 99/99/99 100/100/100 57/57/57
f 100/100/100 97/97/97 54/54/54
f 54/54/54 57/57/57 100/100/100
f 44/44/44 101/101/101 94/94/94
f 94/94/94 42/42/42 44/44/44
f 52/52/52 69/69/69 53/53/53
f 69/69/69 68/68/68 58/58/58
f 58/58/58 53/53/53 69/69/69
f 91/91/91 102/102/102 103/103/103
f 103/103/103 77/77/77 91/91/91
f 102/102/102 104/104/104 50/50/50
f 50/50/50 103/103/103 102/102/102
f 105/105/105 106/106/106 93/93/93
f 93/93/93 92/92/92 105/105/105
f 79/79/79 78/78/78 107/107/107
f 107/107/107 108/108/108 79/79/79
f 45/45/45 109/109/109 101/101/101
f 101/101/101 44/44/44 45/45/45
f 37/37/37 36/36/36 25/25/25
f 25/25/25 24/24/24 37/37/37
f 58/58/58 50/50/50 22/22/22
f 22/22/22 37/37/37 58/58/58
f 63/63/63 62/62/62 82/82/82
f 82/82/82 81/81/81 63/63/63
f 65/65/65 63/63/63 81/81/81
f 81/81/81 85/85/85 65/65/65
f 67/67/67 77/77/77 103/103/103
f 103/103/103 68/68/68 67/67/67
f 71/71/71 89/89/89 88/88/88
f 88/88/88 72/72/72 71/71/71
f 65/65/65 85/85/85 89/89/89
f 89/89/89 71/71/71 65/65/65
f 74/74/74 72/72/72 88/88/88
f 88/88/88 76/76/76 74/74/74
f 67/67/67 66/66/66 75/75/75
f 75/75/75 74/74/74 67/67/67
f 62/62/62 79/79/79 92/92/92
f 92/92/92 82/82/82 62/62/62
f 68/68/68 103/103/103 50/50/50
f 50/50/50 58/58/58 68/68/68
f 108/108/108 105/105/105 92/92/92
f 92/92/92 79/79/79 108/108/108
f 40/40/40 15/15/15 14/14/14
f 14/14/14 39/39/39 40/40/40
f 39/39/39 14/14/14 48/48/48
f 48/48/48 59/59/59 39/39/39
f 110/110/110 111/111/111 112/112/112
f 112/112/112 113/113/113 110/110/110
f 114/114/114 115/115/115 116/116/116
f 116/116/116 117/117/117 114/114/114
f 118/118/118 119/119/119 120/120/120
f 120/120/120 121/121/121 118/118/118
f 122/122/122 123/123/123 112/112/112
f 112/112/112 124/124/124 122/122/122
f 125/125/125 113/113/113 112/112/112
f 112/112/112 123/123/123 125/125/125
f 126/126/126 127/127/127 128/128/128
f 128/128/128 129/129/129 126/126/126
f 130/130/130 131/131/131 127/127/127
f 127/127/127 126/126/126 130/130/130
f 132/132/132 133/133/133 131/131/131
f 131/131/131 130/130/130 132/132/132
f 134/134/134 135/135/135 133/133/133
f 133/133/133 132/132/132 134/134/134
f 134/134/134 136/136/136 137/137/137
f 137/137/137 135/135/135 134/134/134
f 138/138/138 139/139/139 137/137/137
f 137/137/137 136/136/136 138/138/138
f 140/140/140 115/115/115 139/139/139
f 139/139/139 138/138/138 140/140/140
f 140/140/140 141/141/141 116/116/116
f 116/116/116 115/115/115 140/140/140
f 141/141/141 142/142/142 143/143/143
f 143/143/143 116/116/116 141/141/141
f 144/144/144 145/145/145 146/146/146
f 146/146/146 147/147/147 144/144/144
f 121/121/121 148/148/148 149/149/149
f 149/149/149 118/118/118 121/121/121
f 150/150/150 144/144/144 147/147/147
f 147/147/147 151/151/151 150/150/150
f 125/125/125 152/152/152 113/113/113
f 153/153/153 154/154/154 128/128/128
f 110/110/110 113/113/113 128/128/128
f 128/128/128 154/154/154 110/110/110
f 113/113/113 152/152/152 129/129/129
f 129/129/129 128/128/128 113/113/113
f 155/155/155 122/122/122 124/124/124
f 124/124/124 156/156/156 155/155/155
f 126/126/126 129/129/129 2/2/2
f 2/2/2 1/1/1 126/126/126
f 126/126/126 1/1/1 6/6/6
f 6/6/6 130/130/130 126/126/126
f 123/123/123 9/9/9 8/8/8
f 8/8/8 125/125/125 123/123/123
f 122/122/122 12/12/12 9/9/9
f 9/9/9 123/123/123 122/122/122
f 119/119/119 118/118/118 16/16/16
f 16/16/16 15/15/15 119/119/119
f 118/118/118 149/149/149 18/18/18
f 18/18/18 16/16/16 118/118/118
f 144/144/144 21/21/21 20/20/20
f 20/20/20 145/145/145 144/144/144
f 141/141/141 26/26/26 25/25/25
f 25/25/25 142/142/142 141/141/141
f 140/140/140 27/27/27 26/26/26
f 26/26/26 141/141/141 140/140/140
f 138/138/138 29/29/29 27/27/27
f 27/27/27 140/140/140 138/138/138
f 132/132/132 32/32/32 31/31/31
f 31/31/31 134/134/134 132/132/132
f 130/130/130 6/6/6 32/32/32
f 32/32/32 132/132/132 130/130/130
f 134/134/134 31/31/31 35/35/35
f 35/35/35 136/136/136 134/134/134
f 136/136/136 35/35/35 29/29/29
f 29/29/29 138/138/138 136/136/136
f 144/144/144 150/150/150 36/36/36
f 36/36/36 21/21/21 144/144/144
f 125/125/125 8/8/8 38/38/38
f 38/38/38 152/152/152 125/125/125
f 152/152/152 38/38/38 2/2/2
f 2/2/2 129/129/129 152/152/152
f 40/40/40 12/12/12 122/122/122
f 122/122/122 155/155/155 40/40/40
f 124/124/124 112/112/112 111/111/111
f 111/111/111 157/157/157 124/124/124
f 153/153/153 128/128/128 127/127/127
f 127/127/127 158/158/158 153/153/153
f 158/158/158 127/127/127 131/131/131
f 131/131/131 159/159/159 158/158/158
f 159/159/159 131/131/131 133/133/133
f 133/133/133 160/160/160 159/159/159
f 160/160/160 133/133/133 135/135/135
f 135/135/135 161/161/161 160/160/160
f 162/162/162 161/161/161 135/135/135
f 135/135/135 137/137/137 162/162/162
f 163/163/163 162/162/162 137/137/137
f 137/137/137 139/139/139 163/163/163
f 163/163/163 139/139/139 115/115/115
f 115/115/115 114/114/114 163/163/163
f 156/156/156 124/124/124 157/157/157
f 157/157/157 164/164/164 156/156/156
f 121/121/121 120/120/120 165/165/165
f 165/165/165 166/166/166 121/121/121
f 148/148/148 121/121/121 166/166/166
f 166/166/166 167/167/167 148/148/148
f 147/147/147 146/146/146 168/168/168
f 168/168/168 169/169/169 147/147/147
f 151/151/151 147/147/147 169/169/169
f 169/169/169 170/170/170 151/151/151
f 143/143/143 171/171/171 117/117/117
f 117/117/117 116/116/116 143/143/143
f 150/150/150 151/151/151 143/143/143
f 143/143/143 142/142/142 150/150/150
f 36/36/36 150/150/150 142/142/142
f 142/142/142 25/25/25 36/36/36
f 151/151/151 170/170/170 171/171/171
f 171/171/171 143/143/143 151/151/151
f 164/164/164 165/165/165 120/120/120
f 120/120/120 156/156/156 164/164/164
f 156/156/156 120/120/120 119/119/119
f 119/119/119 155/155/155 156/156/156
f 40/40/40 155/155/155 119/119/119
f 119/119/119 15/15/15 40/40/40
f 158/158/158 172/172/172 173/173/173
f 173/173/173 153/153/153 158/158/158
f 172/172/172 158/158/158 159/159/159
f 159/159/159 174/174/174 172/172/172
f 163/163/163 114/114/114 175/175/175
f 175/175/175 176/176/176 163/163/163
f 161/161/161 177/177/177 178/178/178
f 178/178/178 160/160/160 161/161/161
f 160/160/160 178/178/178 174/174/174
f 174/174/174 159/159/159 160/160/160
f 177/177/177 161/161/161 162/162/162
f 162/162/162 179/179/179 177/177/177
f 163/163/163 176/176/176 179/179/179
f 179/179/179 162/162/162 163/163/163
f 180/180/180 181/181/181 182/182/182
f 182/182/182 183/183/183 180/180/180
f 184/184/184 185/185/185 186/186/186
f 186/186/186 187/187/187 184/184/184
f 188/188/188 189/189/189 190/190/190
f 190/190/190 191/191/191 188/188/188
f 192/192/192 191/191/191 190/190/190
f 190/190/190 193/193/193 192/192/192
f 192/192/192 193/193/193 194/194/194
f 194/194/194 195/195/195 192/192/192
f 196/196/196 197/197/197 198/198/198
f 198/198/198 199/199/199 196/196/196
f 200/200/200 201/201/201 202/202/202
f 202/202/202 203/203/203 200/200/200
f 204/204/204 205/205/205 206/206/206
f 206/206/206 207/207/207 204/204/204
f 205/205/205 208/208/208 209/209/209
f 209/209/209 206/206/206 205/205/205
f 210/210/210 211/211/211 212/212/212
f 212/212/212 181/181/181 210/210/210
f 213/213/213 214/214/214 215/215/215
f 215/215/215 216/216/216 213/213/213
f 217/217/217 218/218/218 219/219/219
f 220/220/220 221/221/221 222/222/222
f 222/222/222 223/223/223 220/220/220
f 196/196/196 199/199/199 224/224/224
f 224/224/224 225/225/225 196/196/196
f 226/226/226 222/222/222 221/221/221
f 221/221/221 227/227/227 226/226/226
f 216/216/216 215/215/215 228/228/228
f 228/228/228 229/229/229 216/216/216
f 196/196/196 230/230/230 231/231/231
f 231/231/231 197/197/197 196/196/196
f 180/180/180 210/210/210 181/181/181
f 232/232/232 233/233/233 234/234/234
f 234/234/234 235/235/235 232/232/232
f 234/234/234 236/236/236 237/237/237
f 237/237/237 235/235/235 234/234/234
f 238/238/238 239/239/239 240/240/240
f 240/240/240 241/241/241 238/238/238
f 242/242/242 243/243/243 240/240/240
f 240/240/240 239/239/239 242/242/242
f 244/244/244 245/245/245 243/243/243
f 243/243/243 242/242/242 244/244/244
f 246/246/246 247/247/247 248/248/248
f 248/248/248 185/185/185 246/246/246
f 249/249/249 246/246/246 185/185/185
f 185/185/185 184/184/184 249/249/249
f 185/185/185 248/248/248 250/250/250
f 250/250/250 186/186/186 185/185/185
f 186/186/186 250/250/250 251/251/251
f 251/251/251 252/252/252 186/186/186
f 187/187/187 253/253/253 254/254/254
f 255/255/255 254/254/254 253/253/253
f 253/253/253 256/256/256 255/255/255
f 257/257/257 235/235/235 237/237/237
f 237/237/237 258/258/258 257/257/257
f 180/180/180 183/183/183 257/257/257
f 257/257/257 258/258/258 180/180/180
f 254/254/254 184/184/184 187/187/187
f 184/184/184 254/254/254 259/259/259
f 259/259/259 249/249/249 184/184/184
f 245/245/245 244/244/244 260/260/260
f 260/260/260 261/261/261 245/245/245
f 258/258/258 237/237/237 262/262/262
f 263/263/263 256/256/256 264/264/264
f 264/264/264 265/265/265 263/263/263
f 266/266/266 267/267/267 268/268/268
f 268/268/268 269/269/269 266/266/266
f 255/255/255 256/256/256 263/263/263
f 263/263/263 270/270/270 255/255/255
f 266/266/266 271/271/271 270/270/270
f 270/270/270 267/267/267 266/266/266
f 272/272/272 273/273/273 274/274/274
f 274/274/274 275/275/275 272/272/272
f 273/273/273 272/272/272 276/276/276
f 276/276/276 277/277/277 273/273/273
f 270/270/270 271/271/271 278/278/278
f 278/278/278 279/279/279 270/270/270
f 194/194/194 193/193/193 280/280/280
f 280/280/280 281/281/281 194/194/194
f 282/282/282 283/283/283 284/284/284
f 284/284/284 285/285/285 282/282/282
f 286/286/286 190/190/190 189/189/189
f 189/189/189 287/287/287 286/286/286
f 288/288/288 289/289/289 290/290/290
f 290/290/290 291/291/291 288/288/288
f 288/288/288 277/277/277 276/276/276
f 276/276/276 289/289/289 288/288/288
f 287/287/287 189/189/189 292/292/292
f 292/292/292 293/293/293 287/287/287
f 282/282/282 285/285/285 291/291/291
f 291/291/291 290/290/290 282/282/282
f 266/266/266 292/292/292 294/294/294
f 294/294/294 271/271/271 266/266/266
f 295/295/295 203/203/203 202/202/202
f 202/202/202 296/296/296 295/295/295
f 297/297/297 278/278/278 271/271/271
f 271/271/271 294/294/294 297/297/297
f 190/190/190 286/286/286 280/280/280
f 280/280/280 193/193/193 190/190/190
f 241/241/241 240/240/240 177/177/177
f 177/177/177 179/179/179 241/241/241
f 240/240/240 243/243/243 178/178/178
f 178/178/178 177/177/177 240/240/240
f 243/243/243 245/245/245 174/174/174
f 174/174/174 178/178/178 243/243/243
f 245/245/245 261/261/261 172/172/172
f 172/172/172 174/174/174 245/245/245
f 298/298/298 232/232/232 299/299/299
f 299/299/299 300/300/300 298/298/298
f 239/239/239 238/238/238 301/301/301
f 301/301/301 302/302/302 239/239/239
f 242/242/242 239/239/239 302/302/302
f 302/302/302 303/303/303 242/242/242
f 244/244/244 242/242/242 303/303/303
f 303/303/303 304/304/304 244/244/244
f 248/248/248 247/247/247 305/305/305
f 305/305/305 306/306/306 248/248/248
f 260/260/260 244/244/244 304/304/304
f 304/304/304 307/307/307 260/260/260
f 308/308/308 309/309/309 310/310/310
f 310/310/310 311/311/311 308/308/308
f 312/312/312 313/313/313 314/314/314
f 314/314/314 315/315/315 312/312/312
f 316/316/316 317/317/317 318/318/318
f 318/318/318 319/319/319 316/316/316
f 319/319/319 320/320/320 321/321/321
f 321/321/321 316/316/316 319/319/319
f 322/322/322 323/323/323 324/324/324
f 324/324/324 325/325/325 322/322/322
f 326/326/326 321/321/321 320/320/320
f 320/320/320 327/327/327 326/326/326
f 311/311/311 326/326/326 327/327/327
f 327/327/327 308/308/308 311/311/311
f 328/328/328 329/329/329 315/315/315
f 315/315/315 314/314/314 328/328/328
f 330/330/330 331/331/331 325/325/325
f 325/325/325 324/324/324 330/330/330
f 241/241/241 234/234/234 233/233/233
f 233/233/233 238/238/238 241/241/241
f 241/241/241 179/179/179 236/236/236
f 236/236/236 234/234/234 241/241/241
f 332/332/332 333/333/333 334/334/334
f 334/334/334 259/259/259 332/332/332
f 154/154/154 334/334/334 333/333/333
f 333/333/333 110/110/110 154/154/154
f 247/247/247 246/246/246 261/261/261
f 261/261/261 260/260/260 247/247/247
f 261/261/261 246/246/246 249/249/249
f 249/249/249 172/172/172 261/261/261
f 259/259/259 173/173/173 172/172/172
f 172/172/172 249/249/249 259/259/259
f 114/114/114 117/117/117 335/335/335
f 335/335/335 175/175/175 114/114/114
f 336/336/336 175/175/175 335/335/335
f 335/335/335 214/214/214 336/336/336
f 262/262/262 337/337/337 336/336/336
f 336/336/336 338/338/338 262/262/262
f 337/337/337 236/236/236 179/179/179
f 179/179/179 176/176/176 337/337/337
f 110/110/110 333/333/333 339/339/339
f 339/339/339 111/111/111 110/110/110
f 332/332/332 279/279/279 339/339/339
f 339/339/339 333/333/333 332/332/332
f 173/173/173 259/259/259 334/334/334
f 153/153/153 173/173/173 334/334/334
f 334/334/334 154/154/154 153/153/153
f 157/157/157 111/111/111 339/339/339
f 339/339/339 340/340/340 157/157/157
f 340/340/340 339/339/339 279/279/279
f 279/279/279 341/341/341 340/340/340
f 340/340/340 342/342/342 157/157/157
f 192/192/192 343/343/343 344/344/344
f 344/344/344 191/191/191 192/192/192
f 165/165/165 344/344/344 343/343/343
f 343/343/343 166/166/166 165/165/165
f 166/166/166 343/343/343 345/345/345
f 345/345/345 167/167/167 166/166/166
f 195/195/195 345/345/345 343/343/343
f 343/343/343 192/192/192 195/195/195
f 198/198/198 197/197/197 346/346/346
f 346/346/346 347/347/347 198/198/198
f 169/169/169 168/168/168 347/347/347
f 347/347/347 346/346/346 169/169/169
f 228/228/228 171/171/171 170/170/170
f 170/170/170 348/348/348 228/228/228
f 346/346/346 197/197/197 231/231/231
f 231/231/231 348/348/348 346/346/346
f 117/117/117 171/171/171 215/215/215
f 215/215/215 335/335/335 117/117/117
f 238/238/238 233/233/233 349/349/349
f 349/349/349 301/301/301 238/238/238
f 298/298/298 349/349/349 233/233/233
f 233/233/233 232/232/232 298/298/298
f 260/260/260 307/307/307 305/305/305
f 305/305/305 247/247/247 260/260/260
f 330/330/330 324/324/324 205/205/205
f 205/205/205 204/204/204 330/330/330
f 324/324/324 323/323/323 208/208/208
f 208/208/208 205/205/205 324/324/324
f 222/222/222 315/315/315 329/329/329
f 329/329/329 223/223/223 222/222/222
f 312/312/312 315/315/315 222/222/222
f 222/222/222 226/226/226 312/312/312
f 272/272/272 275/275/275 309/309/309
f 309/309/309 308/308/308 272/272/272
f 272/272/272 308/308/308 276/276/276
f 318/318/318 283/283/283 282/282/282
f 282/282/282 319/319/319 318/318/318
f 320/320/320 290/290/290 289/289/289
f 289/289/289 327/327/327 320/320/320
f 327/327/327 289/289/289 276/276/276
f 276/276/276 308/308/308 327/327/327
f 319/319/319 282/282/282 290/290/290
f 290/290/290 320/320/320 319/319/319
f 251/251/251 250/250/250 350/350/350
f 350/350/350 351/351/351 251/251/251
f 186/186/186 252/252/252 253/253/253
f 253/253/253 187/187/187 186/186/186
f 306/306/306 350/350/350 250/250/250
f 250/250/250 248/248/248 306/306/306
f 232/232/232 235/235/235 352/352/352
f 352/352/352 299/299/299 232/232/232
f 257/257/257 183/183/183 353/353/353
f 353/353/353 354/354/354 257/257/257
f 235/235/235 257/257/257 354/354/354
f 354/354/354 352/352/352 235/235/235
f 210/210/210 338/338/338 213/213/213
f 213/213/213 211/211/211 210/210/210
f 213/213/213 216/216/216 211/211/211
f 203/203/203 295/295/295 216/216/216
f 216/216/216 219/219/219 203/203/203
f 203/203/203 219/219/219 218/218/218
f 218/218/218 200/200/200 203/203/203
f 355/355/355 353/353/353 183/183/183
f 183/183/183 182/182/182 355/355/355
f 181/181/181 212/212/212 356/356/356
f 356/356/356 182/182/182 181/181/181
f 259/259/259 254/254/254 255/255/255
f 255/255/255 332/332/332 259/259/259
f 332/332/332 255/255/255 270/270/270
f 270/270/270 279/279/279 332/332/332
f 252/252/252 251/251/251 351/351/351
f 351/351/351 357/357/357 252/252/252
f 356/356/356 355/355/355 182/182/182
f 358/358/358 359/359/359 306/306/306
f 306/306/306 305/305/305 358/358/358
f 360/360/360 358/358/358 305/305/305
f 305/305/305 307/307/307 360/360/360
f 361/361/361 360/360/360 307/307/307
f 307/307/307 304/304/304 361/361/361
f 303/303/303 362/362/362 361/361/361
f 361/361/361 304/304/304 303/303/303
f 302/302/302 363/363/363 362/362/362
f 362/362/362 303/303/303 302/302/302
f 301/301/301 364/364/364 363/363/363
f 363/363/363 302/302/302 301/301/301
f 365/365/365 364/364/364 301/301/301
f 301/301/301 349/349/349 365/365/365
f 366/366/366 365/365/365 349/349/349
f 349/349/349 298/298/298 366/366/366
f 300/300/300 367/367/367 366/366/366
f 366/366/366 298/298/298 300/300/300
f 359/359/359 368/368/368 350/350/350
f 350/350/350 306/306/306 359/359/359
f 263/263/263 267/267/267 270/270/270
f 268/268/268 267/267/267 263/263/263
f 263/263/263 265/265/265 268/268/268
f 265/265/265 264/264/264 369/369/369
f 369/369/369 370/370/370 265/265/265
f 274/274/274 273/273/273 265/265/265
f 265/265/265 370/370/370 274/274/274
f 273/273/273 268/268/268 265/265/265
f 287/287/287 293/293/293 269/269/269
f 253/253/253 357/357/357 264/264/264
f 264/264/264 256/256/256 253/253/253
f 287/287/287 288/288/288 291/291/291
f 291/291/291 286/286/286 287/287/287
f 286/286/286 291/291/291 285/285/285
f 285/285/285 280/280/280 286/286/286
f 280/280/280 285/285/285 284/284/284
f 284/284/284 281/281/281 280/280/280
f 225/225/225 224/224/224 227/227/227
f 227/227/227 221/221/221 225/225/225
f 371/371/371 225/225/225 221/221/221
f 221/221/221 220/220/220 371/371/371
f 200/200/200 218/218/218 207/207/207
f 207/207/207 206/206/206 200/200/200
f 201/201/201 200/200/200 206/206/206
f 206/206/206 209/209/209 201/201/201
f 351/351/351 369/369/369 264/264/264
f 264/264/264 357/357/357 351/351/351
f 253/253/253 252/252/252 357/357/357
f 230/230/230 196/196/196 225/225/225
f 225/225/225 371/371/371 230/230/230
f 223/223/223 204/204/204 207/207/207
f 207/207/207 220/220/220 223/223/223
f 229/229/229 217/217/217 219/219/219
f 219/219/219 216/216/216 229/229/229
f 329/329/329 328/328/328 331/331/331
f 331/331/331 330/330/330 329/329/329
f 170/170/170 169/169/169 346/346/346
f 346/346/346 348/348/348 170/170/170
f 329/329/329 330/330/330 204/204/204
f 204/204/204 223/223/223 329/329/329
f 220/220/220 207/207/207 218/218/218
f 218/218/218 371/371/371 220/220/220
f 341/341/341 279/279/279 278/278/278
f 278/278/278 297/297/297 372/372/372
f 372/372/372 341/341/341 278/278/278
f 341/341/341 372/372/372 342/342/342
f 342/342/342 340/340/340 341/341/341
f 191/191/191 344/344/344 373/373/373
f 373/373/373 188/188/188 191/191/191
f 373/373/373 344/344/344 165/165/165
f 165/165/165 164/164/164 373/373/373
f 292/292/292 189/189/189 188/188/188
f 188/188/188 294/294/294 292/292/292
f 188/188/188 297/297/297 294/294/294
f 188/188/188 372/372/372 297/297/297
f 372/372/372 188/188/188 373/373/373
f 373/373/373 342/342/342 372/372/372
f 266/266/266 269/269/269 293/293/293
f 293/293/293 292/292/292 266/266/266
f 164/164/164 157/157/157 342/342/342
f 342/342/342 373/373/373 164/164/164
f 269/269/269 268/268/268 273/273/273
f 273/273/273 277/277/277 269/269/269
f 231/231/231 229/229/229 228/228/228
f 228/228/228 348/348/348 231/231/231
f 217/217/217 229/229/229 231/231/231
f 231/231/231 230/230/230 217/217/217
f 217/217/217 230/230/230 371/371/371
f 371/371/371 218/218/218 217/217/217
f 215/215/215 171/171/171 228/228/228
f 374/374/374 212/212/212 211/211/211
f 288/288/288 287/287/287 269/269/269
f 269/269/269 277/277/277 288/288/288
f 374/374/374 211/211/211 295/295/295
f 295/295/295 296/296/296 374/374/374
f 216/216/216 295/295/295 211/211/211
f 262/262/262 180/180/180 258/258/258
f 337/337/337 262/262/262 237/237/237
f 237/237/237 236/236/236 337/337/337
f 214/214/214 335/335/335 215/215/215
f 213/213/213 338/338/338 336/336/336
f 336/336/336 214/214/214 213/213/213
f 176/176/176 175/175/175 336/336/336
f 336/336/336 337/337/337 176/176/176
f 338/338/338 210/210/210 180/180/180
f 180/180/180 262/262/262 338/338/338
f 375/375/375 376/376/376 377/377/377
f 377/377/377 378/378/378 375/375/375
f 378/378/378 377/377/377 379/379/379
f 379/379/379 380/380/380 378/378/378
f 381/381/381 379/379/379 382/382/382
f 382/382/382 383/383/383 381/381/381
f 381/381/381 384/384/384 385/385/385
f 385/385/385 386/386/386 381/381/381
f 387/387/387 385/385/385 384/384/384
f 388/388/388 389/389/389 390/390/390
f 390/390/390 391/391/391 388/388/388
f 391/391/391 390/390/390 392/392/392
f 392/392/392 393/393/393 391/391/391
f 383/383/383 394/394/394 384/384/384
f 384/384/384 381/381/381 383/383/383
f 394/394/394 395/395/395 387/387/387
f 387/387/387 384/384/384 394/394/394
f 395/395/395 396/396/396 390/390/390
f 390/390/390 389/389/389 395/395/395
f 396/396/396 397/397/397 392/392/392
f 392/392/392 390/390/390 396/396/396
f 393/393/393 392/392/392 398/398/398
f 398/398/398 399/399/399 393/393/393
f 398/398/398 392/392/392 397/397/397
f 397/397/397 400/400/400 398/398/398
f 401/401/401 398/398/398 400/400/400
f 400/400/400 402/402/402 401/401/401
f 403/403/403 404/404/404 405/405/405
f 405/405/405 406/406/406 403/403/403
f 406/406/406 405/405/405 407/407/407
f 407/407/407 408/408/408 406/406/406
f 409/409/409 410/410/410 411/411/411
f 411/411/411 412/412/412 409/409/409
f 412/412/412 411/411/411 413/413/413
f 413/413/413 414/414/414 412/412/412
f 415/415/415 416/416/416 417/417/417
f 417/417/417 418/418/418 415/415/415
f 419/419/419 420/420/420 421/421/421
f 421/421/421 422/422/422 419/419/419
f 423/423/423 420/420/420 419/419/419
f 419/419/419 424/424/424 423/423/423
f 417/417/417 416/416/416 422/422/422
f 422/422/422 421/421/421 417/417/417
f 425/425/425 377/377/377 376/376/376
f 376/376/376 426/426/426 425/425/425
f 380/380/380 379/379/379 381/381/381
f 381/381/381 386/386/386 380/380/380
f 379/379/379 377/377/377 425/425/425
f 425/425/425 382/382/382 379/379/379
f 408/408/408 407/407/407 410/410/410
f 410/410/410 409/409/409 408/408/408
f 414/414/414 413/413/413 415/415/415
f 415/415/415 418/418/418 414/414/414
f 389/389/389 388/388/388 427/427/427
f 427/427/427 387/387/387 389/389/389
f 395/395/395 389/389/389 387/387/387
f 399/399/399 398/398/398 401/401/401
f 401/401/401 428/428/428 399/399/399
f 378/378/378 429/429/429 430/430/430
f 430/430/430 375/375/375 378/378/378
f 380/380/380 431/431/431 429/429/429
f 429/429/429 378/378/378 380/380/380
f 385/385/385 432/432/432 433/433/433
f 433/433/433 386/386/386 385/385/385
f 386/386/386 433/433/433 431/431/431
f 431/431/431 380/380/380 386/386/386
f 385/385/385 387/387/387 427/427/427
f 427/427/427 432/432/432 385/385/385
f 383/383/383 382/382/382 434/434/434
f 434/434/434 435/435/435 394/394/394
f 394/394/394 383/383/383 434/434/434
f 435/435/435 436/436/436 395/395/395
f 395/395/395 394/394/394 435/435/435
f 436/436/436 437/437/437 396/396/396
f 396/396/396 395/395/395 436/436/436
f 397/397/397 396/396/396 437/437/437
f 397/397/397 437/437/437 438/438/438
f 438/438/438 400/400/400 397/397/397
f 438/438/438 439/439/439 402/402/402
f 402/402/402 400/400/400 438/438/438
f 440/440/440 441/441/441 425/425/425
f 425/425/425 426/426/426 440/440/440
f 441/441/441 434/434/434 382/382/382
f 382/382/382 425/425/425 441/441/441
f 442/442/442 443/443/443 444/444/444
f 444/444/444 445/445/445 442/442/442
f 446/446/446 447/447/447 448/448/448
f 448/448/448 449/449/449 446/446/446
f 450/450/450 451/451/451 446/446/446
f 446/446/446 449/449/449 450/450/450
f 452/452/452 453/453/453 451/451/451
f 451/451/451 450/450/450 452/452/452
f 452/452/452 454/454/454 455/455/455
f 455/455/455 453/453/453 452/452/452
f 456/456/456 457/457/457 458/458/458
f 458/458/458 459/459/459 456/456/456
f 460/460/460 456/456/456 459/459/459
f 459/459/459 461/461/461 460/460/460
f 458/458/458 457/457/457 462/462/462
f 462/462/462 463/463/463 458/458/458
f 463/463/463 462/462/462 455/455/455
f 455/455/455 454/454/454 463/463/463
f 448/448/448 447/447/447 445/445/445
f 445/445/445 444/444/444 448/448/448
f 94/94/94 61/61/61 60/60/60
f 60/60/60 95/95/95 94/94/94
f 60/60/60 64/64/64 96/96/96
f 96/96/96 95/95/95 60/60/60
f 66/66/66 69/69/69 52/52/52
f 52/52/52 97/97/97 66/66/66
f 70/70/70 73/73/73 99/99/99
f 99/99/99 98/98/98 70/70/70
f 64/64/64 70/70/70 98/98/98
f 98/98/98 96/96/96 64/64/64
f 73/73/73 75/75/75 100/100/100
f 100/100/100 99/99/99 73/73/73
f 75/75/75 66/66/66 97/97/97
f 97/97/97 100/100/100 75/75/75
f 101/101/101 78/78/78 61/61/61
f 61/61/61 94/94/94 101/101/101
f 109/109/109 107/107/107 78/78/78
f 78/78/78 101/101/101 109/109/109
f 464/464/464 465/465/465 466/466/466
f 466/466/466 467/467/467 464/464/464
f 468/468/468 469/469/469 470/470/470
f 471/471/471 472/472/472 473/473/473
f 473/473/473 474/474/474 471/471/471
f 475/475/475 472/472/472 471/471/471
f 471/471/471 476/476/476 475/475/475
f 477/477/477 478/478/478 479/479/479
f 479/479/479 480/480/480 477/477/477
f 481/481/481 482/482/482 479/479/479
f 479/479/479 478/478/478 481/481/481
f 483/483/483 484/484/484 485/485/485
f 485/485/485 486/486/486 483/483/483
f 487/487/487 488/488/488 484/484/484
f 484/484/484 483/483/483 487/487/487
f 489/489/489 490/490/490 491/491/491
f 491/491/491 492/492/492 489/489/489
f 493/493/493 494/494/494 495/495/495
f 495/495/495 496/496/496 493/493/493
f 493/493/493 497/497/497 498/498/498
f 498/498/498 494/494/494 493/493/493
f 499/499/499 498/498/498 497/497/497
f 500/500/500 501/501/501 502/502/502
f 502/502/502 503/503/503 500/500/500
f 476/476/476 502/502/502 501/501/501
f 501/501/501 475/475/475 476/476/476
f 500/500/500 503/503/503 504/504/504
f 504/504/504 505/505/505 500/500/500
f 497/497/497 505/505/505 504/504/504
f 504/504/504 499/499/499 497/497/497
f 490/490/490 506/506/506 507/507/507
f 507/507/507 491/491/491 490/490/490
f 508/508/508 477/477/477 480/480/480
f 473/473/473 477/477/477 508/508/508
f 508/508/508 474/474/474 473/473/473
f 509/509/509 510/510/510 482/482/482
f 482/482/482 481/481/481 509/509/509
f 511/511/511 512/512/512 473/473/473
f 473/473/473 472/472/472 511/511/511
f 513/513/513 511/511/511 472/472/472
f 472/472/472 475/475/475 513/513/513
f 514/514/514 515/515/515 478/478/478
f 478/478/478 477/477/477 514/514/514
f 516/516/516 481/481/481 478/478/478
f 478/478/478 515/515/515 516/516/516
f 517/517/517 483/483/483 486/486/486
f 486/486/486 518/518/518 517/517/517
f 519/519/519 487/487/487 483/483/483
f 483/483/483 517/517/517 519/519/519
f 520/520/520 490/490/490 489/489/489
f 489/489/489 521/521/521 520/520/520
f 522/522/522 493/493/493 496/496/496
f 496/496/496 523/523/523 522/522/522
f 522/522/522 524/524/524 497/497/497
f 497/497/497 493/493/493 522/522/522
f 525/525/525 526/526/526 501/501/501
f 501/501/501 500/500/500 525/525/525
f 526/526/526 513/513/513 475/475/475
f 475/475/475 501/501/501 526/526/526
f 525/525/525 500/500/500 505/505/505
f 505/505/505 527/527/527 525/525/525
f 524/524/524 527/527/527 505/505/505
f 505/505/505 497/497/497 524/524/524
f 506/506/506 528/528/528 523/523/523
f 523/523/523 496/496/496 506/506/506
f 512/512/512 514/514/514 477/477/477
f 477/477/477 473/473/473 512/512/512
f 529/529/529 509/509/509 481/481/481
f 481/481/481 516/516/516 529/529/529
f 530/530/530 531/531/531 532/532/532
f 532/532/532 533/533/533 530/530/530
f 534/534/534 535/535/535 531/531/531
f 531/531/531 530/530/530 534/534/534
f 536/536/536 537/537/537 538/538/538
f 538/538/538 539/539/539 536/536/536
f 540/540/540 541/541/541 542/542/542
f 542/542/542 543/543/543 540/540/540
f 540/540/540 543/543/543 535/535/535
f 535/535/535 534/534/534 540/540/540
f 541/541/541 544/544/544 545/545/545
f 545/545/545 542/542/542 541/541/541
f 545/545/545 539/539/539 546/546/546
f 546/546/546 547/547/547 545/545/545
f 533/533/533 532/532/532 548/548/548
f 548/548/548 549/549/549 533/533/533
f 550/550/550 551/551/551 552/552/552
f 552/552/552 553/553/553 550/550/550
f 550/550/550 553/553/553 554/554/554
f 554/554/554 555/555/555 550/550/550
f 556/556/556 557/557/557 558/558/558
f 558/558/558 559/559/559 556/556/556
f 555/555/555 554/554/554 557/557/557
f 557/557/557 556/556/556 555/555/555
f 559/559/559 558/558/558 547/547/547
f 547/547/547 560/560/560 559/559/559
f 560/560/560 547/547/547 546/546/546
f 546/546/546 561/561/561 560/560/560
f 551/551/551 562/562/562 563/563/563
f 563/563/563 552/552/552 551/551/551
f 512/512/512 511/511/511 564/564/564
f 564/564/564 565/565/565 512/512/512
f 511/511/511 513/513/513 566/566/566
f 566/566/566 564/564/564 511/511/511
f 524/524/524 522/522/522 567/567/567
f 525/525/525 568/568/568 569/569/569
f 569/569/569 526/526/526 525/525/525
f 566/566/566 513/513/513 526/526/526
f 526/526/526 569/569/569 566/566/566
f 527/527/527 570/570/570 568/568/568
f 568/568/568 525/525/525 527/527/527
f 570/570/570 527/527/527 524/524/524
f 524/524/524 567/567/567 570/570/570
f 514/514/514 512/512/512 565/565/565
f 565/565/565 571/571/571 514/514/514
f 522/522/522 523/523/523 537/537/537
f 537/537/537 523/523/523 528/528/528
f 528/528/528 538/538/538 537/537/537
f 561/561/561 546/546/546 572/572/572
f 572/572/572 573/573/573 561/561/561
f 573/573/573 572/572/572 520/520/520
f 520/520/520 574/574/574 573/573/573
f 575/575/575 563/563/563 562/562/562
f 562/562/562 576/576/576 575/575/575
f 548/548/548 577/577/577 578/578/578
f 578/578/578 549/549/549 548/548/548
f 515/515/515 514/514/514 571/571/571
f 571/571/571 579/579/579 515/515/515
f 506/506/506 496/496/496 495/495/495
f 495/495/495 507/507/507 506/506/506
f 528/528/528 506/506/506 490/490/490
f 490/490/490 520/520/520 528/528/528
f 531/531/531 553/553/553 552/552/552
f 552/552/552 532/532/532 531/531/531
f 535/535/535 554/554/554 553/553/553
f 553/553/553 531/531/531 535/535/535
f 539/539/539 538/538/538 572/572/572
f 572/572/572 546/546/546 539/539/539
f 543/543/543 542/542/542 558/558/558
f 558/558/558 557/557/557 543/543/543
f 535/535/535 543/543/543 557/557/557
f 557/557/557 554/554/554 535/535/535
f 545/545/545 547/547/547 558/558/558
f 558/558/558 542/542/542 545/545/545
f 539/539/539 545/545/545 544/544/544
f 544/544/544 536/536/536 539/539/539
f 532/532/532 552/552/552 563/563/563
f 563/563/563 548/548/548 532/532/532
f 538/538/538 528/528/528 520/520/520
f 520/520/520 572/572/572 538/538/538
f 577/577/577 548/548/548 563/563/563
f 563/563/563 575/575/575 577/577/577
f 510/510/510 509/509/509 486/486/486
f 486/486/486 485/485/485 510/510/510
f 509/509/509 529/529/529 518/518/518
f 518/518/518 486/486/486 509/509/509
f 580/580/580 581/581/581 582/582/582
f 582/582/582 583/583/583 580/580/580
f 584/584/584 585/585/585 586/586/586
f 586/586/586 587/587/587 584/584/584
f 588/588/588 589/589/589 590/590/590
f 590/590/590 591/591/591 588/588/588
f 592/592/592 593/593/593 582/582/582
f 582/582/582 594/594/594 592/592/592
f 595/595/595 594/594/594 582/582/582
f 582/582/582 581/581/581 595/595/595
f 596/596/596 597/597/597 598/598/598
f 598/598/598 599/599/599 596/596/596
f 600/600/600 596/596/596 599/599/599
f 599/599/599 601/601/601 600/600/600
f 602/602/602 600/600/600 601/601/601
f 601/601/601 603/603/603 602/602/602
f 604/604/604 602/602/602 603/603/603
f 603/603/603 605/605/605 604/604/604
f 604/604/604 605/605/605 606/606/606
f 606/606/606 607/607/607 604/604/604
f 608/608/608 607/607/607 606/606/606
f 606/606/606 609/609/609 608/608/608
f 610/610/610 608/608/608 609/609/609
f 609/609/609 587/587/587 610/610/610
f 610/610/610 587/587/587 586/586/586
f 586/586/586 611/611/611 610/610/610
f 611/611/611 586/586/586 612/612/612
f 612/612/612 613/613/613 611/611/611
f 614/614/614 615/615/615 616/616/616
f 616/616/616 617/617/617 614/614/614
f 589/589/589 588/588/588 618/618/618
f 618/618/618 619/619/619 589/589/589
f 620/620/620 621/621/621 615/615/615
f 615/615/615 614/614/614 620/620/620
f 595/595/595 581/581/581 622/622/622
f 623/623/623 598/598/598 624/624/624
f 580/580/580 624/624/624 598/598/598
f 598/598/598 581/581/581 580/580/580
f 581/581/581 598/598/598 597/597/597
f 597/597/597 622/622/622 581/581/581
f 625/625/625 626/626/626 593/593/593
f 593/593/593 592/592/592 625/625/625
f 596/596/596 471/471/471 474/474/474
f 474/474/474 597/597/597 596/596/596
f 596/596/596 600/600/600 476/476/476
f 476/476/476 471/471/471 596/596/596
f 594/594/594 595/595/595 480/480/480
f 480/480/480 479/479/479 594/594/594
f 592/592/592 594/594/594 479/479/479
f 479/479/479 482/482/482 592/592/592
f 591/591/591 485/485/485 484/484/484
f 484/484/484 588/588/588 591/591/591
f 588/588/588 484/484/484 488/488/488
f 488/488/488 618/618/618 588/588/588
f 614/614/614 617/617/617 492/492/492
f 492/492/492 491/491/491 614/614/614
f 611/611/611 613/613/613 495/495/495
f 495/495/495 494/494/494 611/611/611
f 610/610/610 611/611/611 494/494/494
f 494/494/494 498/498/498 610/610/610
f 608/608/608 610/610/610 498/498/498
f 498/498/498 499/499/499 608/608/608
f 602/602/602 604/604/604 503/503/503
f 503/503/503 502/502/502 602/602/602
f 600/600/600 602/602/602 502/502/502
f 502/502/502 476/476/476 600/600/600
f 604/604/604 607/607/607 504/504/504
f 504/504/504 503/503/503 604/604/604
f 607/607/607 608/608/608 499/499/499
f 499/499/499 504/504/504 607/607/607
f 614/614/614 491/491/491 507/507/507
f 507/507/507 620/620/620 614/614/614
f 595/595/595 622/622/622 508/508/508
f 508/508/508 480/480/480 595/595/595
f 622/622/622 597/597/597 474/474/474
f 474/474/474 508/508/508 622/622/622
f 510/510/510 625/625/625 592/592/592
f 592/592/592 482/482/482 510/510/510
f 593/593/593 627/627/627 583/583/583
f 583/583/583 582/582/582 593/593/593
f 623/623/623 628/628/628 599/599/599
f 599/599/599 598/598/598 623/623/623
f 628/628/628 629/629/629 601/601/601
f 601/601/601 599/599/599 628/628/628
f 629/629/629 630/630/630 603/603/603
f 603/603/603 601/601/601 629/629/629
f 630/630/630 631/631/631 605/605/605
f 605/605/605 603/603/603 630/630/630
f 632/632/632 606/606/606 605/605/605
f 605/605/605 631/631/631 632/632/632
f 633/633/633 609/609/609 606/606/606
f 606/606/606 632/632/632 633/633/633
f 633/633/633 584/584/584 587/587/587
f 587/587/587 609/609/609 633/633/633
f 626/626/626 634/634/634 627/627/627
f 627/627/627 593/593/593 626/626/626
f 589/589/589 635/635/635 636/636/636
f 636/636/636 590/590/590 589/589/589
f 619/619/619 637/637/637 635/635/635
f 635/635/635 589/589/589 619/619/619
f 615/615/615 638/638/638 639/639/639
f 639/639/639 616/616/616 615/615/615
f 621/621/621 640/640/640 638/638/638
f 638/638/638 615/615/615 621/621/621
f 612/612/612 586/586/586 585/585/585
f 585/585/585 641/641/641 612/612/612
f 620/620/620 613/613/613 612/612/612
f 612/612/612 621/621/621 620/620/620
f 507/507/507 495/495/495 613/613/613
f 613/613/613 620/620/620 507/507/507
f 621/621/621 612/612/612 641/641/641
f 641/641/641 640/640/640 621/621/621
f 634/634/634 626/626/626 590/590/590
f 590/590/590 636/636/636 634/634/634
f 626/626/626 625/625/625 591/591/591
f 591/591/591 590/590/590 626/626/626
f 510/510/510 485/485/485 591/591/591
f 591/591/591 625/625/625 510/510/510
f 628/628/628 623/623/623 642/642/642
f 642/642/642 643/643/643 628/628/628
f 643/643/643 644/644/644 629/629/629
f 629/629/629 628/628/628 643/643/643
f 633/633/633 645/645/645 646/646/646
f 646/646/646 584/584/584 633/633/633
f 631/631/631 630/630/630 647/647/647
f 647/647/647 648/648/648 631/631/631
f 630/630/630 629/629/629 644/644/644
f 644/644/644 647/647/647 630/630/630
f 648/648/648 649/649/649 632/632/632
f 632/632/632 631/631/631 648/648/648
f 633/633/633 632/632/632 649/649/649
f 649/649/649 645/645/645 633/633/633
f 650/650/650 651/651/651 652/652/652
f 652/652/652 653/653/653 650/650/650
f 654/654/654 655/655/655 656/656/656
f 656/656/656 657/657/657 654/654/654
f 658/658/658 659/659/659 660/660/660
f 660/660/660 661/661/661 658/658/658
f 662/662/662 663/663/663 660/660/660
f 660/660/660 659/659/659 662/662/662
f 662/662/662 664/664/664 665/665/665
f 665/665/665 663/663/663 662/662/662
f 666/666/666 667/667/667 668/668/668
f 668/668/668 669/669/669 666/666/666
f 670/670/670 671/671/671 202/202/202
f 202/202/202 201/201/201 670/670/670
f 672/672/672 673/673/673 674/674/674
f 674/674/674 675/675/675 672/672/672
f 675/675/675 674/674/674 209/209/209
f 209/209/209 208/208/208 675/675/675
f 676/676/676 653/653/653 212/212/212
f 212/212/212 677/677/677 676/676/676
f 678/678/678 679/679/679 680/680/680
f 680/680/680 681/681/681 678/678/678
f 682/682/682 683/683/683 684/684/684
f 685/685/685 686/686/686 687/687/687
f 687/687/687 688/688/688 685/685/685
f 666/666/666 689/689/689 690/690/690
f 690/690/690 667/667/667 666/666/666
f 691/691/691 692/692/692 688/688/688
f 688/688/688 687/687/687 691/691/691
f 679/679/679 693/693/693 694/694/694
f 694/694/694 680/680/680 679/679/679
f 666/666/666 669/669/669 695/695/695
f 695/695/695 696/696/696 666/666/666
f 650/650/650 653/653/653 676/676/676
f 697/697/697 698/698/698 699/699/699
f 699/699/699 700/700/700 697/697/697
f 699/699/699 698/698/698 701/701/701
f 701/701/701 702/702/702 699/699/699
f 703/703/703 704/704/704 705/705/705
f 705/705/705 706/706/706 703/703/703
f 707/707/707 706/706/706 705/705/705
f 705/705/705 708/708/708 707/707/707
f 709/709/709 707/707/707 708/708/708
f 708/708/708 710/710/710 709/709/709
f 711/711/711 657/657/657 712/712/712
f 712/712/712 713/713/713 711/711/711
f 714/714/714 654/654/654 657/657/657
f 657/657/657 711/711/711 714/714/714
f 657/657/657 656/656/656 715/715/715
f 715/715/715 712/712/712 657/657/657
f 656/656/656 716/716/716 717/717/717
f 717/717/717 715/715/715 656/656/656
f 655/655/655 718/718/718 719/719/719
f 720/720/720 721/721/721 719/719/719
f 719/719/719 718/718/718 720/720/720
f 722/722/722 723/723/723 701/701/701
f 701/701/701 698/698/698 722/722/722
f 650/650/650 723/723/723 722/722/722
f 722/722/722 651/651/651 650/650/650
f 718/718/718 655/655/655 654/654/654
f 654/654/654 714/714/714 724/724/724
f 724/724/724 718/718/718 654/654/654
f 710/710/710 725/725/725 726/726/726
f 726/726/726 709/709/709 710/710/710
f 723/723/723 727/727/727 701/701/701
f 728/728/728 729/729/729 730/730/730
f 730/730/730 721/721/721 728/728/728
f 731/731/731 732/732/732 733/733/733
f 733/733/733 734/734/734 731/731/731
f 720/720/720 735/735/735 728/728/728
f 728/728/728 721/721/721 720/720/720
f 731/731/731 734/734/734 735/735/735
f 735/735/735 736/736/736 731/731/731
f 737/737/737 275/275/275 274/274/274
f 274/274/274 738/738/738 737/737/737
f 738/738/738 739/739/739 740/740/740
f 740/740/740 737/737/737 738/738/738
f 735/735/735 741/741/741 742/742/742
f 742/742/742 736/736/736 735/735/735
f 665/665/665 743/743/743 744/744/744
f 744/744/744 663/663/663 665/665/665
f 745/745/745 746/746/746 747/747/747
f 747/747/747 748/748/748 745/745/745
f 749/749/749 750/750/750 661/661/661
f 661/661/661 660/660/660 749/749/749
f 751/751/751 752/752/752 753/753/753
f 753/753/753 754/754/754 751/751/751
f 751/751/751 754/754/754 740/740/740
f 740/740/740 739/739/739 751/751/751
f 750/750/750 755/755/755 756/756/756
f 756/756/756 661/661/661 750/750/750
f 745/745/745 753/753/753 752/752/752
f 752/752/752 746/746/746 745/745/745
f 731/731/731 736/736/736 757/757/757
f 757/757/757 756/756/756 731/731/731
f 758/758/758 296/296/296 202/202/202
f 202/202/202 671/671/671 758/758/758
f 759/759/759 757/757/757 736/736/736
f 736/736/736 742/742/742 759/759/759
f 660/660/660 663/663/663 744/744/744
f 744/744/744 749/749/749 660/660/660
f 704/704/704 649/649/649 648/648/648
f 648/648/648 705/705/705 704/704/704
f 705/705/705 648/648/648 647/647/647
f 647/647/647 708/708/708 705/705/705
f 708/708/708 647/647/647 644/644/644
f 644/644/644 710/710/710 708/708/708
f 710/710/710 644/644/644 643/643/643
f 643/643/643 725/725/725 710/710/710
f 760/760/760 300/300/300 299/299/299
f 299/299/299 697/697/697 760/760/760
f 706/706/706 761/761/761 762/762/762
f 762/762/762 703/703/703 706/706/706
f 707/707/707 763/763/763 761/761/761
f 761/761/761 706/706/706 707/707/707
f 709/709/709 764/764/764 763/763/763
f 763/763/763 707/707/707 709/709/709
f 712/712/712 765/765/765 766/766/766
f 766/766/766 713/713/713 712/712/712
f 726/726/726 767/767/767 764/764/764
f 764/764/764 709/709/709 726/726/726
f 768/768/768 769/769/769 310/310/310
f 310/310/310 309/309/309 768/768/768
f 770/770/770 771/771/771 772/772/772
f 772/772/772 773/773/773 770/770/770
f 774/774/774 775/775/775 776/776/776
f 776/776/776 777/777/777 774/774/774
f 775/775/775 774/774/774 778/778/778
f 778/778/778 779/779/779 775/775/775
f 322/322/322 780/780/780 781/781/781
f 781/781/781 323/323/323 322/322/322
f 782/782/782 783/783/783 779/779/779
f 779/779/779 778/778/778 782/782/782
f 769/769/769 768/768/768 783/783/783
f 783/783/783 782/782/782 769/769/769
f 784/784/784 772/772/772 771/771/771
f 771/771/771 785/785/785 784/784/784
f 786/786/786 781/781/781 780/780/780
f 780/780/780 787/787/787 786/786/786
f 704/704/704 703/703/703 700/700/700
f 700/700/700 699/699/699 704/704/704
f 704/704/704 699/699/699 702/702/702
f 702/702/702 649/649/649 704/704/704
f 788/788/788 724/724/724 789/789/789
f 789/789/789 790/790/790 788/788/788
f 624/624/624 580/580/580 790/790/790
f 790/790/790 789/789/789 624/624/624
f 713/713/713 726/726/726 725/725/725
f 725/725/725 711/711/711 713/713/713
f 725/725/725 643/643/643 714/714/714
f 714/714/714 711/711/711 725/725/725
f 724/724/724 714/714/714 643/643/643
f 643/643/643 642/642/642 724/724/724
f 584/584/584 646/646/646 791/791/791
f 791/791/791 585/585/585 584/584/584
f 792/792/792 681/681/681 791/791/791
f 791/791/791 646/646/646 792/792/792
f 727/727/727 793/793/793 792/792/792
f 792/792/792 794/794/794 727/727/727
f 794/794/794 645/645/645 649/649/649
f 649/649/649 702/702/702 794/794/794
f 580/580/580 583/583/583 795/795/795
f 795/795/795 790/790/790 580/580/580
f 788/788/788 790/790/790 795/795/795
f 795/795/795 741/741/741 788/788/788
f 642/642/642 789/789/789 724/724/724
f 623/623/623 624/624/624 789/789/789
f 789/789/789 642/642/642 623/623/623
f 627/627/627 796/796/796 795/795/795
f 795/795/795 583/583/583 627/627/627
f 796/796/796 797/797/797 741/741/741
f 741/741/741 795/795/795 796/796/796
f 796/796/796 627/627/627 798/798/798
f 662/662/662 659/659/659 799/799/799
f 799/799/799 800/800/800 662/662/662
f 636/636/636 635/635/635 800/800/800
f 800/800/800 799/799/799 636/636/636
f 635/635/635 637/637/637 801/801/801
f 801/801/801 800/800/800 635/635/635
f 664/664/664 662/662/662 800/800/800
f 800/800/800 801/801/801 664/664/664
f 668/668/668 802/802/802 803/803/803
f 803/803/803 669/669/669 668/668/668
f 638/638/638 803/803/803 802/802/802
f 802/802/802 639/639/639 638/638/638
f 694/694/694 804/804/804 640/640/640
f 640/640/640 641/641/641 694/694/694
f 803/803/803 804/804/804 695/695/695
f 695/695/695 669/669/669 803/803/803
f 585/585/585 791/791/791 680/680/680
f 680/680/680 641/641/641 585/585/585
f 703/703/703 762/762/762 805/805/805
f 805/805/805 700/700/700 703/703/703
f 760/760/760 697/697/697 700/700/700
f 700/700/700 805/805/805 760/760/760
f 726/726/726 713/713/713 766/766/766
f 766/766/766 767/767/767 726/726/726
f 786/786/786 672/672/672 675/675/675
f 675/675/675 781/781/781 786/786/786
f 781/781/781 675/675/675 208/208/208
f 208/208/208 323/323/323 781/781/781
f 687/687/687 686/686/686 785/785/785
f 785/785/785 771/771/771 687/687/687
f 770/770/770 691/691/691 687/687/687
f 687/687/687 771/771/771 770/770/770
f 737/737/737 768/768/768 309/309/309
f 309/309/309 275/275/275 737/737/737
f 737/737/737 740/740/740 768/768/768
f 776/776/776 775/775/775 745/745/745
f 745/745/745 748/748/748 776/776/776
f 779/779/779 783/783/783 754/754/754
f 754/754/754 753/753/753 779/779/779
f 783/783/783 768/768/768 740/740/740
f 740/740/740 754/754/754 783/783/783
f 775/775/775 779/779/779 753/753/753
f 753/753/753 745/745/745 775/775/775
f 717/717/717 351/351/351 350/350/350
f 350/350/350 715/715/715 717/717/717
f 656/656/656 655/655/655 719/719/719
f 719/719/719 716/716/716 656/656/656
f 765/765/765 712/712/712 715/715/715
f 715/715/715 350/350/350 765/765/765
f 697/697/697 299/299/299 352/352/352
f 352/352/352 698/698/698 697/697/697
f 722/722/722 354/354/354 353/353/353
f 353/353/353 651/651/651 722/722/722
f 698/698/698 352/352/352 354/354/354
f 354/354/354 722/722/722 698/698/698
f 676/676/676 677/677/677 678/678/678
f 678/678/678 793/793/793 676/676/676
f 678/678/678 677/677/677 679/679/679
f 671/671/671 683/683/683 679/679/679
f 679/679/679 758/758/758 671/671/671
f 671/671/671 670/670/670 684/684/684
f 684/684/684 683/683/683 671/671/671
f 355/355/355 652/652/652 651/651/651
f 651/651/651 353/353/353 355/355/355
f 653/653/653 652/652/652 356/356/356
f 356/356/356 212/212/212 653/653/653
f 724/724/724 788/788/788 720/720/720
f 720/720/720 718/718/718 724/724/724
f 788/788/788 741/741/741 735/735/735
f 735/735/735 720/720/720 788/788/788
f 716/716/716 806/806/806 351/351/351
f 351/351/351 717/717/717 716/716/716
f 356/356/356 652/652/652 355/355/355
f 807/807/807 766/766/766 765/765/765
f 765/765/765 808/808/808 807/807/807
f 809/809/809 767/767/767 766/766/766
f 766/766/766 807/807/807 809/809/809
f 810/810/810 764/764/764 767/767/767
f 767/767/767 809/809/809 810/810/810
f 763/763/763 764/764/764 810/810/810
f 810/810/810 811/811/811 763/763/763
f 761/761/761 763/763/763 811/811/811
f 811/811/811 812/812/812 761/761/761
f 762/762/762 761/761/761 812/812/812
f 812/812/812 813/813/813 762/762/762
f 814/814/814 805/805/805 762/762/762
f 762/762/762 813/813/813 814/814/814
f 815/815/815 760/760/760 805/805/805
f 805/805/805 814/814/814 815/815/815
f 300/300/300 760/760/760 815/815/815
f 815/815/815 367/367/367 300/300/300
f 808/808/808 765/765/765 350/350/350
f 350/350/350 368/368/368 808/808/808
f 728/728/728 735/735/735 734/734/734
f 733/733/733 729/729/729 728/728/728
f 728/728/728 734/734/734 733/733/733
f 729/729/729 370/370/370 369/369/369
f 369/369/369 730/730/730 729/729/729
f 274/274/274 370/370/370 729/729/729
f 729/729/729 738/738/738 274/274/274
f 738/738/738 729/729/729 733/733/733
f 750/750/750 732/732/732 755/755/755
f 719/719/719 721/721/721 730/730/730
f 730/730/730 806/806/806 719/719/719
f 750/750/750 749/749/749 752/752/752
f 752/752/752 751/751/751 750/750/750
f 749/749/749 744/744/744 746/746/746
f 746/746/746 752/752/752 749/749/749
f 744/744/744 743/743/743 747/747/747
f 747/747/747 746/746/746 744/744/744
f 689/689/689 688/688/688 692/692/692
f 692/692/692 690/690/690 689/689/689
f 816/816/816 685/685/685 688/688/688
f 688/688/688 689/689/689 816/816/816
f 670/670/670 674/674/674 673/673/673
f 673/673/673 684/684/684 670/670/670
f 201/201/201 209/209/209 674/674/674
f 674/674/674 670/670/670 201/201/201
f 351/351/351 806/806/806 730/730/730
f 730/730/730 369/369/369 351/351/351
f 719/719/719 806/806/806 716/716/716
f 696/696/696 816/816/816 689/689/689
f 689/689/689 666/666/666 696/696/696
f 686/686/686 685/685/685 673/673/673
f 673/673/673 672/672/672 686/686/686
f 693/693/693 679/679/679 683/683/683
f 683/683/683 682/682/682 693/693/693
f 785/785/785 786/786/786 787/787/787
f 787/787/787 784/784/784 785/785/785
f 640/640/640 804/804/804 803/803/803
f 803/803/803 638/638/638 640/640/640
f 785/785/785 686/686/686 672/672/672
f 672/672/672 786/786/786 785/785/785
f 685/685/685 816/816/816 684/684/684
f 684/684/684 673/673/673 685/685/685
f 797/797/797 742/742/742 741/741/741
f 742/742/742 797/797/797 817/817/817
f 817/817/817 759/759/759 742/742/742
f 797/797/797 796/796/796 798/798/798
f 798/798/798 817/817/817 797/797/797
f 659/659/659 658/658/658 818/818/818
f 818/818/818 799/799/799 659/659/659
f 818/818/818 634/634/634 636/636/636
f 636/636/636 799/799/799 818/818/818
f 756/756/756 757/757/757 658/658/658
f 658/658/658 661/661/661 756/756/756
f 658/658/658 757/757/757 759/759/759
f 658/658/658 759/759/759 817/817/817
f 817/817/817 798/798/798 818/818/818
f 818/818/818 658/658/658 817/817/817
f 731/731/731 756/756/756 755/755/755
f 755/755/755 732/732/732 731/731/731
f 634/634/634 818/818/818 798/798/798
f 798/798/798 627/627/627 634/634/634
f 732/732/732 739/739/739 738/738/738
f 738/738/738 733/733/733 732/732/732
f 695/695/695 804/804/804 694/694/694
f 694/694/694 693/693/693 695/695/695
f 682/682/682 696/696/696 695/695/695
f 695/695/695 693/693/693 682/682/682
f 682/682/682 684/684/684 816/816/816
f 816/816/816 696/696/696 682/682/682
f 680/680/680 694/694/694 641/641/641
f 374/374/374 677/677/677 212/212/212
f 751/751/751 739/739/739 732/732/732
f 732/732/732 750/750/750 751/751/751
f 374/374/374 296/296/296 758/758/758
f 758/758/758 677/677/677 374/374/374
f 679/679/679 677/677/677 758/758/758
f 727/727/727 723/723/723 650/650/650
f 794/794/794 702/702/702 701/701/701
f 701/701/701 727/727/727 794/794/794
f 681/681/681 680/680/680 791/791/791
f 678/678/678 681/681/681 792/792/792
f 792/792/792 793/793/793 678/678/678
f 645/645/645 794/794/794 792/792/792
f 792/792/792 646/646/646 645/645/645
f 793/793/793 727/727/727 650/650/650
f 650/650/650 676/676/676 793/793/793
f 375/375/375 819/819/819 820/820/820
f 820/820/820 376/376/376 375/375/375
f 819/819/819 821/821/821 822/822/822
f 822/822/822 820/820/820 819/819/819
f 823/823/823 824/824/824 825/825/825
f 825/825/825 822/822/822 823/823/823
f 823/823/823 826/826/826 827/827/827
f 827/827/827 828/828/828 823/823/823
f 829/829/829 828/828/828 827/827/827
f 830/830/830 831/831/831 832/832/832
f 832/832/832 833/833/833 830/830/830
f 831/831/831 834/834/834 835/835/835
f 835/835/835 832/832/832 831/831/831
f 824/824/824 823/823/823 828/828/828
f 828/828/828 836/836/836 824/824/824
f 836/836/836 828/828/828 829/829/829
f 829/829/829 837/837/837 836/836/836
f 837/837/837 833/833/833 832/832/832
f 832/832/832 838/838/838 837/837/837
f 838/838/838 832/832/832 835/835/835
f 835/835/835 839/839/839 838/838/838
f 834/834/834 840/840/840 841/841/841
f 841/841/841 835/835/835 834/834/834
f 841/841/841 842/842/842 839/839/839
f 839/839/839 835/835/835 841/841/841
f 401/401/401 402/402/402 842/842/842
f 842/842/842 841/841/841 401/401/401
f 403/403/403 843/843/843 844/844/844
f 844/844/844 404/404/404 403/403/403
f 843/843/843 845/845/845 846/846/846
f 846/846/846 844/844/844 843/843/843
f 847/847/847 848/848/848 849/849/849
f 849/849/849 850/850/850 847/847/847
f 848/848/848 851/851/851 852/852/852
f 852/852/852 849/849/849 848/848/848
f 853/853/853 854/854/854 855/855/855
f 855/855/855 856/856/856 853/853/853
f 857/857/857 858/858/858 859/859/859
f 859/859/859 860/860/860 857/857/857
f 423/423/423 424/424/424 857/857/857
f 857/857/857 860/860/860 423/423/423
f 855/855/855 859/859/859 858/858/858
f 858/858/858 856/856/856 855/855/855
f 861/861/861 426/426/426 376/376/376
f 376/376/376 820/820/820 861/861/861
f 821/821/821 826/826/826 823/823/823
f 823/823/823 822/822/822 821/821/821
f 822/822/822 825/825/825 861/861/861
f 861/861/861 820/820/820 822/822/822
f 845/845/845 847/847/847 850/850/850
f 850/850/850 846/846/846 845/845/845
f 851/851/851 854/854/854 853/853/853
f 853/853/853 852/852/852 851/851/851
f 833/833/833 829/829/829 862/862/862
f 862/862/862 830/830/830 833/833/833
f 837/837/837 829/829/829 833/833/833
f 840/840/840 428/428/428 401/401/401
f 401/401/401 841/841/841 840/840/840
f 819/819/819 375/375/375 430/430/430
f 430/430/430 863/863/863 819/819/819
f 821/821/821 819/819/819 863/863/863
f 863/863/863 864/864/864 821/821/821
f 827/827/827 826/826/826 865/865/865
f 865/865/865 866/866/866 827/827/827
f 826/826/826 821/821/821 864/864/864
f 864/864/864 865/865/865 826/826/826
f 827/827/827 866/866/866 862/862/862
f 862/862/862 829/829/829 827/827/827
f 824/824/824 867/867/867 825/825/825
f 867/867/867 824/824/824 836/836/836
f 836/836/836 868/868/868 867/867/867
f 868/868/868 836/836/836 837/837/837
f 837/837/837 869/869/869 868/868/868
f 869/869/869 837/837/837 838/838/838
f 838/838/838 870/870/870 869/869/869
f 839/839/839 870/870/870 838/838/838
f 839/839/839 842/842/842 871/871/871
f 871/871/871 870/870/870 839/839/839
f 871/871/871 842/842/842 402/402/402
f 402/402/402 439/439/439 871/871/871
f 440/440/440 426/426/426 861/861/861
f 861/861/861 872/872/872 440/440/440
f 872/872/872 861/861/861 825/825/825
f 825/825/825 867/867/867 872/872/872
f 442/442/442 873/873/873 874/874/874
f 874/874/874 443/443/443 442/442/442
f 875/875/875 876/876/876 877/877/877
f 877/877/877 878/878/878 875/875/875
f 879/879/879 876/876/876 875/875/875
f 875/875/875 880/880/880 879/879/879
f 881/881/881 879/879/879 880/880/880
f 880/880/880 882/882/882 881/881/881
f 881/881/881 882/882/882 883/883/883
f 883/883/883 884/884/884 881/881/881
f 885/885/885 886/886/886 887/887/887
f 887/887/887 888/888/888 885/885/885
f 460/460/460 461/461/461 886/886/886
f 886/886/886 885/885/885 460/460/460
f 887/887/887 889/889/889 890/890/890
f 890/890/890 888/888/888 887/887/887
f 889/889/889 884/884/884 883/883/883
f 883/883/883 890/890/890 889/889/889
f 877/877/877 874/874/874 873/873/873
f 873/873/873 878/878/878 877/877/877
f 565/565/565 564/564/564 530/530/530
f 530/530/530 533/533/533 565/565/565
f 530/530/530 564/564/564 566/566/566
f 566/566/566 534/534/534 530/530/530
f 536/536/536 567/567/567 522/522/522
f 522/522/522 537/537/537 536/536/536
f 540/540/540 569/569/569 568/568/568
f 568/568/568 541/541/541 540/540/540
f 534/534/534 566/566/566 569/569/569
f 569/569/569 540/540/540 534/534/534
f 541/541/541 568/568/568 570/570/570
f 570/570/570 544/544/544 541/541/541
f 544/544/544 570/570/570 567/567/567
f 567/567/567 536/536/536 544/544/544
f 571/571/571 565/565/565 533/533/533
f 533/533/533 549/549/549 571/571/571
f 579/579/579 571/571/571 549/549/549
f 549/549/549 578/578/578 579/579/579
f 464/464/464 891/891/891 892/892/892
f 892/892/892 465/465/465 464/464/464
f 468/468/468 893/893/893 469/469/469
f 894/894/894 895/895/895 896/896/896
f 896/896/896 897/897/897 894/894/894
f 894/894/894 898/898/898 899/899/899
f 899/899/899 900/900/900 894/894/894
f 899/899/899 898/898/898 901/901/901
f 901/901/901 902/902/902 899/899/899
f 900/900/900 899/899/899 903/903/903
f 903/903/903 904/904/904 900/900/900
f 895/895/895 894/894/894 900/900/900
f 900/900/900 905/905/905 895/895/895
f 906/906/906 907/907/907 908/908/908
f 908/908/908 909/909/909 906/906/906
f 906/906/906 909/909/909 910/910/910
f 910/910/910 911/911/911 906/906/906
f 912/912/912 913/913/913 914/914/914
f 914/914/914 915/915/915 912/912/912
f 916/916/916 915/915/915 914/914/914
f 914/914/914 917/917/917 916/916/916
f 900/900/900 904/904/904 918/918/918
f 918/918/918 905/905/905 900/900/900
f 899/899/899 902/902/902 919/919/919
f 919/919/919 903/903/903 899/899/899
f 902/902/902 920/920/920 921/921/921
f 921/921/921 919/919/919 902/902/902
f 901/901/901 922/922/922 920/920/920
f 920/920/920 902/902/902 901/901/901
f 901/901/901 923/923/923 924/924/924
f 924/924/924 922/922/922 901/901/901
f 925/925/925 923/923/923 901/901/901
f 901/901/901 898/898/898 925/925/925
f 925/925/925 926/926/926 927/927/927
f 927/927/927 923/923/923 925/925/925
f 928/928/928 926/926/926 925/925/925
f 925/925/925 897/897/897 928/928/928
f 894/894/894 897/897/897 925/925/925
f 925/925/925 898/898/898 894/894/894
f 924/924/924 923/923/923 927/927/927
f 927/927/927 929/929/929 924/924/924
f 930/930/930 931/931/931 932/932/932
f 933/933/933 934/934/934 932/932/932
f 932/932/932 931/931/931 933/933/933
f 935/935/935 936/936/936 937/937/937
f 937/937/937 938/938/938 935/935/935
f 939/939/939 940/940/940 941/941/941
f 941/941/941 930/930/930 939/939/939
f 942/942/942 943/943/943 944/944/944
f 944/944/944 945/945/945 942/942/942
f 946/946/946 947/947/947 948/948/948
f 948/948/948 949/949/949 946/946/946
f 928/928/928 897/897/897 896/896/896
f 896/896/896 950/950/950 928/928/928
f 928/928/928 950/950/950 951/951/951
f 951/951/951 952/952/952 928/928/928
f 926/926/926 928/928/928 952/952/952
f 952/952/952 953/953/953 926/926/926
f 953/953/953 954/954/954 927/927/927
f 927/927/927 926/926/926 953/953/953
f 954/954/954 955/955/955 929/929/929
f 929/929/929 927/927/927 954/954/954
f 956/956/956 957/957/957 934/934/934
f 934/934/934 933/933/933 956/956/956
f 958/958/958 957/957/957 956/956/956
f 956/956/956 959/959/959 958/958/958
f 958/958/958 960/960/960 961/961/961
f 961/961/961 957/957/957 958/958/958
f 960/960/960 958/958/958 962/962/962
f 962/962/962 963/963/963 960/960/960
f 960/960/960 963/963/963 964/964/964
f 964/964/964 965/965/965 960/960/960
f 965/965/965 964/964/964 966/966/966
f 966/966/966 967/967/967 965/965/965
f 965/965/965 968/968/968 961/961/961
f 961/961/961 960/960/960 965/965/965
f 969/969/969 970/970/970 961/961/961
f 961/961/961 968/968/968 969/969/969
f 971/971/971 972/972/972 973/973/973
f 973/973/973 969/969/969 971/971/971
f 974/974/974 971/971/971 969/969/969
f 969/969/969 968/968/968 974/974/974
f 970/970/970 969/969/969 973/973/973
f 973/973/973 975/975/975 970/970/970
f 961/961/961 970/970/970 934/934/934
f 934/934/934 957/957/957 961/961/961
f 965/965/965 967/967/967 974/974/974
f 974/974/974 968/968/968 965/965/965
f 962/962/962 958/958/958 959/959/959
f 959/959/959 976/976/976 962/962/962
f 977/977/977 978/978/978 979/979/979
f 979/979/979 980/980/980 977/977/977
f 981/981/981 977/977/977 980/980/980
f 980/980/980 982/982/982 981/981/981
f 983/983/983 979/979/979 978/978/978
f 978/978/978 984/984/984 983/983/983
f 983/983/983 984/984/984 985/985/985
f 985/985/985 986/986/986 983/983/983
f 939/939/939 930/930/930 932/932/932
f 932/932/932 975/975/975 939/939/939
f 934/934/934 970/970/970 975/975/975
f 975/975/975 932/932/932 934/934/934
f 973/973/973 987/987/987 939/939/939
f 939/939/939 975/975/975 973/973/973
f 988/988/988 940/940/940 939/939/939
f 939/939/939 987/987/987 988/988/988
f 936/936/936 989/989/989 990/990/990
f 990/990/990 937/937/937 936/936/936
f 990/990/990 991/991/991 992/992/992
f 992/992/992 937/937/937 990/990/990
f 990/990/990 993/993/993 994/994/994
f 994/994/994 991/991/991 990/990/990
f 995/995/995 996/996/996 997/997/997
f 997/997/997 998/998/998 995/995/995
f 999/999/999 996/996/996 995/995/995
f 995/995/995 1000/1000/1000 999/999/999
f 999/999/999 1000/1000/1000 1001/1001/1001
f 1001/1001/1001 1002/1002/1002 999/999/999
f 996/996/996 991/991/991 994/994/994
f 994/994/994 997/997/997 996/996/996
f 999/999/999 992/992/992 991/991/991
f 991/991/991 996/996/996 999/999/999
f 972/972/972 1003/1003/1003 987/987/987
f 987/987/987 973/973/973 972/972/972
f 987/987/987 1003/1003/1003 1004/1004/1004
f 1004/1004/1004 988/988/988 987/987/987
f 989/989/989 1005/1005/1005 993/993/993
f 993/993/993 990/990/990 989/989/989
f 919/919/919 948/948/948 917/917/917
f 917/917/917 903/903/903 919/919/919
f 1006/1006/1006 1007/1007/1007 906/906/906
f 906/906/906 911/911/911 1006/1006/1006
f 906/906/906 1007/1007/1007 1008/1008/1008
f 1008/1008/1008 907/907/907 906/906/906
f 908/908/908 907/907/907 983/983/983
f 983/983/983 986/986/986 908/908/908
f 983/983/983 907/907/907 1008/1008/1008
f 1008/1008/1008 979/979/979 983/983/983
f 1008/1008/1008 1009/1009/1009 980/980/980
f 980/980/980 979/979/979 1008/1008/1008
f 1009/1009/1009 1010/1010/1010 982/982/982
f 982/982/982 980/980/980 1009/1009/1009
f 1011/1011/1011 982/982/982 1010/1010/1010
f 1010/1010/1010 1012/1012/1012 1011/1011/1011
f 1011/1011/1011 1012/1012/1012 1013/1013/1013
f 1013/1013/1013 1014/1014/1014 1011/1011/1011
f 1002/1002/1002 1014/1014/1014 1013/1013/1013
f 1013/1013/1013 1015/1015/1015 1002/1002/1002
f 1016/1016/1016 1012/1012/1012 1010/1010/1010
f 1010/1010/1010 944/944/944 1016/1016/1016
f 944/944/944 1010/1010/1010 1009/1009/1009
f 1009/1009/1009 945/945/945 944/944/944
f 1008/1008/1008 1007/1007/1007 945/945/945
f 945/945/945 1009/1009/1009 1008/1008/1008
f 1007/1007/1007 1006/1006/1006 942/942/942
f 942/942/942 945/945/945 1007/1007/1007
f 1016/1016/1016 1017/1017/1017 1013/1013/1013
f 1013/1013/1013 1012/1012/1012 1016/1016/1016
f 981/981/981 982/982/982 1011/1011/1011
f 1011/1011/1011 1018/1018/1018 981/981/981
f 1018/1018/1018 1011/1011/1011 1014/1014/1014
f 1014/1014/1014 1019/1019/1019 1018/1018/1018
f 1019/1019/1019 1014/1014/1014 1002/1002/1002
f 1002/1002/1002 1001/1001/1001 1019/1019/1019
f 999/999/999 1002/1002/1002 1015/1015/1015
f 1015/1015/1015 992/992/992 999/999/999
f 1015/1015/1015 938/938/938 937/937/937
f 937/937/937 992/992/992 1015/1015/1015
f 1015/1015/1015 1013/1013/1013 1017/1017/1017
f 1017/1017/1017 938/938/938 1015/1015/1015
f 1020/1020/1020 1021/1021/1021 1022/1022/1022
f 1022/1022/1022 1023/1023/1023 1020/1020/1020
f 1024/1024/1024 1025/1025/1025 1021/1021/1021
f 1021/1021/1021 1020/1020/1020 1024/1024/1024
f 966/966/966 1026/1026/1026 1027/1027/1027
f 1027/1027/1027 967/967/967 966/966/966
f 1026/1026/1026 1024/1024/1024 1020/1020/1020
f 1020/1020/1020 1027/1027/1027 1026/1026/1026
f 974/974/974 967/967/967 1027/1027/1027
f 1027/1027/1027 1028/1028/1028 974/974/974
f 1028/1028/1028 1027/1027/1027 1020/1020/1020
f 1020/1020/1020 1023/1023/1023 1028/1028/1028
f 971/971/971 974/974/974 1028/1028/1028
f 1028/1028/1028 1029/1029/1029 971/971/971
f 1029/1029/1029 1028/1028/1028 1023/1023/1023
f 1023/1023/1023 1030/1030/1030 1029/1029/1029
f 972/972/972 971/971/971 1029/1029/1029
f 1029/1029/1029 1031/1031/1031 972/972/972
f 1031/1031/1031 1029/1029/1029 1030/1030/1030
f 1030/1030/1030 1032/1032/1032 1031/1031/1031
f 1033/1033/1033 1034/1034/1034 1031/1031/1031
f 1031/1031/1031 1032/1032/1032 1033/1033/1033
f 1031/1031/1031 1034/1034/1034 1003/1003/1003
f 1003/1003/1003 972/972/972 1031/1031/1031
f 1035/1035/1035 1036/1036/1036 1037/1037/1037
f 1038/1038/1038 1035/1035/1035 1037/1037/1037
f 1039/1039/1039 1038/1038/1038 1037/1037/1037
f 1039/1039/1039 1037/1037/1037 1040/1040/1040
f 1033/1033/1033 1032/1032/1032 1041/1041/1041
f 1041/1041/1041 1042/1042/1042 1033/1033/1033
f 1030/1030/1030 1043/1043/1043 1041/1041/1041
f 1041/1041/1041 1032/1032/1032 1030/1030/1030
f 1023/1023/1023 1022/1022/1022 1043/1043/1043
f 1043/1043/1043 1030/1030/1030 1023/1023/1023
f 1044/1044/1044 1033/1033/1033 1042/1042/1042
f 1042/1042/1042 1045/1045/1045 1044/1044/1044
f 1005/1005/1005 1040/1040/1040 1037/1037/1037
f 993/993/993 1005/1005/1005 1037/1037/1037
f 993/993/993 1037/1037/1037 1036/1036/1036
f 994/994/994 993/993/993 1036/1036/1036
f 1036/1036/1036 1046/1046/1046 994/994/994
f 1046/1046/1046 1036/1036/1036 1035/1035/1035
f 1035/1035/1035 1047/1047/1047 1046/1046/1046
f 997/997/997 994/994/994 1046/1046/1046
f 1046/1046/1046 1048/1048/1048 997/997/997
f 1048/1048/1048 1046/1046/1046 1047/1047/1047
f 1047/1047/1047 1049/1049/1049 1048/1048/1048
f 998/998/998 997/997/997 1048/1048/1048
f 1048/1048/1048 1050/1050/1050 998/998/998
f 1051/1051/1051 1050/1050/1050 1048/1048/1048
f 1048/1048/1048 1049/1049/1049 1051/1051/1051
f 1052/1052/1052 1051/1051/1051 1049/1049/1049
f 1049/1049/1049 1053/1053/1053 1052/1052/1052
f 1047/1047/1047 1054/1054/1054 1053/1053/1053
f 1053/1053/1053 1049/1049/1049 1047/1047/1047
f 1035/1035/1035 1055/1055/1055 1054/1054/1054
f 1054/1054/1054 1047/1047/1047 1035/1035/1035
f 1056/1056/1056 1004/1004/1004 1003/1003/1003
f 1003/1003/1003 1034/1034/1034 1056/1056/1056
f 1044/1044/1044 1056/1056/1056 1034/1034/1034
f 1034/1034/1034 1033/1033/1033 1044/1044/1044
f 1055/1055/1055 1035/1035/1035 1038/1038/1038
f 1057/1057/1057 1055/1055/1055 1038/1038/1038
f 1058/1058/1058 1057/1057/1057 1038/1038/1038
f 1058/1058/1058 1038/1038/1038 1039/1039/1039
f 1059/1059/1059 1060/1060/1060 1061/1061/1061
f 1061/1061/1061 1062/1062/1062 1059/1059/1059
f 1059/1059/1059 1063/1063/1063 1064/1064/1064
f 1064/1064/1064 1065/1065/1065 1059/1059/1059
f 1064/1064/1064 1066/1066/1066 1067/1067/1067
f 1067/1067/1067 1065/1065/1065 1064/1064/1064
f 1063/1063/1063 1068/1068/1068 1069/1069/1069
f 1069/1069/1069 1064/1064/1064 1063/1063/1063
f 1062/1062/1062 1070/1070/1070 1063/1063/1063
f 1063/1063/1063 1059/1059/1059 1062/1062/1062
f 1071/1071/1071 1072/1072/1072 1073/1073/1073
f 1073/1073/1073 1074/1074/1074 1071/1071/1071
f 1071/1071/1071 1075/1075/1075 1076/1076/1076
f 1076/1076/1076 1072/1072/1072 1071/1071/1071
f 1077/1077/1077 1078/1078/1078 1079/1079/1079
f 1079/1079/1079 1080/1080/1080 1077/1077/1077
f 1081/1081/1081 1082/1082/1082 1077/1077/1077
f 1077/1077/1077 1080/1080/1080 1081/1081/1081
f 1063/1063/1063 1070/1070/1070 1083/1083/1083
f 1083/1083/1083 1068/1068/1068 1063/1063/1063
f 1064/1064/1064 1069/1069/1069 1084/1084/1084
f 1084/1084/1084 1066/1066/1066 1064/1064/1064
f 1066/1066/1066 1084/1084/1084 1085/1085/1085
f 1085/1085/1085 1086/1086/1086 1066/1066/1066
f 1067/1067/1067 1066/1066/1066 1086/1086/1086
f 1086/1086/1086 1087/1087/1087 1067/1067/1067
f 1067/1067/1067 1087/1087/1087 1088/1088/1088
f 1088/1088/1088 1089/1089/1089 1067/1067/1067
f 1090/1090/1090 1065/1065/1065 1067/1067/1067
f 1067/1067/1067 1089/1089/1089 1090/1090/1090
f 1090/1090/1090 1089/1089/1089 1091/1091/1091
f 1091/1091/1091 1092/1092/1092 1090/1090/1090
f 1093/1093/1093 1060/1060/1060 1090/1090/1090
f 1090/1090/1090 1092/1092/1092 1093/1093/1093
f 1059/1059/1059 1065/1065/1065 1090/1090/1090
f 1090/1090/1090 1060/1060/1060 1059/1059/1059
f 1088/1088/1088 1094/1094/1094 1091/1091/1091
f 1091/1091/1091 1089/1089/1089 1088/1088/1088
f 1095/1095/1095 1096/1096/1096 1097/1097/1097
f 1097/1097/1097 1098/1098/1098 1095/1095/1095
f 1099/1099/1099 1100/1100/1100 1101/1101/1101
f 1101/1101/1101 1102/1102/1102 1099/1099/1099
f 1103/1103/1103 1104/1104/1104 1105/1105/1105
f 1105/1105/1105 1106/1106/1106 1103/1103/1103
f 1107/1107/1107 1108/1108/1108 1109/1109/1109
f 1109/1109/1109 1110/1110/1110 1107/1107/1107
f 1111/1111/1111 1112/1112/1112 1113/1113/1113
f 1113/1113/1113 1114/1114/1114 1111/1111/1111
f 1093/1093/1093 1115/1115/1115 1061/1061/1061
f 1061/1061/1061 1060/1060/1060 1093/1093/1093
f 952/952/952 951/951/951 1115/1115/1115
f 1115/1115/1115 1093/1093/1093 952/952/952
f 1092/1092/1092 953/953/953 952/952/952
f 952/952/952 1093/1093/1093 1092/1092/1092
f 1091/1091/1091 954/954/954 953/953/953
f 953/953/953 1092/1092/1092 1091/1091/1091
f 1091/1091/1091 1094/1094/1094 955/955/955
f 955/955/955 954/954/954 1091/1091/1091
f 1116/1116/1116 1095/1095/1095 1098/1098/1098
f 1098/1098/1098 1117/1117/1117 1116/1116/1116
f 1118/1118/1118 1119/1119/1119 1116/1116/1116
f 1116/1116/1116 1117/1117/1117 1118/1118/1118
f 1118/1118/1118 1117/1117/1117 1120/1120/1120
f 1120/1120/1120 1121/1121/1121 1118/1118/1118
f 1121/1121/1121 963/963/963 962/962/962
f 962/962/962 1118/1118/1118 1121/1121/1121
f 964/964/964 963/963/963 1121/1121/1121
f 1121/1121/1121 1122/1122/1122 964/964/964
f 966/966/966 964/964/964 1122/1122/1122
f 1122/1122/1122 1123/1123/1123 966/966/966
f 1122/1122/1122 1121/1121/1121 1120/1120/1120
f 1120/1120/1120 1124/1124/1124 1122/1122/1122
f 1125/1125/1125 1124/1124/1124 1120/1120/1120
f 1120/1120/1120 1126/1126/1126 1125/1125/1125
f 1127/1127/1127 1125/1125/1125 1128/1128/1128
f 1128/1128/1128 1129/1129/1129 1127/1127/1127
f 1130/1130/1130 1124/1124/1124 1125/1125/1125
f 1125/1125/1125 1127/1127/1127 1130/1130/1130
f 1126/1126/1126 1131/1131/1131 1128/1128/1128
f 1128/1128/1128 1125/1125/1125 1126/1126/1126
f 1120/1120/1120 1117/1117/1117 1098/1098/1098
f 1098/1098/1098 1126/1126/1126 1120/1120/1120
f 1122/1122/1122 1124/1124/1124 1130/1130/1130
f 1130/1130/1130 1123/1123/1123 1122/1122/1122
f 1119/1119/1119 1118/1118/1118 962/962/962
f 962/962/962 976/976/976 1119/1119/1119
f 977/977/977 1132/1132/1132 1133/1133/1133
f 1133/1133/1133 978/978/978 977/977/977
f 981/981/981 1134/1134/1134 1132/1132/1132
f 1132/1132/1132 977/977/977 981/981/981
f 1135/1135/1135 984/984/984 978/978/978
f 978/978/978 1133/1133/1133 1135/1135/1135
f 1135/1135/1135 1136/1136/1136 985/985/985
f 985/985/985 984/984/984 1135/1135/1135
f 1103/1103/1103 1131/1131/1131 1097/1097/1097
f 1097/1097/1097 1104/1104/1104 1103/1103/1103
f 1098/1098/1098 1097/1097/1097 1131/1131/1131
f 1131/1131/1131 1126/1126/1126 1098/1098/1098
f 1128/1128/1128 1131/1131/1131 1103/1103/1103
f 1103/1103/1103 1137/1137/1137 1128/1128/1128
f 1138/1138/1138 1137/1137/1137 1103/1103/1103
f 1103/1103/1103 1106/1106/1106 1138/1138/1138
f 1102/1102/1102 1101/1101/1101 1139/1139/1139
f 1139/1139/1139 1140/1140/1140 1102/1102/1102
f 1141/1141/1141 1142/1142/1142 1139/1139/1139
f 1139/1139/1139 1101/1101/1101 1141/1141/1141
f 1139/1139/1139 1142/1142/1142 1143/1143/1143
f 1143/1143/1143 1144/1144/1144 1139/1139/1139
f 995/995/995 998/998/998 1145/1145/1145
f 1145/1145/1145 1146/1146/1146 995/995/995
f 1147/1147/1147 1000/1000/1000 995/995/995
f 995/995/995 1146/1146/1146 1147/1147/1147
f 1147/1147/1147 1148/1148/1148 1001/1001/1001
f 1001/1001/1001 1000/1000/1000 1147/1147/1147
f 1146/1146/1146 1145/1145/1145 1143/1143/1143
f 1143/1143/1143 1142/1142/1142 1146/1146/1146
f 1147/1147/1147 1146/1146/1146 1142/1142/1142
f 1142/1142/1142 1141/1141/1141 1147/1147/1147
f 1129/1129/1129 1128/1128/1128 1137/1137/1137
f 1137/1137/1137 1149/1149/1149 1129/1129/1129
f 1137/1137/1137 1138/1138/1138 1150/1150/1150
f 1150/1150/1150 1149/1149/1149 1137/1137/1137
f 1140/1140/1140 1139/1139/1139 1144/1144/1144
f 1144/1144/1144 1151/1151/1151 1140/1140/1140
f 1084/1084/1084 1069/1069/1069 1082/1082/1082
f 1082/1082/1082 1113/1113/1113 1084/1084/1084
f 1152/1152/1152 1075/1075/1075 1071/1071/1071
f 1071/1071/1071 1153/1153/1153 1152/1152/1152
f 1071/1071/1071 1074/1074/1074 1154/1154/1154
f 1154/1154/1154 1153/1153/1153 1071/1071/1071
f 1073/1073/1073 1136/1136/1136 1135/1135/1135
f 1135/1135/1135 1074/1074/1074 1073/1073/1073
f 1135/1135/1135 1133/1133/1133 1154/1154/1154
f 1154/1154/1154 1074/1074/1074 1135/1135/1135
f 1154/1154/1154 1133/1133/1133 1132/1132/1132
f 1132/1132/1132 1155/1155/1155 1154/1154/1154
f 1155/1155/1155 1132/1132/1132 1134/1134/1134
f 1134/1134/1134 1156/1156/1156 1155/1155/1155
f 1157/1157/1157 1158/1158/1158 1156/1156/1156
f 1156/1156/1156 1134/1134/1134 1157/1157/1157
f 1157/1157/1157 1159/1159/1159 1160/1160/1160
f 1160/1160/1160 1158/1158/1158 1157/1157/1157
f 1148/1148/1148 1161/1161/1161 1160/1160/1160
f 1160/1160/1160 1159/1159/1159 1148/1148/1148
f 1162/1162/1162 1109/1109/1109 1156/1156/1156
f 1156/1156/1156 1158/1158/1158 1162/1162/1162
f 1109/1109/1109 1108/1108/1108 1155/1155/1155
f 1155/1155/1155 1156/1156/1156 1109/1109/1109
f 1154/1154/1154 1155/1155/1155 1108/1108/1108
f 1108/1108/1108 1153/1153/1153 1154/1154/1154
f 1153/1153/1153 1108/1108/1108 1107/1107/1107
f 1107/1107/1107 1152/1152/1152 1153/1153/1153
f 1162/1162/1162 1158/1158/1158 1160/1160/1160
f 1160/1160/1160 1163/1163/1163 1162/1162/1162
f 981/981/981 1018/1018/1018 1157/1157/1157
f 1157/1157/1157 1134/1134/1134 981/981/981
f 1018/1018/1018 1019/1019/1019 1159/1159/1159
f 1159/1159/1159 1157/1157/1157 1018/1018/1018
f 1019/1019/1019 1001/1001/1001 1148/1148/1148
f 1148/1148/1148 1159/1159/1159 1019/1019/1019
f 1147/1147/1147 1141/1141/1141 1161/1161/1161
f 1161/1161/1161 1148/1148/1148 1147/1147/1147
f 1161/1161/1161 1141/1141/1141 1101/1101/1101
f 1101/1101/1101 1100/1100/1100 1161/1161/1161
f 1161/1161/1161 1100/1100/1100 1163/1163/1163
f 1163/1163/1163 1160/1160/1160 1161/1161/1161
f 1164/1164/1164 1165/1165/1165 1166/1166/1166
f 1166/1166/1166 1167/1167/1167 1164/1164/1164
f 1024/1024/1024 1164/1164/1164 1167/1167/1167
f 1167/1167/1167 1025/1025/1025 1024/1024/1024
f 966/966/966 1123/1123/1123 1168/1168/1168
f 1168/1168/1168 1026/1026/1026 966/966/966
f 1026/1026/1026 1168/1168/1168 1164/1164/1164
f 1164/1164/1164 1024/1024/1024 1026/1026/1026
f 1130/1130/1130 1169/1169/1169 1168/1168/1168
f 1168/1168/1168 1123/1123/1123 1130/1130/1130
f 1169/1169/1169 1165/1165/1165 1164/1164/1164
f 1164/1164/1164 1168/1168/1168 1169/1169/1169
f 1127/1127/1127 1170/1170/1170 1169/1169/1169
f 1169/1169/1169 1130/1130/1130 1127/1127/1127
f 1170/1170/1170 1171/1171/1171 1165/1165/1165
f 1165/1165/1165 1169/1169/1169 1170/1170/1170
f 1129/1129/1129 1172/1172/1172 1170/1170/1170
f 1170/1170/1170 1127/1127/1127 1129/1129/1129
f 1172/1172/1172 1173/1173/1173 1171/1171/1171
f 1171/1171/1171 1170/1170/1170 1172/1172/1172
f 1174/1174/1174 1173/1173/1173 1172/1172/1172
f 1172/1172/1172 1175/1175/1175 1174/1174/1174
f 1172/1172/1172 1129/1129/1129 1149/1149/1149
f 1149/1149/1149 1175/1175/1175 1172/1172/1172
f 1176/1176/1176 1177/1177/1177 1178/1178/1178
f 1178/1178/1178 1179/1179/1179 1176/1176/1176
f 1174/1174/1174 1180/1180/1180 1181/1181/1181
f 1181/1181/1181 1173/1173/1173 1174/1174/1174
f 1171/1171/1171 1173/1173/1173 1181/1181/1181
f 1181/1181/1181 1182/1182/1182 1171/1171/1171
f 1165/1165/1165 1171/1171/1171 1182/1182/1182
f 1182/1182/1182 1166/1166/1166 1165/1165/1165
f 1183/1183/1183 1184/1184/1184 1180/1180/1180
f 1180/1180/1180 1174/1174/1174 1183/1183/1183
f 1178/1178/1178 1177/1177/1177 1151/1151/1151
f 1151/1151/1151 1144/1144/1144 1178/1178/1178
f 1143/1143/1143 1185/1185/1185 1178/1178/1178
f 1178/1178/1178 1144/1144/1144 1143/1143/1143
f 1185/1185/1185 1186/1186/1186 1179/1179/1179
f 1179/1179/1179 1178/1178/1178 1185/1185/1185
f 1145/1145/1145 1187/1187/1187 1185/1185/1185
f 1185/1185/1185 1143/1143/1143 1145/1145/1145
f 1187/1187/1187 1188/1188/1188 1186/1186/1186
f 1186/1186/1186 1185/1185/1185 1187/1187/1187
f 1187/1187/1187 1145/1145/1145 998/998/998
f 998/998/998 1050/1050/1050 1187/1187/1187
f 1187/1187/1187 1050/1050/1050 1051/1051/1051
f 1051/1051/1051 1188/1188/1188 1187/1187/1187
f 1188/1188/1188 1051/1051/1051 1052/1052/1052
f 1052/1052/1052 1189/1189/1189 1188/1188/1188
f 1186/1186/1186 1188/1188/1188 1189/1189/1189
f 1189/1189/1189 1190/1190/1190 1186/1186/1186
f 1179/1179/1179 1186/1186/1186 1190/1190/1190
f 1190/1190/1190 1191/1191/1191 1179/1179/1179
f 1192/1192/1192 1175/1175/1175 1149/1149/1149
f 1149/1149/1149 1150/1150/1150 1192/1192/1192
f 1183/1183/1183 1174/1174/1174 1175/1175/1175
f 1175/1175/1175 1192/1192/1192 1183/1183/1183
f 1193/1193/1193 1176/1176/1176 1179/1179/1179
f 1179/1179/1179 1191/1191/1191 1193/1193/1193
f 1104/1104/1104 1097/1097/1097 1096/1096/1096
f 1194/1194/1194 1195/1195/1195 1196/1196/1196
f 1196/1196/1196 1197/1197/1197 1194/1194/1194
f 1198/1198/1198 1199/1199/1199 1200/1200/1200
f 1200/1200/1200 1201/1201/1201 1198/1198/1198
f 1202/1202/1202 1203/1203/1203 1204/1204/1204
f 1204/1204/1204 1205/1205/1205 1202/1202/1202
f 1202/1202/1202 1205/1205/1205 1206/1206/1206
f 1206/1206/1206 1207/1207/1207 1202/1202/1202
f 1207/1207/1207 1208/1208/1208 1209/1209/1209
f 1209/1209/1209 1202/1202/1202 1207/1207/1207
f 1210/1210/1210 1211/1211/1211 1212/1212/1212
f 1212/1212/1212 1213/1213/1213 1210/1210/1210
f 1214/1214/1214 1215/1215/1215 1216/1216/1216
f 1216/1216/1216 1217/1217/1217 1214/1214/1214
f 1214/1214/1214 1194/1194/1194 1197/1197/1197
f 1197/1197/1197 1215/1215/1215 1214/1214/1214
f 1211/1211/1211 1210/1210/1210 1200/1200/1200
f 1200/1200/1200 1199/1199/1199 1211/1211/1211
f 1218/1218/1218 1219/1219/1219 1220/1220/1220
f 1220/1220/1220 1221/1221/1221 1218/1218/1218
f 1213/1213/1213 1212/1212/1212 1222/1222/1222
f 1222/1222/1222 1223/1223/1223 1213/1213/1213
f 1209/1209/1209 1208/1208/1208 1220/1220/1220
f 1220/1220/1220 1219/1219/1219 1209/1209/1209
f 1202/1202/1202 1209/1209/1209 1224/1224/1224
f 1224/1224/1224 1203/1203/1203 1202/1202/1202
f 1225/1225/1225 1226/1226/1226 1227/1227/1227
f 1227/1227/1227 1228/1228/1228 1225/1225/1225
f 1229/1229/1229 1230/1230/1230 1231/1231/1231
f 1231/1231/1231 1232/1232/1232 1229/1229/1229
f 1225/1225/1225 1228/1228/1228 1233/1233/1233
f 1233/1233/1233 1234/1234/1234 1225/1225/1225
f 1226/1226/1226 1235/1235/1235 1236/1236/1236
f 1236/1236/1236 1227/1227/1227 1226/1226/1226
f 1236/1236/1236 1235/1235/1235 1237/1237/1237
f 1237/1237/1237 1238/1238/1238 1236/1236/1236
f 1239/1239/1239 1240/1240/1240 1241/1241/1241
f 1241/1241/1241 1242/1242/1242 1239/1239/1239
f 1230/1230/1230 1239/1239/1239 1242/1242/1242
f 1242/1242/1242 1231/1231/1231 1230/1230/1230
f 1219/1219/1219 1218/1218/1218 1243/1243/1243
f 1243/1243/1243 1244/1244/1244 1219/1219/1219
f 1219/1219/1219 1244/1244/1244 1224/1224/1224
f 1224/1224/1224 1209/1209/1209 1219/1219/1219
f 1206/1206/1206 1205/1205/1205 1245/1245/1245
f 1245/1245/1245 1246/1246/1246 1206/1206/1206
f 1247/1247/1247 1248/1248/1248 1249/1249/1249
f 1249/1249/1249 1250/1250/1250 1247/1247/1247
f 1251/1251/1251 1252/1252/1252 1253/1253/1253
f 1254/1254/1254 1255/1255/1255 1256/1256/1256
f 1256/1256/1256 1252/1252/1252 1254/1254/1254
f 1257/1257/1257 1247/1247/1247 1258/1258/1258
f 1258/1258/1258 1259/1259/1259 1257/1257/1257
f 1251/1251/1251 1260/1260/1260 1261/1261/1261
f 1261/1261/1261 1262/1262/1262 1251/1251/1251
f 1251/1251/1251 1253/1253/1253 1263/1263/1263
f 1263/1263/1263 1260/1260/1260 1251/1251/1251
f 1245/1245/1245 1254/1254/1254 1252/1252/1252
f 1252/1252/1252 1246/1246/1246 1245/1245/1245
f 1264/1264/1264 1254/1254/1254 1245/1245/1245
f 1245/1245/1245 1265/1265/1265 1264/1264/1264
f 1266/1266/1266 1267/1267/1267 1250/1250/1250
f 1250/1250/1250 1249/1249/1249 1266/1266/1266
f 1204/1204/1204 1265/1265/1265 1245/1245/1245
f 1245/1245/1245 1205/1205/1205 1204/1204/1204
f 1268/1268/1268 1269/1269/1269 1270/1270/1270
f 1270/1270/1270 1271/1271/1271 1268/1268/1268
f 1197/1197/1197 1272/1272/1272 1273/1273/1273
f 1273/1273/1273 1215/1215/1215 1197/1197/1197
f 1215/1215/1215 1273/1273/1273 1274/1274/1274
f 1274/1274/1274 1216/1216/1216 1215/1215/1215
f 1274/1274/1274 1275/1275/1275 1276/1276/1276
f 1276/1276/1276 1216/1216/1216 1274/1274/1274
f 1276/1276/1276 1277/1277/1277 1217/1217/1217
f 1217/1217/1217 1216/1216/1216 1276/1276/1276
f 1277/1277/1277 1276/1276/1276 1278/1278/1278
f 1278/1278/1278 1279/1279/1279 1277/1277/1277
f 1218/1218/1218 1221/1221/1221 1280/1280/1280
f 1222/1222/1222 1281/1281/1281 1282/1282/1282
f 1282/1282/1282 1223/1223/1223 1222/1222/1222
f 1276/1276/1276 1275/1275/1275 1283/1283/1283
f 1283/1283/1283 1278/1278/1278 1276/1276/1276
f 1275/1275/1275 1284/1284/1284 1285/1285/1285
f 1285/1285/1285 1286/1286/1286 1283/1283/1283
f 1283/1283/1283 1275/1275/1275 1285/1285/1285
f 1287/1287/1287 1288/1288/1288 1279/1279/1279
f 1279/1279/1279 1278/1278/1278 1287/1287/1287
f 1287/1287/1287 1278/1278/1278 1283/1283/1283
f 1283/1283/1283 1289/1289/1289 1287/1287/1287
f 1288/1288/1288 1287/1287/1287 1290/1290/1290
f 1290/1290/1290 1291/1291/1291 1288/1288/1288
f 1290/1290/1290 1287/1287/1287 1289/1289/1289
f 1289/1289/1289 1292/1292/1292 1290/1290/1290
f 1275/1275/1275 1274/1274/1274 1293/1293/1293
f 1293/1293/1293 1284/1284/1284 1275/1275/1275
f 1294/1294/1294 1284/1284/1284 1293/1293/1293
f 1293/1293/1293 1295/1295/1295 1294/1294/1294
f 1285/1285/1285 1284/1284/1284 1294/1294/1294
f 1294/1294/1294 1296/1296/1296 1285/1285/1285
f 1296/1296/1296 1297/1297/1297 1286/1286/1286
f 1286/1286/1286 1285/1285/1285 1296/1296/1296
f 1298/1298/1298 1299/1299/1299 1300/1300/1300
f 1300/1300/1300 1297/1297/1297 1298/1298/1298
f 1301/1301/1301 1298/1298/1298 1297/1297/1297
f 1297/1297/1297 1296/1296/1296 1301/1301/1301
f 1286/1286/1286 1297/1297/1297 1300/1300/1300
f 1300/1300/1300 1302/1302/1302 1286/1286/1286
f 1303/1303/1303 1304/1304/1304 1295/1295/1295
f 1295/1295/1295 1293/1293/1293 1303/1303/1303
f 1304/1304/1304 1303/1303/1303 1305/1305/1305
f 1305/1305/1305 1306/1306/1306 1304/1304/1304
f 1272/1272/1272 1305/1305/1305 1303/1303/1303
f 1303/1303/1303 1273/1273/1273 1272/1272/1272
f 1306/1306/1306 1305/1305/1305 1307/1307/1307
f 1307/1307/1307 1308/1308/1308 1306/1306/1306
f 1307/1307/1307 1305/1305/1305 1272/1272/1272
f 1293/1293/1293 1274/1274/1274 1273/1273/1273
f 1273/1273/1273 1303/1303/1303 1293/1293/1293
f 1196/1196/1196 1261/1261/1261 1272/1272/1272
f 1272/1272/1272 1197/1197/1197 1196/1196/1196
f 1196/1196/1196 1195/1195/1195 1262/1262/1262
f 1262/1262/1262 1261/1261/1261 1196/1196/1196
f 1299/1299/1299 1309/1309/1309 1310/1310/1310
f 1310/1310/1310 1311/1311/1311 1299/1299/1299
f 1299/1299/1299 1298/1298/1298 1312/1312/1312
f 1312/1312/1312 1309/1309/1309 1299/1299/1299
f 1309/1309/1309 1312/1312/1312 1313/1313/1313
f 1313/1313/1313 1314/1314/1314 1309/1309/1309
f 1315/1315/1315 1313/1313/1313 1316/1316/1316
f 1316/1316/1316 1317/1317/1317 1315/1315/1315
f 1318/1318/1318 1319/1319/1319 1320/1320/1320
f 1320/1320/1320 1321/1321/1321 1318/1318/1318
f 1322/1322/1322 1321/1321/1321 1320/1320/1320
f 1320/1320/1320 1323/1323/1323 1322/1322/1322
f 1310/1310/1310 1309/1309/1309 1322/1322/1322
f 1322/1322/1322 1324/1324/1324 1310/1310/1310
f 1311/1311/1311 1310/1310/1310 1325/1325/1325
f 1325/1325/1325 1326/1326/1326 1311/1311/1311
f 1325/1325/1325 1310/1310/1310 1324/1324/1324
f 1324/1324/1324 1327/1327/1327 1325/1325/1325
f 1323/1323/1323 1328/1328/1328 1324/1324/1324
f 1324/1324/1324 1322/1322/1322 1323/1323/1323
f 1323/1323/1323 1320/1320/1320 1329/1329/1329
f 1329/1329/1329 1328/1328/1328 1323/1323/1323
f 1309/1309/1309 1314/1314/1314 1321/1321/1321
f 1321/1321/1321 1322/1322/1322 1309/1309/1309
f 1321/1321/1321 1314/1314/1314 1330/1330/1330
f 1330/1330/1330 1318/1318/1318 1321/1321/1321
f 1330/1330/1330 1314/1314/1314 1313/1313/1313
f 1313/1313/1313 1315/1315/1315 1330/1330/1330
f 1316/1316/1316 1313/1313/1313 1312/1312/1312
f 1312/1312/1312 1331/1331/1331 1316/1316/1316
f 1331/1331/1331 1312/1312/1312 1298/1298/1298
f 1298/1298/1298 1301/1301/1301 1331/1331/1331
f 1311/1311/1311 1332/1332/1332 1300/1300/1300
f 1300/1300/1300 1299/1299/1299 1311/1311/1311
f 1332/1332/1332 1333/1333/1333 1302/1302/1302
f 1302/1302/1302 1300/1300/1300 1332/1332/1332
f 1292/1292/1292 1289/1289/1289 1302/1302/1302
f 1302/1302/1302 1333/1333/1333 1292/1292/1292
f 1334/1334/1334 1292/1292/1292 1333/1333/1333
f 1333/1333/1333 1335/1335/1335 1334/1334/1334
f 1334/1334/1334 1335/1335/1335 1336/1336/1336
f 1336/1336/1336 1337/1337/1337 1334/1334/1334
f 1335/1335/1335 1338/1338/1338 1339/1339/1339
f 1339/1339/1339 1336/1336/1336 1335/1335/1335
f 1335/1335/1335 1333/1333/1333 1332/1332/1332
f 1332/1332/1332 1338/1338/1338 1335/1335/1335
f 1340/1340/1340 1339/1339/1339 1338/1338/1338
f 1338/1338/1338 1326/1326/1326 1340/1340/1340
f 1340/1340/1340 1341/1341/1341 1339/1339/1339
f 1340/1340/1340 1342/1342/1342 1343/1343/1343
f 1343/1343/1343 1341/1341/1341 1340/1340/1340
f 1326/1326/1326 1325/1325/1325 1342/1342/1342
f 1342/1342/1342 1340/1340/1340 1326/1326/1326
f 1339/1339/1339 1341/1341/1341 1344/1344/1344
f 1345/1345/1345 1336/1336/1336 1339/1339/1339
f 1339/1339/1339 1344/1344/1344 1345/1345/1345
f 1311/1311/1311 1326/1326/1326 1338/1338/1338
f 1338/1338/1338 1332/1332/1332 1311/1311/1311
f 1346/1346/1346 1347/1347/1347 1348/1348/1348
f 1348/1348/1348 1337/1337/1337 1346/1346/1346
f 1345/1345/1345 1349/1349/1349 1350/1350/1350
f 1350/1350/1350 1346/1346/1346 1345/1345/1345
f 1350/1350/1350 1351/1351/1351 1242/1242/1242
f 1242/1242/1242 1241/1241/1241 1350/1350/1350
f 1351/1351/1351 1350/1350/1350 1349/1349/1349
f 1349/1349/1349 1352/1352/1352 1351/1351/1351
f 1353/1353/1353 1354/1354/1354 1352/1352/1352
f 1352/1352/1352 1349/1349/1349 1353/1353/1353
f 1354/1354/1354 1355/1355/1355 1356/1356/1356
f 1356/1356/1356 1352/1352/1352 1354/1354/1354
f 1345/1345/1345 1344/1344/1344 1353/1353/1353
f 1353/1353/1353 1349/1349/1349 1345/1345/1345
f 1346/1346/1346 1337/1337/1337 1336/1336/1336
f 1336/1336/1336 1345/1345/1345 1346/1346/1346
f 1347/1347/1347 1346/1346/1346 1350/1350/1350
f 1350/1350/1350 1241/1241/1241 1347/1347/1347
f 1357/1357/1357 1347/1347/1347 1241/1241/1241
f 1241/1241/1241 1240/1240/1240 1357/1357/1357
f 1348/1348/1348 1347/1347/1347 1357/1357/1357
f 1357/1357/1357 1358/1358/1358 1348/1348/1348
f 1334/1334/1334 1337/1337/1337 1348/1348/1348
f 1290/1290/1290 1292/1292/1292 1334/1334/1334
f 1334/1334/1334 1348/1348/1348 1290/1290/1290
f 1358/1358/1358 1291/1291/1291 1290/1290/1290
f 1290/1290/1290 1348/1348/1348 1358/1358/1358
f 1359/1359/1359 1360/1360/1360 1361/1361/1361
f 1361/1361/1361 1362/1362/1362 1359/1359/1359
f 1363/1363/1363 1364/1364/1364 1218/1218/1218
f 1218/1218/1218 1365/1365/1365 1363/1363/1363
f 1360/1360/1360 1359/1359/1359 1366/1366/1366
f 1366/1366/1366 1367/1367/1367 1360/1360/1360
f 1362/1362/1362 1361/1361/1361 1238/1238/1238
f 1238/1238/1238 1237/1237/1237 1362/1362/1362
f 1368/1368/1368 1369/1369/1369 1370/1370/1370
f 1370/1370/1370 1371/1371/1371 1368/1368/1368
f 1372/1372/1372 1373/1373/1373 1374/1374/1374
f 1374/1374/1374 1375/1375/1375 1372/1372/1372
f 1376/1376/1376 1377/1377/1377 1378/1378/1378
f 1378/1378/1378 1379/1379/1379 1376/1376/1376
f 1380/1380/1380 1381/1381/1381 1378/1378/1378
f 1378/1378/1378 1377/1377/1377 1380/1380/1380
f 1382/1382/1382 1383/1383/1383 1384/1384/1384
f 1384/1384/1384 1385/1385/1385 1382/1382/1382
f 1386/1386/1386 1387/1387/1387 1388/1388/1388
f 1388/1388/1388 1389/1389/1389 1386/1386/1386
f 1390/1390/1390 1388/1388/1388 1387/1387/1387
f 1387/1387/1387 1391/1391/1391 1390/1390/1390
f 1391/1391/1391 1392/1392/1392 1256/1256/1256
f 1256/1256/1256 1390/1390/1390 1391/1391/1391
f 1373/1373/1373 1388/1388/1388 1390/1390/1390
f 1390/1390/1390 1393/1393/1393 1373/1373/1373
f 1393/1393/1393 1390/1390/1390 1256/1256/1256
f 1256/1256/1256 1255/1255/1255 1393/1393/1393
f 1373/1373/1373 1372/1372/1372 1389/1389/1389
f 1389/1389/1389 1388/1388/1388 1373/1373/1373
f 1374/1374/1374 1394/1394/1394 1395/1395/1395
f 1395/1395/1395 1375/1375/1375 1374/1374/1374
f 1396/1396/1396 1397/1397/1397 1394/1394/1394
f 1394/1394/1394 1374/1374/1374 1396/1396/1396
f 1396/1396/1396 1398/1398/1398 1399/1399/1399
f 1399/1399/1399 1397/1397/1397 1396/1396/1396
f 1396/1396/1396 1393/1393/1393 1255/1255/1255
f 1255/1255/1255 1398/1398/1398 1396/1396/1396
f 1400/1400/1400 1401/1401/1401 1402/1402/1402
f 1402/1402/1402 1403/1403/1403 1400/1400/1400
f 1404/1404/1404 1405/1405/1405 1264/1264/1264
f 1406/1406/1406 1407/1407/1407 1405/1405/1405
f 1405/1405/1405 1404/1404/1404 1406/1406/1406
f 1408/1408/1408 1409/1409/1409 1410/1410/1410
f 1410/1410/1410 1411/1411/1411 1408/1408/1408
f 1270/1270/1270 1269/1269/1269 1412/1412/1412
f 1412/1412/1412 1400/1400/1400 1270/1270/1270
f 1254/1254/1254 1264/1264/1264 1398/1398/1398
f 1398/1398/1398 1255/1255/1255 1254/1254/1254
f 1393/1393/1393 1396/1396/1396 1374/1374/1374
f 1374/1374/1374 1373/1373/1373 1393/1393/1393
f 1413/1413/1413 1414/1414/1414 1415/1415/1415
f 1415/1415/1415 1416/1416/1416 1413/1413/1413
f 1327/1327/1327 1417/1417/1417 1413/1413/1413
f 1413/1413/1413 1416/1416/1416 1327/1327/1327
f 1417/1417/1417 1328/1328/1328 1329/1329/1329
f 1329/1329/1329 1413/1413/1413 1417/1417/1417
f 1328/1328/1328 1417/1417/1417 1327/1327/1327
f 1327/1327/1327 1324/1324/1324 1328/1328/1328
f 1418/1418/1418 1419/1419/1419 1416/1416/1416
f 1416/1416/1416 1415/1415/1415 1418/1418/1418
f 1325/1325/1325 1327/1327/1327 1416/1416/1416
f 1416/1416/1416 1419/1419/1419 1325/1325/1325
f 1419/1419/1419 1418/1418/1418 1420/1420/1420
f 1420/1420/1420 1342/1342/1342 1419/1419/1419
f 1343/1343/1343 1342/1342/1342 1420/1420/1420
f 1420/1420/1420 1421/1421/1421 1343/1343/1343
f 1342/1342/1342 1325/1325/1325 1419/1419/1419
f 1422/1422/1422 1423/1423/1423 1229/1229/1229
f 1229/1229/1229 1232/1232/1232 1422/1422/1422
f 1232/1232/1232 1424/1424/1424 1425/1425/1425
f 1425/1425/1425 1422/1422/1422 1232/1232/1232
f 1426/1426/1426 1427/1427/1427 1424/1424/1424
f 1428/1428/1428 1356/1356/1356 1426/1426/1426
f 1426/1426/1426 1424/1424/1424 1428/1428/1428
f 1231/1231/1231 1428/1428/1428 1424/1424/1424
f 1424/1424/1424 1232/1232/1232 1231/1231/1231
f 1356/1356/1356 1428/1428/1428 1351/1351/1351
f 1351/1351/1351 1352/1352/1352 1356/1356/1356
f 1351/1351/1351 1428/1428/1428 1231/1231/1231
f 1231/1231/1231 1242/1242/1242 1351/1351/1351
f 1355/1355/1355 1429/1429/1429 1426/1426/1426
f 1426/1426/1426 1356/1356/1356 1355/1355/1355
f 1427/1427/1427 1426/1426/1426 1429/1429/1429
f 1429/1429/1429 1430/1430/1430 1427/1427/1427
f 1425/1425/1425 1424/1424/1424 1427/1427/1427
f 1427/1427/1427 1406/1406/1406 1425/1425/1425
f 1406/1406/1406 1427/1427/1427 1430/1430/1430
f 1430/1430/1430 1407/1407/1407 1406/1406/1406
f 1408/1408/1408 1431/1431/1431 1432/1432/1432
f 1432/1432/1432 1409/1409/1409 1408/1408/1408
f 1263/1263/1263 1308/1308/1308 1307/1307/1307
f 1307/1307/1307 1260/1260/1260 1263/1263/1263
f 1260/1260/1260 1307/1307/1307 1272/1272/1272
f 1272/1272/1272 1261/1261/1261 1260/1260/1260
f 1367/1367/1367 1366/1366/1366 1433/1433/1433
f 1433/1433/1433 1434/1434/1434 1367/1367/1367
f 1365/1365/1365 1218/1218/1218 1280/1280/1280
f 1280/1280/1280 1435/1435/1435 1365/1365/1365
f 1434/1434/1434 1433/1433/1433 1282/1282/1282
f 1282/1282/1282 1281/1281/1281 1434/1434/1434
f 1218/1218/1218 1364/1364/1364 1243/1243/1243
f 1302/1302/1302 1289/1289/1289 1283/1283/1283
f 1283/1283/1283 1286/1286/1286 1302/1302/1302
f 1320/1320/1320 1319/1319/1319 1329/1329/1329
f 1329/1329/1329 1414/1414/1414 1413/1413/1413
f 1436/1436/1436 1437/1437/1437 1438/1438/1438
f 1438/1438/1438 1439/1439/1439 1436/1436/1436
f 1440/1440/1440 1436/1436/1436 1439/1439/1439
f 1439/1439/1439 1441/1441/1441 1440/1440/1440
f 1442/1442/1442 1440/1440/1440 1443/1443/1443
f 1444/1444/1444 1445/1445/1445 1446/1446/1446
f 1446/1446/1446 1447/1447/1447 1448/1448/1448
f 1448/1448/1448 1449/1449/1449 1446/1446/1446
f 1438/1438/1438 1450/1450/1450 1451/1451/1451
f 1451/1451/1451 1439/1439/1439 1438/1438/1438
f 1441/1441/1441 1439/1439/1439 1451/1451/1451
f 1451/1451/1451 1445/1445/1445 1441/1441/1441
f 1451/1451/1451 1450/1450/1450 1452/1452/1452
f 1452/1452/1452 1447/1447/1447 1451/1451/1451
f 1442/1442/1442 1453/1453/1453 1454/1454/1454
f 1454/1454/1454 1455/1455/1455 1442/1442/1442
f 1454/1454/1454 1453/1453/1453 1456/1456/1456
f 1456/1456/1456 1457/1457/1457 1454/1454/1454
f 1454/1454/1454 1457/1457/1457 1458/1458/1458
f 1458/1458/1458 1459/1459/1459 1454/1454/1454
f 1460/1460/1460 1459/1459/1459 1458/1458/1458
f 1458/1458/1458 1461/1461/1461 1460/1460/1460
f 1455/1455/1455 1454/1454/1454 1459/1459/1459
f 1459/1459/1459 1437/1437/1437 1455/1455/1455
f 1460/1460/1460 1461/1461/1461 1462/1462/1462
f 1462/1462/1462 1463/1463/1463 1460/1460/1460
f 1464/1464/1464 1465/1465/1465 1463/1463/1463
f 1463/1463/1463 1462/1462/1462 1464/1464/1464
f 1437/1437/1437 1436/1436/1436 1455/1455/1455
f 1437/1437/1437 1466/1466/1466 1467/1467/1467
f 1467/1467/1467 1438/1438/1438 1437/1437/1437
f 1466/1466/1466 1465/1465/1465 1468/1468/1468
f 1468/1468/1468 1467/1467/1467 1466/1466/1466
f 1468/1468/1468 1465/1465/1465 1464/1464/1464
f 1464/1464/1464 1469/1469/1469 1468/1468/1468
f 1469/1469/1469 1470/1470/1470 1471/1471/1471
f 1471/1471/1471 1468/1468/1468 1469/1469/1469
f 1447/1447/1447 1452/1452/1452 1472/1472/1472
f 1472/1472/1472 1448/1448/1448 1447/1447/1447
f 1452/1452/1452 1473/1473/1473 1474/1474/1474
f 1474/1474/1474 1472/1472/1472 1452/1452/1452
f 1450/1450/1450 1475/1475/1475 1473/1473/1473
f 1473/1473/1473 1452/1452/1452 1450/1450/1450
f 1470/1470/1470 1474/1474/1474 1473/1473/1473
f 1473/1473/1473 1471/1471/1471 1470/1470/1470
f 1471/1471/1471 1473/1473/1473 1475/1475/1475
f 1471/1471/1471 1475/1475/1475 1467/1467/1467
f 1467/1467/1467 1468/1468/1468 1471/1471/1471
f 1467/1467/1467 1475/1475/1475 1450/1450/1450
f 1450/1450/1450 1438/1438/1438 1467/1467/1467
f 1465/1465/1465 1466/1466/1466 1460/1460/1460
f 1460/1460/1460 1463/1463/1463 1465/1465/1465
f 1466/1466/1466 1437/1437/1437 1459/1459/1459
f 1459/1459/1459 1460/1460/1460 1466/1466/1466
f 1476/1476/1476 1477/1477/1477 1478/1478/1478
f 1478/1478/1478 1479/1479/1479 1476/1476/1476
f 1480/1480/1480 1481/1481/1481 1477/1477/1477
f 1477/1477/1477 1476/1476/1476 1480/1480/1480
f 1480/1480/1480 1476/1476/1476 1482/1482/1482
f 1482/1482/1482 1483/1483/1483 1480/1480/1480
f 1484/1484/1484 1485/1485/1485 1486/1486/1486
f 1485/1485/1485 1449/1449/1449 1448/1448/1448
f 1448/1448/1448 1487/1487/1487 1485/1485/1485
f 1478/1478/1478 1477/1477/1477 1488/1488/1488
f 1488/1488/1488 1489/1489/1489 1478/1478/1478
f 1481/1481/1481 1486/1486/1486 1488/1488/1488
f 1488/1488/1488 1477/1477/1477 1481/1481/1481
f 1488/1488/1488 1487/1487/1487 1490/1490/1490
f 1490/1490/1490 1489/1489/1489 1488/1488/1488
f 1483/1483/1483 1482/1482/1482 1491/1491/1491
f 1491/1491/1491 1492/1492/1492 1483/1483/1483
f 1491/1491/1491 1457/1457/1457 1456/1456/1456
f 1456/1456/1456 1492/1492/1492 1491/1491/1491
f 1491/1491/1491 1493/1493/1493 1458/1458/1458
f 1458/1458/1458 1457/1457/1457 1491/1491/1491
f 1494/1494/1494 1461/1461/1461 1458/1458/1458
f 1458/1458/1458 1493/1493/1493 1494/1494/1494
f 1482/1482/1482 1479/1479/1479 1493/1493/1493
f 1493/1493/1493 1491/1491/1491 1482/1482/1482
f 1494/1494/1494 1495/1495/1495 1462/1462/1462
f 1462/1462/1462 1461/1461/1461 1494/1494/1494
f 1495/1495/1495 1496/1496/1496 1464/1464/1464
f 1464/1464/1464 1462/1462/1462 1495/1495/1495
f 1479/1479/1479 1482/1482/1482 1476/1476/1476
f 1479/1479/1479 1478/1478/1478 1497/1497/1497
f 1497/1497/1497 1498/1498/1498 1479/1479/1479
f 1498/1498/1498 1497/1497/1497 1499/1499/1499
f 1499/1499/1499 1496/1496/1496 1498/1498/1498
f 1499/1499/1499 1469/1469/1469 1464/1464/1464
f 1464/1464/1464 1496/1496/1496 1499/1499/1499
f 1469/1469/1469 1499/1499/1499 1500/1500/1500
f 1500/1500/1500 1470/1470/1470 1469/1469/1469
f 1487/1487/1487 1448/1448/1448 1472/1472/1472
f 1472/1472/1472 1490/1490/1490 1487/1487/1487
f 1490/1490/1490 1472/1472/1472 1474/1474/1474
f 1474/1474/1474 1501/1501/1501 1490/1490/1490
f 1489/1489/1489 1490/1490/1490 1501/1501/1501
f 1501/1501/1501 1502/1502/1502 1489/1489/1489
f 1470/1470/1470 1500/1500/1500 1501/1501/1501
f 1501/1501/1501 1474/1474/1474 1470/1470/1470
f 1500/1500/1500 1502/1502/1502 1501/1501/1501
f 1500/1500/1500 1499/1499/1499 1497/1497/1497
f 1497/1497/1497 1502/1502/1502 1500/1500/1500
f 1497/1497/1497 1478/1478/1478 1489/1489/1489
f 1489/1489/1489 1502/1502/1502 1497/1497/1497
f 1496/1496/1496 1495/1495/1495 1494/1494/1494
f 1494/1494/1494 1498/1498/1498 1496/1496/1496
f 1498/1498/1498 1494/1494/1494 1493/1493/1493
f 1493/1493/1493 1479/1479/1479 1498/1498/1498
f 1455/1455/1455 1436/1436/1436 1440/1440/1440
f 1440/1440/1440 1442/1442/1442 1455/1455/1455
f 1483/1483/1483 1503/1503/1503 1480/1480/1480
f 1445/1445/1445 1451/1451/1451 1447/1447/1447
f 1447/1447/1447 1446/1446/1446 1445/1445/1445
f 1487/1487/1487 1488/1488/1488 1486/1486/1486
f 1486/1486/1486 1485/1485/1485 1487/1487/1487
f 1504/1504/1504 1505/1505/1505 1506/1506/1506
f 1506/1506/1506 1507/1507/1507 1504/1504/1504
f 1508/1508/1508 1509/1509/1509 1510/1510/1510
f 1510/1510/1510 1511/1511/1511 1508/1508/1508
f 1512/1512/1512 1513/1513/1513 1514/1514/1514
f 1514/1514/1514 1515/1515/1515 1512/1512/1512
f 1512/1512/1512 1516/1516/1516 1517/1517/1517
f 1517/1517/1517 1513/1513/1513 1512/1512/1512
f 1516/1516/1516 1512/1512/1512 1518/1518/1518
f 1518/1518/1518 1519/1519/1519 1516/1516/1516
f 1520/1520/1520 1521/1521/1521 1522/1522/1522
f 1522/1522/1522 1523/1523/1523 1520/1520/1520
f 1524/1524/1524 1525/1525/1525 1526/1526/1526
f 1526/1526/1526 1527/1527/1527 1524/1524/1524
f 1524/1524/1524 1527/1527/1527 1505/1505/1505
f 1505/1505/1505 1504/1504/1504 1524/1524/1524
f 1523/1523/1523 1511/1511/1511 1510/1510/1510
f 1510/1510/1510 1520/1520/1520 1523/1523/1523
f 1528/1528/1528 1529/1529/1529 1530/1530/1530
f 1530/1530/1530 1531/1531/1531 1528/1528/1528
f 1521/1521/1521 1532/1532/1532 1533/1533/1533
f 1533/1533/1533 1522/1522/1522 1521/1521/1521
f 1518/1518/1518 1531/1531/1531 1530/1530/1530
f 1530/1530/1530 1519/1519/1519 1518/1518/1518
f 1512/1512/1512 1515/1515/1515 1534/1534/1534
f 1534/1534/1534 1518/1518/1518 1512/1512/1512
f 1535/1535/1535 1536/1536/1536 1537/1537/1537
f 1537/1537/1537 1538/1538/1538 1535/1535/1535
f 1539/1539/1539 1540/1540/1540 1541/1541/1541
f 1541/1541/1541 1542/1542/1542 1539/1539/1539
f 1535/1535/1535 1543/1543/1543 1544/1544/1544
f 1544/1544/1544 1536/1536/1536 1535/1535/1535
f 1538/1538/1538 1537/1537/1537 1545/1545/1545
f 1545/1545/1545 1546/1546/1546 1538/1538/1538
f 1545/1545/1545 1547/1547/1547 1548/1548/1548
f 1548/1548/1548 1546/1546/1546 1545/1545/1545
f 1549/1549/1549 1550/1550/1550 1551/1551/1551
f 1551/1551/1551 1552/1552/1552 1549/1549/1549
f 1542/1542/1542 1541/1541/1541 1550/1550/1550
f 1550/1550/1550 1549/1549/1549 1542/1542/1542
f 1531/1531/1531 1553/1553/1553 1554/1554/1554
f 1554/1554/1554 1528/1528/1528 1531/1531/1531
f 1531/1531/1531 1518/1518/1518 1534/1534/1534
f 1534/1534/1534 1553/1553/1553 1531/1531/1531
f 1517/1517/1517 1555/1555/1555 1556/1556/1556
f 1556/1556/1556 1513/1513/1513 1517/1517/1517
f 1557/1557/1557 1558/1558/1558 1559/1559/1559
f 1559/1559/1559 1560/1560/1560 1557/1557/1557
f 1561/1561/1561 1562/1562/1562 1563/1563/1563
f 1564/1564/1564 1563/1563/1563 1565/1565/1565
f 1565/1565/1565 1566/1566/1566 1564/1564/1564
f 1567/1567/1567 1568/1568/1568 1569/1569/1569
f 1569/1569/1569 1557/1557/1557 1567/1567/1567
f 1561/1561/1561 1570/1570/1570 1571/1571/1571
f 1571/1571/1571 1572/1572/1572 1561/1561/1561
f 1561/1561/1561 1572/1572/1572 1573/1573/1573
f 1573/1573/1573 1562/1562/1562 1561/1561/1561
f 1556/1556/1556 1555/1555/1555 1563/1563/1563
f 1563/1563/1563 1564/1564/1564 1556/1556/1556
f 1574/1574/1574 1575/1575/1575 1556/1556/1556
f 1556/1556/1556 1564/1564/1564 1574/1574/1574
f 1576/1576/1576 1559/1559/1559 1558/1558/1558
f 1558/1558/1558 1577/1577/1577 1576/1576/1576
f 1514/1514/1514 1513/1513/1513 1556/1556/1556
f 1556/1556/1556 1575/1575/1575 1514/1514/1514
f 1578/1578/1578 1579/1579/1579 1580/1580/1580
f 1580/1580/1580 1581/1581/1581 1578/1578/1578
f 1505/1505/1505 1527/1527/1527 1582/1582/1582
f 1582/1582/1582 1583/1583/1583 1505/1505/1505
f 1527/1527/1527 1526/1526/1526 1584/1584/1584
f 1584/1584/1584 1582/1582/1582 1527/1527/1527
f 1584/1584/1584 1526/1526/1526 1585/1585/1585
f 1585/1585/1585 1586/1586/1586 1584/1584/1584
f 1585/1585/1585 1526/1526/1526 1525/1525/1525
f 1525/1525/1525 1587/1587/1587 1585/1585/1585
f 1587/1587/1587 1588/1588/1588 1589/1589/1589
f 1589/1589/1589 1585/1585/1585 1587/1587/1587
f 1528/1528/1528 1590/1590/1590 1529/1529/1529
f 1533/1533/1533 1532/1532/1532 1591/1591/1591
f 1591/1591/1591 1592/1592/1592 1533/1533/1533
f 1585/1585/1585 1589/1589/1589 1593/1593/1593
f 1593/1593/1593 1586/1586/1586 1585/1585/1585
f 1586/1586/1586 1594/1594/1594 1595/1595/1595
f 1594/1594/1594 1586/1586/1586 1593/1593/1593
f 1593/1593/1593 1596/1596/1596 1594/1594/1594
f 1597/1597/1597 1589/1589/1589 1588/1588/1588
f 1588/1588/1588 1598/1598/1598 1597/1597/1597
f 1597/1597/1597 1599/1599/1599 1593/1593/1593
f 1593/1593/1593 1589/1589/1589 1597/1597/1597
f 1598/1598/1598 1600/1600/1600 1601/1601/1601
f 1601/1601/1601 1597/1597/1597 1598/1598/1598
f 1601/1601/1601 1602/1602/1602 1599/1599/1599
f 1599/1599/1599 1597/1597/1597 1601/1601/1601
f 1586/1586/1586 1595/1595/1595 1603/1603/1603
f 1603/1603/1603 1584/1584/1584 1586/1586/1586
f 1604/1604/1604 1605/1605/1605 1603/1603/1603
f 1603/1603/1603 1595/1595/1595 1604/1604/1604
f 1594/1594/1594 1606/1606/1606 1604/1604/1604
f 1604/1604/1604 1595/1595/1595 1594/1594/1594
f 1606/1606/1606 1594/1594/1594 1596/1596/1596
f 1596/1596/1596 1607/1607/1607 1606/1606/1606
f 1608/1608/1608 1607/1607/1607 1609/1609/1609
f 1609/1609/1609 1610/1610/1610 1608/1608/1608
f 1611/1611/1611 1606/1606/1606 1607/1607/1607
f 1607/1607/1607 1608/1608/1608 1611/1611/1611
f 1596/1596/1596 1612/1612/1612 1609/1609/1609
f 1609/1609/1609 1607/1607/1607 1596/1596/1596
f 1613/1613/1613 1603/1603/1603 1605/1605/1605
f 1605/1605/1605 1614/1614/1614 1613/1613/1613
f 1614/1614/1614 1615/1615/1615 1616/1616/1616
f 1616/1616/1616 1613/1613/1613 1614/1614/1614
f 1583/1583/1583 1582/1582/1582 1613/1613/1613
f 1613/1613/1613 1616/1616/1616 1583/1583/1583
f 1615/1615/1615 1617/1617/1617 1618/1618/1618
f 1618/1618/1618 1616/1616/1616 1615/1615/1615
f 1618/1618/1618 1583/1583/1583 1616/1616/1616
f 1603/1603/1603 1613/1613/1613 1582/1582/1582
f 1582/1582/1582 1584/1584/1584 1603/1603/1603
f 1506/1506/1506 1505/1505/1505 1583/1583/1583
f 1583/1583/1583 1571/1571/1571 1506/1506/1506
f 1506/1506/1506 1571/1571/1571 1570/1570/1570
f 1570/1570/1570 1507/1507/1507 1506/1506/1506
f 1610/1610/1610 1619/1619/1619 1620/1620/1620
f 1620/1620/1620 1621/1621/1621 1610/1610/1610
f 1610/1610/1610 1621/1621/1621 1622/1622/1622
f 1622/1622/1622 1608/1608/1608 1610/1610/1610
f 1621/1621/1621 1623/1623/1623 1624/1624/1624
f 1624/1624/1624 1622/1622/1622 1621/1621/1621
f 1315/1315/1315 1317/1317/1317 1625/1625/1625
f 1625/1625/1625 1624/1624/1624 1315/1315/1315
f 1318/1318/1318 1626/1626/1626 1627/1627/1627
f 1627/1627/1627 1319/1319/1319 1318/1318/1318
f 1628/1628/1628 1629/1629/1629 1627/1627/1627
f 1627/1627/1627 1626/1626/1626 1628/1628/1628
f 1620/1620/1620 1630/1630/1630 1628/1628/1628
f 1628/1628/1628 1621/1621/1621 1620/1620/1620
f 1619/1619/1619 1631/1631/1631 1632/1632/1632
f 1632/1632/1632 1620/1620/1620 1619/1619/1619
f 1632/1632/1632 1633/1633/1633 1630/1630/1630
f 1630/1630/1630 1620/1620/1620 1632/1632/1632
f 1629/1629/1629 1628/1628/1628 1630/1630/1630
f 1630/1630/1630 1634/1634/1634 1629/1629/1629
f 1629/1629/1629 1634/1634/1634 1329/1329/1329
f 1329/1329/1329 1627/1627/1627 1629/1629/1629
f 1621/1621/1621 1628/1628/1628 1626/1626/1626
f 1626/1626/1626 1623/1623/1623 1621/1621/1621
f 1626/1626/1626 1318/1318/1318 1330/1330/1330
f 1330/1330/1330 1623/1623/1623 1626/1626/1626
f 1330/1330/1330 1315/1315/1315 1624/1624/1624
f 1624/1624/1624 1623/1623/1623 1330/1330/1330
f 1625/1625/1625 1635/1635/1635 1622/1622/1622
f 1622/1622/1622 1624/1624/1624 1625/1625/1625
f 1635/1635/1635 1611/1611/1611 1608/1608/1608
f 1608/1608/1608 1622/1622/1622 1635/1635/1635
f 1619/1619/1619 1610/1610/1610 1609/1609/1609
f 1609/1609/1609 1636/1636/1636 1619/1619/1619
f 1636/1636/1636 1609/1609/1609 1612/1612/1612
f 1612/1612/1612 1637/1637/1637 1636/1636/1636
f 1602/1602/1602 1637/1637/1637 1612/1612/1612
f 1612/1612/1612 1599/1599/1599 1602/1602/1602
f 1638/1638/1638 1639/1639/1639 1637/1637/1637
f 1637/1637/1637 1602/1602/1602 1638/1638/1638
f 1638/1638/1638 1640/1640/1640 1641/1641/1641
f 1641/1641/1641 1639/1639/1639 1638/1638/1638
f 1639/1639/1639 1641/1641/1641 1642/1642/1642
f 1642/1642/1642 1643/1643/1643 1639/1639/1639
f 1639/1639/1639 1643/1643/1643 1636/1636/1636
f 1636/1636/1636 1637/1637/1637 1639/1639/1639
f 1644/1644/1644 1631/1631/1631 1643/1643/1643
f 1643/1643/1643 1642/1642/1642 1644/1644/1644
f 1644/1644/1644 1642/1642/1642 1645/1645/1645
f 1644/1644/1644 1645/1645/1645 1646/1646/1646
f 1646/1646/1646 1647/1647/1647 1644/1644/1644
f 1631/1631/1631 1644/1644/1644 1647/1647/1647
f 1647/1647/1647 1632/1632/1632 1631/1631/1631
f 1642/1642/1642 1648/1648/1648 1645/1645/1645
f 1649/1649/1649 1648/1648/1648 1642/1642/1642
f 1642/1642/1642 1641/1641/1641 1649/1649/1649
f 1619/1619/1619 1636/1636/1636 1643/1643/1643
f 1643/1643/1643 1631/1631/1631 1619/1619/1619
f 1650/1650/1650 1640/1640/1640 1651/1651/1651
f 1651/1651/1651 1652/1652/1652 1650/1650/1650
f 1649/1649/1649 1650/1650/1650 1653/1653/1653
f 1653/1653/1653 1654/1654/1654 1649/1649/1649
f 1653/1653/1653 1551/1551/1551 1550/1550/1550
f 1550/1550/1550 1655/1655/1655 1653/1653/1653
f 1655/1655/1655 1656/1656/1656 1654/1654/1654
f 1654/1654/1654 1653/1653/1653 1655/1655/1655
f 1657/1657/1657 1654/1654/1654 1656/1656/1656
f 1656/1656/1656 1658/1658/1658 1657/1657/1657
f 1658/1658/1658 1656/1656/1656 1659/1659/1659
f 1659/1659/1659 1660/1660/1660 1658/1658/1658
f 1649/1649/1649 1654/1654/1654 1657/1657/1657
f 1657/1657/1657 1648/1648/1648 1649/1649/1649
f 1650/1650/1650 1649/1649/1649 1641/1641/1641
f 1641/1641/1641 1640/1640/1640 1650/1650/1650
f 1652/1652/1652 1551/1551/1551 1653/1653/1653
f 1653/1653/1653 1650/1650/1650 1652/1652/1652
f 1661/1661/1661 1552/1552/1552 1551/1551/1551
f 1551/1551/1551 1652/1652/1652 1661/1661/1661
f 1651/1651/1651 1662/1662/1662 1661/1661/1661
f 1661/1661/1661 1652/1652/1652 1651/1651/1651
f 1638/1638/1638 1651/1651/1651 1640/1640/1640
f 1601/1601/1601 1651/1651/1651 1638/1638/1638
f 1638/1638/1638 1602/1602/1602 1601/1601/1601
f 1662/1662/1662 1651/1651/1651 1601/1601/1601
f 1601/1601/1601 1600/1600/1600 1662/1662/1662
f 1663/1663/1663 1664/1664/1664 1665/1665/1665
f 1665/1665/1665 1666/1666/1666 1663/1663/1663
f 1667/1667/1667 1668/1668/1668 1528/1528/1528
f 1528/1528/1528 1669/1669/1669 1667/1667/1667
f 1666/1666/1666 1670/1670/1670 1671/1671/1671
f 1671/1671/1671 1663/1663/1663 1666/1666/1666
f 1664/1664/1664 1548/1548/1548 1547/1547/1547
f 1547/1547/1547 1665/1665/1665 1664/1664/1664
f 1672/1672/1672 1673/1673/1673 1674/1674/1674
f 1674/1674/1674 1675/1675/1675 1672/1672/1672
f 1676/1676/1676 1677/1677/1677 1678/1678/1678
f 1678/1678/1678 1679/1679/1679 1676/1676/1676
f 1680/1680/1680 1681/1681/1681 1682/1682/1682
f 1682/1682/1682 1683/1683/1683 1680/1680/1680
f 1684/1684/1684 1683/1683/1683 1682/1682/1682
f 1682/1682/1682 1685/1685/1685 1684/1684/1684
f 1686/1686/1686 1687/1687/1687 1688/1688/1688
f 1688/1688/1688 1689/1689/1689 1686/1686/1686
f 1690/1690/1690 1691/1691/1691 1692/1692/1692
f 1692/1692/1692 1693/1693/1693 1690/1690/1690
f 1694/1694/1694 1695/1695/1695 1693/1693/1693
f 1693/1693/1693 1692/1692/1692 1694/1694/1694
f 1695/1695/1695 1694/1694/1694 1565/1565/1565
f 1565/1565/1565 1696/1696/1696 1695/1695/1695
f 1679/1679/1679 1697/1697/1697 1694/1694/1694
f 1694/1694/1694 1692/1692/1692 1679/1679/1679
f 1697/1697/1697 1566/1566/1566 1565/1565/1565
f 1565/1565/1565 1694/1694/1694 1697/1697/1697
f 1679/1679/1679 1692/1692/1692 1691/1691/1691
f 1691/1691/1691 1676/1676/1676 1679/1679/1679
f 1678/1678/1678 1677/1677/1677 1698/1698/1698
f 1698/1698/1698 1699/1699/1699 1678/1678/1678
f 1700/1700/1700 1678/1678/1678 1699/1699/1699
f 1699/1699/1699 1701/1701/1701 1700/1700/1700
f 1700/1700/1700 1701/1701/1701 1702/1702/1702
f 1702/1702/1702 1703/1703/1703 1700/1700/1700
f 1700/1700/1700 1703/1703/1703 1566/1566/1566
f 1566/1566/1566 1697/1697/1697 1700/1700/1700
f 1704/1704/1704 1705/1705/1705 1706/1706/1706
f 1706/1706/1706 1707/1707/1707 1704/1704/1704
f 1708/1708/1708 1574/1574/1574 1709/1709/1709
f 1710/1710/1710 1708/1708/1708 1709/1709/1709
f 1709/1709/1709 1711/1711/1711 1710/1710/1710
f 1712/1712/1712 1713/1713/1713 1714/1714/1714
f 1714/1714/1714 1715/1715/1715 1712/1712/1712
f 1580/1580/1580 1704/1704/1704 1716/1716/1716
f 1716/1716/1716 1581/1581/1581 1580/1580/1580
f 1564/1564/1564 1566/1566/1566 1703/1703/1703
f 1703/1703/1703 1574/1574/1574 1564/1564/1564
f 1697/1697/1697 1679/1679/1679 1678/1678/1678
f 1678/1678/1678 1700/1700/1700 1697/1697/1697
f 1717/1717/1717 1718/1718/1718 1415/1415/1415
f 1415/1415/1415 1414/1414/1414 1717/1717/1717
f 1633/1633/1633 1718/1718/1718 1717/1717/1717
f 1717/1717/1717 1719/1719/1719 1633/1633/1633
f 1719/1719/1719 1717/1717/1717 1329/1329/1329
f 1329/1329/1329 1634/1634/1634 1719/1719/1719
f 1634/1634/1634 1630/1630/1630 1633/1633/1633
f 1633/1633/1633 1719/1719/1719 1634/1634/1634
f 1418/1418/1418 1415/1415/1415 1718/1718/1718
f 1718/1718/1718 1720/1720/1720 1418/1418/1418
f 1632/1632/1632 1720/1720/1720 1718/1718/1718
f 1718/1718/1718 1633/1633/1633 1632/1632/1632
f 1720/1720/1720 1647/1647/1647 1420/1420/1420
f 1420/1420/1420 1418/1418/1418 1720/1720/1720
f 1646/1646/1646 1421/1421/1421 1420/1420/1420
f 1420/1420/1420 1647/1647/1647 1646/1646/1646
f 1647/1647/1647 1720/1720/1720 1632/1632/1632
f 1721/1721/1721 1540/1540/1540 1539/1539/1539
f 1539/1539/1539 1722/1722/1722 1721/1721/1721
f 1540/1540/1540 1721/1721/1721 1723/1723/1723
f 1723/1723/1723 1724/1724/1724 1540/1540/1540
f 1725/1725/1725 1724/1724/1724 1726/1726/1726
f 1727/1727/1727 1724/1724/1724 1725/1725/1725
f 1725/1725/1725 1659/1659/1659 1727/1727/1727
f 1541/1541/1541 1540/1540/1540 1724/1724/1724
f 1724/1724/1724 1727/1727/1727 1541/1541/1541
f 1659/1659/1659 1656/1656/1656 1655/1655/1655
f 1655/1655/1655 1727/1727/1727 1659/1659/1659
f 1655/1655/1655 1550/1550/1550 1541/1541/1541
f 1541/1541/1541 1727/1727/1727 1655/1655/1655
f 1660/1660/1660 1659/1659/1659 1725/1725/1725
f 1725/1725/1725 1728/1728/1728 1660/1660/1660
f 1726/1726/1726 1729/1729/1729 1728/1728/1728
f 1728/1728/1728 1725/1725/1725 1726/1726/1726
f 1723/1723/1723 1710/1710/1710 1726/1726/1726
f 1726/1726/1726 1724/1724/1724 1723/1723/1723
f 1710/1710/1710 1711/1711/1711 1729/1729/1729
f 1729/1729/1729 1726/1726/1726 1710/1710/1710
f 1712/1712/1712 1715/1715/1715 1730/1730/1730
f 1730/1730/1730 1731/1731/1731 1712/1712/1712
f 1573/1573/1573 1572/1572/1572 1618/1618/1618
f 1618/1618/1618 1617/1617/1617 1573/1573/1573
f 1572/1572/1572 1571/1571/1571 1583/1583/1583
f 1583/1583/1583 1618/1618/1618 1572/1572/1572
f 1670/1670/1670 1732/1732/1732 1733/1733/1733
f 1733/1733/1733 1671/1671/1671 1670/1670/1670
f 1668/1668/1668 1734/1734/1734 1590/1590/1590
f 1590/1590/1590 1528/1528/1528 1668/1668/1668
f 1732/1732/1732 1592/1592/1592 1591/1591/1591
f 1591/1591/1591 1733/1733/1733 1732/1732/1732
f 1528/1528/1528 1554/1554/1554 1669/1669/1669
f 1612/1612/1612 1596/1596/1596 1593/1593/1593
f 1593/1593/1593 1599/1599/1599 1612/1612/1612
f 1627/1627/1627 1329/1329/1329 1319/1319/1319
f 1329/1329/1329 1717/1717/1717 1414/1414/1414
f 918/918/918 904/904/904 914/914/914
f 914/914/914 913/913/913 918/918/918
f 904/904/904 903/903/903 917/917/917
f 917/917/917 914/914/914 904/904/904
f 919/919/919 921/921/921 949/949/949
f 949/949/949 948/948/948 919/919/919
f 947/947/947 916/916/916 917/917/917
f 917/917/917 948/948/948 947/947/947
f 1077/1077/1077 1068/1068/1068 1083/1083/1083
f 1083/1083/1083 1078/1078/1078 1077/1077/1077
f 1082/1082/1082 1069/1069/1069 1068/1068/1068
f 1068/1068/1068 1077/1077/1077 1082/1082/1082
f 1112/1112/1112 1085/1085/1085 1084/1084/1084
f 1084/1084/1084 1113/1113/1113 1112/1112/1112
f 1082/1082/1082 1081/1081/1081 1114/1114/1114
f 1114/1114/1114 1113/1113/1113 1082/1082/1082
f 1735/1735/1735 1736/1736/1736 1737/1737/1737
f 1735/1735/1735 1738/1738/1738 1739/1739/1739
f 1740/1740/1740 1741/1741/1741 1742/1742/1742
f 1742/1742/1742 1743/1743/1743 1740/1740/1740
f 1744/1744/1744 1745/1745/1745 1746/1746/1746
f 1746/1746/1746 1747/1747/1747 1744/1744/1744
f 1748/1748/1748 1749/1749/1749 1750/1750/1750
f 1750/1750/1750 1751/1751/1751 1748/1748/1748
f 1750/1750/1750 1749/1749/1749 1752/1752/1752
f 1752/1752/1752 1753/1753/1753 1750/1750/1750
f 1752/1752/1752 1754/1754/1754 1755/1755/1755
f 1755/1755/1755 1753/1753/1753 1752/1752/1752
f 1751/1751/1751 1746/1746/1746 1745/1745/1745
f 1745/1745/1745 1748/1748/1748 1751/1751/1751
f 1756/1756/1756 1757/1757/1757 1758/1758/1758
f 1758/1758/1758 1759/1759/1759 1756/1756/1756
f 1759/1759/1759 1758/1758/1758 1760/1760/1760
f 1760/1760/1760 1761/1761/1761 1759/1759/1759
f 1762/1762/1762 1763/1763/1763 1764/1764/1764
f 1764/1764/1764 1765/1765/1765 1762/1762/1762
f 1766/1766/1766 1767/1767/1767 1768/1768/1768
f 1768/1768/1768 1769/1769/1769 1766/1766/1766
f 1770/1770/1770 1771/1771/1771 1766/1766/1766
f 1766/1766/1766 1769/1769/1769 1770/1770/1770
f 1772/1772/1772 1773/1773/1773 1771/1771/1771
f 1771/1771/1771 1770/1770/1770 1772/1772/1772
f 1774/1774/1774 1775/1775/1775 1761/1761/1761
f 1761/1761/1761 1760/1760/1760 1774/1774/1774
f 1776/1776/1776 1777/1777/1777 1778/1778/1778
f 1778/1778/1778 1779/1779/1779 1776/1776/1776
f 1780/1780/1780 1781/1781/1781 1782/1782/1782
f 1782/1782/1782 1783/1783/1783 1780/1780/1780
f 1784/1784/1784 1785/1785/1785 1786/1786/1786
f 1786/1786/1786 1787/1787/1787 1784/1784/1784
f 1788/1788/1788 1789/1789/1789 1781/1781/1781
f 1781/1781/1781 1780/1780/1780 1788/1788/1788
f 1788/1788/1788 1790/1790/1790 1791/1791/1791
f 1791/1791/1791 1789/1789/1789 1788/1788/1788
f 1791/1791/1791 1790/1790/1790 1792/1792/1792
f 1792/1792/1792 1793/1793/1793 1791/1791/1791
f 1794/1794/1794 1795/1795/1795 1796/1796/1796
f 1796/1796/1796 1797/1797/1797 1794/1794/1794
f 1757/1757/1757 1756/1756/1756 1762/1762/1762
f 1762/1762/1762 1765/1765/1765 1757/1757/1757
f 1798/1798/1798 1799/1799/1799 1785/1785/1785
f 1785/1785/1785 1784/1784/1784 1798/1798/1798
f 1777/1777/1777 1800/1800/1800 1801/1801/1801
f 1801/1801/1801 1778/1778/1778 1777/1777/1777
f 1802/1802/1802 1803/1803/1803 1794/1794/1794
f 1794/1794/1794 1797/1797/1797 1802/1802/1802
f 1791/1791/1791 1793/1793/1793 1804/1804/1804
f 1804/1804/1804 1805/1805/1805 1791/1791/1791
f 1789/1789/1789 1791/1791/1791 1805/1805/1805
f 1805/1805/1805 1806/1806/1806 1789/1789/1789
f 1781/1781/1781 1789/1789/1789 1806/1806/1806
f 1806/1806/1806 1807/1807/1807 1781/1781/1781
f 1782/1782/1782 1781/1781/1781 1807/1807/1807
f 1807/1807/1807 1808/1808/1808 1782/1782/1782
f 1765/1765/1765 1798/1798/1798 1808/1808/1808
f 1804/1804/1804 1803/1803/1803 1802/1802/1802
f 1802/1802/1802 1772/1772/1772 1804/1804/1804
f 1772/1772/1772 1770/1770/1770 1805/1805/1805
f 1805/1805/1805 1804/1804/1804 1772/1772/1772
f 1770/1770/1770 1769/1769/1769 1806/1806/1806
f 1806/1806/1806 1805/1805/1805 1770/1770/1770
f 1769/1769/1769 1768/1768/1768 1807/1807/1807
f 1807/1807/1807 1806/1806/1806 1769/1769/1769
f 1793/1793/1793 1794/1794/1794 1803/1803/1803
f 1803/1803/1803 1804/1804/1804 1793/1793/1793
f 1795/1795/1795 1794/1794/1794 1793/1793/1793
f 1793/1793/1793 1792/1792/1792 1795/1795/1795
f 1782/1782/1782 1784/1784/1784 1787/1787/1787
f 1787/1787/1787 1783/1783/1783 1782/1782/1782
f 1808/1808/1808 1798/1798/1798 1784/1784/1784
f 1784/1784/1784 1782/1782/1782 1808/1808/1808
f 1799/1799/1799 1798/1798/1798 1765/1765/1765
f 1765/1765/1765 1764/1764/1764 1799/1799/1799
f 1809/1809/1809 1810/1810/1810 1811/1811/1811
f 1811/1811/1811 1812/1812/1812 1809/1809/1809
f 1813/1813/1813 1812/1812/1812 1814/1814/1814
f 1815/1815/1815 1743/1743/1743 1816/1816/1816
f 1817/1817/1817 1818/1818/1818 1819/1819/1819
f 1819/1819/1819 1820/1820/1820 1817/1817/1817
f 1821/1821/1821 1822/1822/1822 1823/1823/1823
f 1823/1823/1823 1824/1824/1824 1821/1821/1821
f 1821/1821/1821 1824/1824/1824 1825/1825/1825
f 1825/1825/1825 1826/1826/1826 1821/1821/1821
f 1826/1826/1826 1825/1825/1825 1755/1755/1755
f 1755/1755/1755 1754/1754/1754 1826/1826/1826
f 1823/1823/1823 1822/1822/1822 1820/1820/1820
f 1820/1820/1820 1819/1819/1819 1823/1823/1823
f 1827/1827/1827 1828/1828/1828 1829/1829/1829
f 1829/1829/1829 1830/1830/1830 1827/1827/1827
f 1831/1831/1831 1827/1827/1827 1830/1830/1830
f 1830/1830/1830 1832/1832/1832 1831/1831/1831
f 1833/1833/1833 1834/1834/1834 1835/1835/1835
f 1835/1835/1835 1836/1836/1836 1833/1833/1833
f 1832/1832/1832 1775/1775/1775 1774/1774/1774
f 1774/1774/1774 1831/1831/1831 1832/1832/1832
f 1837/1837/1837 1838/1838/1838 1839/1839/1839
f 1840/1840/1840 1841/1841/1841 1842/1842/1842
f 1842/1842/1842 1843/1843/1843 1840/1840/1840
f 1776/1776/1776 1844/1844/1844 1845/1845/1845
f 1845/1845/1845 1777/1777/1777 1776/1776/1776
f 1846/1846/1846 1847/1847/1847 1848/1848/1848
f 1848/1848/1848 1849/1849/1849 1846/1846/1846
f 1850/1850/1850 1851/1851/1851 1852/1852/1852
f 1852/1852/1852 1853/1853/1853 1850/1850/1850
f 1854/1854/1854 1846/1846/1846 1849/1849/1849
f 1849/1849/1849 1855/1855/1855 1854/1854/1854
f 1854/1854/1854 1855/1855/1855 1856/1856/1856
f 1856/1856/1856 1857/1857/1857 1854/1854/1854
f 1856/1856/1856 1858/1858/1858 1859/1859/1859
f 1859/1859/1859 1857/1857/1857 1856/1856/1856
f 1860/1860/1860 1841/1841/1841 1840/1840/1840
f 1840/1840/1840 1861/1861/1861 1860/1860/1860
f 1833/1833/1833 1829/1829/1829 1828/1828/1828
f 1828/1828/1828 1834/1834/1834 1833/1833/1833
f 1862/1862/1862 1850/1850/1850 1853/1853/1853
f 1853/1853/1853 1863/1863/1863 1862/1862/1862
f 1845/1845/1845 1864/1864/1864 1800/1800/1800
f 1800/1800/1800 1777/1777/1777 1845/1845/1845
f 1842/1842/1842 1841/1841/1841 1838/1838/1838
f 1838/1838/1838 1837/1837/1837 1842/1842/1842
f 1838/1838/1838 1841/1841/1841 1860/1860/1860
f 1860/1860/1860 1865/1865/1865 1838/1838/1838
f 1856/1856/1856 1866/1866/1866 1867/1867/1867
f 1867/1867/1867 1858/1858/1858 1856/1856/1856
f 1855/1855/1855 1868/1868/1868 1866/1866/1866
f 1866/1866/1866 1856/1856/1856 1855/1855/1855
f 1849/1849/1849 1869/1869/1869 1868/1868/1868
f 1868/1868/1868 1855/1855/1855 1849/1849/1849
f 1848/1848/1848 1870/1870/1870 1869/1869/1869
f 1869/1869/1869 1849/1849/1849 1848/1848/1848
f 1834/1834/1834 1870/1870/1870 1862/1862/1862
f 1838/1838/1838 1865/1865/1865 1867/1867/1867
f 1867/1867/1867 1839/1839/1839 1838/1838/1838
f 1839/1839/1839 1867/1867/1867 1866/1866/1866
f 1866/1866/1866 1871/1871/1871 1839/1839/1839
f 1871/1871/1871 1866/1866/1866 1868/1868/1868
f 1868/1868/1868 1872/1872/1872 1871/1871/1871
f 1872/1872/1872 1868/1868/1868 1869/1869/1869
f 1869/1869/1869 1873/1873/1873 1872/1872/1872
f 1858/1858/1858 1867/1867/1867 1865/1865/1865
f 1865/1865/1865 1860/1860/1860 1858/1858/1858
f 1861/1861/1861 1859/1859/1859 1858/1858/1858
f 1858/1858/1858 1860/1860/1860 1861/1861/1861
f 1848/1848/1848 1847/1847/1847 1851/1851/1851
f 1851/1851/1851 1850/1850/1850 1848/1848/1848
f 1870/1870/1870 1848/1848/1848 1850/1850/1850
f 1850/1850/1850 1862/1862/1862 1870/1870/1870
f 1863/1863/1863 1835/1835/1835 1834/1834/1834
f 1834/1834/1834 1862/1862/1862 1863/1863/1863
f 1742/1742/1742 1741/1741/1741 1874/1874/1874
f 1874/1874/1874 1875/1875/1875 1742/1742/1742
f 1813/1813/1813 1876/1876/1876 1877/1877/1877
f 1877/1877/1877 1878/1878/1878 1813/1813/1813
f 1876/1876/1876 1813/1813/1813 1814/1814/1814
f 1878/1878/1878 1877/1877/1877 1816/1816/1816
f 1816/1816/1816 1743/1743/1743 1878/1878/1878
f 1743/1743/1743 1815/1815/1815 1740/1740/1740
f 1773/1773/1773 1772/1772/1772 1879/1879/1879
f 1879/1879/1879 1880/1880/1880 1773/1773/1773
f 1881/1881/1881 1882/1882/1882 1864/1864/1864
f 1864/1864/1864 1845/1845/1845 1881/1881/1881
f 1881/1881/1881 1845/1845/1845 1844/1844/1844
f 1844/1844/1844 1883/1883/1883 1881/1881/1881
f 1880/1880/1880 1879/1879/1879 1884/1884/1884
f 1884/1884/1884 1885/1885/1885 1880/1880/1880
f 1884/1884/1884 1886/1886/1886 1887/1887/1887
f 1887/1887/1887 1885/1885/1885 1884/1884/1884
f 1888/1888/1888 1889/1889/1889 1890/1890/1890
f 1890/1890/1890 1891/1891/1891 1888/1888/1888
f 1892/1892/1892 1893/1893/1893 1894/1894/1894
f 1894/1894/1894 1895/1895/1895 1892/1892/1892
f 1892/1892/1892 1895/1895/1895 1896/1896/1896
f 1896/1896/1896 1897/1897/1897 1892/1892/1892
f 1898/1898/1898 1899/1899/1899 1894/1894/1894
f 1894/1894/1894 1893/1893/1893 1898/1898/1898
f 1893/1893/1893 1892/1892/1892 1900/1900/1900
f 1900/1900/1900 1898/1898/1898 1893/1893/1893
f 1892/1892/1892 1897/1897/1897 1901/1901/1901
f 1901/1901/1901 1900/1900/1900 1892/1892/1892
f 1897/1897/1897 1896/1896/1896 1902/1902/1902
f 1902/1902/1902 1903/1903/1903 1897/1897/1897
f 1904/1904/1904 1901/1901/1901 1897/1897/1897
f 1897/1897/1897 1903/1903/1903 1904/1904/1904
f 1905/1905/1905 1906/1906/1906 1903/1903/1903
f 1903/1903/1903 1902/1902/1902 1905/1905/1905
f 1904/1904/1904 1903/1903/1903 1906/1906/1906
f 1906/1906/1906 1907/1907/1907 1904/1904/1904
f 1906/1906/1906 1905/1905/1905 1888/1888/1888
f 1888/1888/1888 1891/1891/1891 1906/1906/1906
f 1907/1907/1907 1906/1906/1906 1891/1891/1891
f 1891/1891/1891 1908/1908/1908 1907/1907/1907
f 1909/1909/1909 1888/1888/1888 1905/1905/1905
f 1905/1905/1905 1910/1910/1910 1909/1909/1909
f 1890/1890/1890 1911/1911/1911 1908/1908/1908
f 1908/1908/1908 1891/1891/1891 1890/1890/1890
f 1912/1912/1912 1911/1911/1911 1890/1890/1890
f 1890/1890/1890 1889/1889/1889 1912/1912/1912
f 1907/1907/1907 1908/1908/1908 1913/1913/1913
f 1913/1913/1913 1914/1914/1914 1907/1907/1907
f 1915/1915/1915 1913/1913/1913 1908/1908/1908
f 1908/1908/1908 1911/1911/1911 1915/1915/1915
f 1907/1907/1907 1914/1914/1914 1916/1916/1916
f 1916/1916/1916 1904/1904/1904 1907/1907/1907
f 1917/1917/1917 1901/1901/1901 1904/1904/1904
f 1904/1904/1904 1916/1916/1916 1917/1917/1917
f 1898/1898/1898 1900/1900/1900 1918/1918/1918
f 1918/1918/1918 1919/1919/1919 1898/1898/1898
f 1919/1919/1919 1920/1920/1920 1899/1899/1899
f 1899/1899/1899 1898/1898/1898 1919/1919/1919
f 1918/1918/1918 1900/1900/1900 1901/1901/1901
f 1901/1901/1901 1917/1917/1917 1918/1918/1918
f 1918/1918/1918 1921/1921/1921 1922/1922/1922
f 1922/1922/1922 1919/1919/1919 1918/1918/1918
f 1917/1917/1917 1923/1923/1923 1921/1921/1921
f 1921/1921/1921 1918/1918/1918 1917/1917/1917
f 1923/1923/1923 1917/1917/1917 1916/1916/1916
f 1916/1916/1916 1924/1924/1924 1923/1923/1923
f 1914/1914/1914 1925/1925/1925 1924/1924/1924
f 1924/1924/1924 1916/1916/1916 1914/1914/1914
f 1913/1913/1913 1926/1926/1926 1925/1925/1925
f 1925/1925/1925 1914/1914/1914 1913/1913/1913
f 1927/1927/1927 1915/1915/1915 1928/1928/1928
f 1928/1928/1928 1929/1929/1929 1927/1927/1927
f 1930/1930/1930 1920/1920/1920 1919/1919/1919
f 1919/1919/1919 1922/1922/1922 1930/1930/1930
f 1928/1928/1928 1915/1915/1915 1911/1911/1911
f 1911/1911/1911 1912/1912/1912 1928/1928/1928
f 1913/1913/1913 1915/1915/1915 1927/1927/1927
f 1927/1927/1927 1926/1926/1926 1913/1913/1913
f 1895/1895/1895 1894/1894/1894 1931/1931/1931
f 1931/1931/1931 1932/1932/1932 1895/1895/1895
f 1931/1931/1931 1894/1894/1894 1899/1899/1899
f 1899/1899/1899 1933/1933/1933 1931/1931/1931
f 1902/1902/1902 1896/1896/1896 1934/1934/1934
f 1934/1934/1934 1935/1935/1935 1902/1902/1902
f 1936/1936/1936 1928/1928/1928 1912/1912/1912
f 1912/1912/1912 1937/1937/1937 1936/1936/1936
f 1938/1938/1938 1939/1939/1939 1940/1940/1940
f 1940/1940/1940 1941/1941/1941 1938/1938/1938
f 1942/1942/1942 1943/1943/1943 1944/1944/1944
f 1944/1944/1944 1945/1945/1945 1942/1942/1942
f 1945/1945/1945 1944/1944/1944 1946/1946/1946
f 1946/1946/1946 1947/1947/1947 1945/1945/1945
f 1942/1942/1942 1948/1948/1948 1949/1949/1949
f 1949/1949/1949 1943/1943/1943 1942/1942/1942
f 1943/1943/1943 1949/1949/1949 1950/1950/1950
f 1950/1950/1950 1944/1944/1944 1943/1943/1943
f 1944/1944/1944 1950/1950/1950 1951/1951/1951
f 1951/1951/1951 1946/1946/1946 1944/1944/1944
f 1947/1947/1947 1946/1946/1946 1952/1952/1952
f 1952/1952/1952 1953/1953/1953 1947/1947/1947
f 1954/1954/1954 1952/1952/1952 1946/1946/1946
f 1946/1946/1946 1951/1951/1951 1954/1954/1954
f 1952/1952/1952 1955/1955/1955 1956/1956/1956
f 1956/1956/1956 1953/1953/1953 1952/1952/1952
f 1954/1954/1954 1957/1957/1957 1955/1955/1955
f 1955/1955/1955 1952/1952/1952 1954/1954/1954
f 1940/1940/1940 1956/1956/1956 1955/1955/1955
f 1955/1955/1955 1941/1941/1941 1940/1940/1940
f 1957/1957/1957 1958/1958/1958 1941/1941/1941
f 1941/1941/1941 1955/1955/1955 1957/1957/1957
f 1910/1910/1910 1956/1956/1956 1940/1940/1940
f 1940/1940/1940 1909/1909/1909 1910/1910/1910
f 1938/1938/1938 1941/1941/1941 1958/1958/1958
f 1958/1958/1958 1959/1959/1959 1938/1938/1938
f 1957/1957/1957 1960/1960/1960 1961/1961/1961
f 1961/1961/1961 1958/1958/1958 1957/1957/1957
f 1962/1962/1962 1959/1959/1959 1958/1958/1958
f 1958/1958/1958 1961/1961/1961 1962/1962/1962
f 1957/1957/1957 1954/1954/1954 1963/1963/1963
f 1963/1963/1963 1960/1960/1960 1957/1957/1957
f 1964/1964/1964 1963/1963/1963 1954/1954/1954
f 1954/1954/1954 1951/1951/1951 1964/1964/1964
f 1949/1949/1949 1965/1965/1965 1966/1966/1966
f 1966/1966/1966 1950/1950/1950 1949/1949/1949
f 1967/1967/1967 1965/1965/1965 1949/1949/1949
f 1949/1949/1949 1948/1948/1948 1967/1967/1967
f 1966/1966/1966 1964/1964/1964 1951/1951/1951
f 1951/1951/1951 1950/1950/1950 1966/1966/1966
f 1966/1966/1966 1965/1965/1965 1968/1968/1968
f 1968/1968/1968 1969/1969/1969 1966/1966/1966
f 1964/1964/1964 1966/1966/1966 1969/1969/1969
f 1969/1969/1969 1970/1970/1970 1964/1964/1964
f 1970/1970/1970 1971/1971/1971 1963/1963/1963
f 1963/1963/1963 1964/1964/1964 1970/1970/1970
f 1960/1960/1960 1963/1963/1963 1971/1971/1971
f 1971/1971/1971 1972/1972/1972 1960/1960/1960
f 1961/1961/1961 1960/1960/1960 1972/1972/1972
f 1972/1972/1972 1973/1973/1973 1961/1961/1961
f 1974/1974/1974 1975/1975/1975 1962/1962/1962
f 1962/1962/1962 1976/1976/1976 1974/1974/1974
f 1965/1965/1965 1967/1967/1967 1977/1977/1977
f 1977/1977/1977 1968/1968/1968 1965/1965/1965
f 1978/1978/1978 1959/1959/1959 1962/1962/1962
f 1962/1962/1962 1975/1975/1975 1978/1978/1978
f 1961/1961/1961 1973/1973/1973 1976/1976/1976
f 1976/1976/1976 1962/1962/1962 1961/1961/1961
f 1931/1931/1931 1942/1942/1942 1945/1945/1945
f 1945/1945/1945 1932/1932/1932 1931/1931/1931
f 1931/1931/1931 1933/1933/1933 1948/1948/1948
f 1948/1948/1948 1942/1942/1942 1931/1931/1931
f 1934/1934/1934 1947/1947/1947 1953/1953/1953
f 1953/1953/1953 1935/1935/1935 1934/1934/1934
f 1937/1937/1937 1978/1978/1978 1975/1975/1975
f 1975/1975/1975 1936/1936/1936 1937/1937/1937
f 1939/1939/1939 1938/1938/1938 1959/1959/1959
f 1959/1959/1959 1978/1978/1978 1939/1939/1939
f 1885/1885/1885 1887/1887/1887 1779/1779/1779
f 1779/1779/1779 1778/1778/1778 1885/1885/1885
f 1801/1801/1801 1880/1880/1880 1885/1885/1885
f 1885/1885/1885 1778/1778/1778 1801/1801/1801
f 1902/1902/1902 1935/1935/1935 1910/1910/1910
f 1910/1910/1910 1905/1905/1905 1902/1902/1902
f 1979/1979/1979 1937/1937/1937 1912/1912/1912
f 1912/1912/1912 1889/1889/1889 1979/1979/1979
f 1980/1980/1980 1981/1981/1981 1920/1920/1920
f 1920/1920/1920 1930/1930/1930 1980/1980/1980
f 1932/1932/1932 1934/1934/1934 1896/1896/1896
f 1896/1896/1896 1895/1895/1895 1932/1932/1932
f 1888/1888/1888 1909/1909/1909 1979/1979/1979
f 1979/1979/1979 1889/1889/1889 1888/1888/1888
f 1981/1981/1981 1933/1933/1933 1899/1899/1899
f 1899/1899/1899 1920/1920/1920 1981/1981/1981
f 1928/1928/1928 1936/1936/1936 1982/1982/1982
f 1982/1982/1982 1929/1929/1929 1928/1928/1928
f 1772/1772/1772 1802/1802/1802 1879/1879/1879
f 1802/1802/1802 1797/1797/1797 1884/1884/1884
f 1884/1884/1884 1879/1879/1879 1802/1802/1802
f 1884/1884/1884 1797/1797/1797 1796/1796/1796
f 1796/1796/1796 1886/1886/1886 1884/1884/1884
f 1910/1910/1910 1935/1935/1935 1953/1953/1953
f 1953/1953/1953 1956/1956/1956 1910/1910/1910
f 1978/1978/1978 1937/1937/1937 1979/1979/1979
f 1979/1979/1979 1939/1939/1939 1978/1978/1978
f 1967/1967/1967 1981/1981/1981 1980/1980/1980
f 1980/1980/1980 1977/1977/1977 1967/1967/1967
f 1947/1947/1947 1934/1934/1934 1932/1932/1932
f 1932/1932/1932 1945/1945/1945 1947/1947/1947
f 1979/1979/1979 1909/1909/1909 1940/1940/1940
f 1940/1940/1940 1939/1939/1939 1979/1979/1979
f 1948/1948/1948 1933/1933/1933 1981/1981/1981
f 1981/1981/1981 1967/1967/1967 1948/1948/1948
f 1974/1974/1974 1982/1982/1982 1936/1936/1936
f 1936/1936/1936 1975/1975/1975 1974/1974/1974
f 1828/1828/1828 1827/1827/1827 1983/1983/1983
f 1983/1983/1983 1984/1984/1984 1828/1828/1828
f 1985/1985/1985 1986/1986/1986 1872/1872/1872
f 1872/1872/1872 1873/1873/1873 1985/1985/1985
f 1986/1986/1986 1987/1987/1987 1871/1871/1871
f 1871/1871/1871 1872/1872/1872 1986/1986/1986
f 1987/1987/1987 1988/1988/1988 1839/1839/1839
f 1839/1839/1839 1871/1871/1871 1987/1987/1987
f 1988/1988/1988 1882/1882/1882 1837/1837/1837
f 1837/1837/1837 1839/1839/1839 1988/1988/1988
f 1882/1882/1882 1881/1881/1881 1842/1842/1842
f 1842/1842/1842 1837/1837/1837 1882/1882/1882
f 1881/1881/1881 1883/1883/1883 1843/1843/1843
f 1843/1843/1843 1842/1842/1842 1881/1881/1881
f 1875/1875/1875 1874/1874/1874 1739/1739/1739
f 1739/1739/1739 1738/1738/1738 1875/1875/1875
f 1735/1735/1735 1739/1739/1739 1736/1736/1736
f 1809/1809/1809 1989/1989/1989 1810/1810/1810
f 1812/1812/1812 1811/1811/1811 1814/1814/1814
f 1828/1828/1828 1984/1984/1984 1870/1870/1870
f 1870/1870/1870 1834/1834/1834 1828/1828/1828
f 1983/1983/1983 1985/1985/1985 1873/1873/1873
f 1873/1873/1873 1984/1984/1984 1983/1983/1983
f 1870/1870/1870 1984/1984/1984 1873/1873/1873
f 1873/1873/1873 1869/1869/1869 1870/1870/1870
f 1808/1808/1808 1807/1807/1807 1768/1768/1768
f 1768/1768/1768 1990/1990/1990 1808/1808/1808
f 1991/1991/1991 1990/1990/1990 1768/1768/1768
f 1768/1768/1768 1767/1767/1767 1991/1991/1991
f 1808/1808/1808 1990/1990/1990 1757/1757/1757
f 1757/1757/1757 1765/1765/1765 1808/1808/1808
f 1757/1757/1757 1990/1990/1990 1991/1991/1991
f 1991/1991/1991 1758/1758/1758 1757/1757/1757
f 1992/1992/1992 1737/1737/1737 1736/1736/1736
f 1992/1992/1992 1993/1993/1993 1994/1994/1994
f 1995/1995/1995 1996/1996/1996 1997/1997/1997
f 1997/1997/1997 1998/1998/1998 1995/1995/1995
f 1744/1744/1744 1747/1747/1747 1999/1999/1999
f 1999/1999/1999 2000/2000/2000 1744/1744/1744
f 2001/2001/2001 2002/2002/2002 2003/2003/2003
f 2003/2003/2003 2004/2004/2004 2001/2001/2001
f 2003/2003/2003 2005/2005/2005 2006/2006/2006
f 2006/2006/2006 2004/2004/2004 2003/2003/2003
f 2006/2006/2006 2005/2005/2005 2007/2007/2007
f 2007/2007/2007 2008/2008/2008 2006/2006/2006
f 2002/2002/2002 2001/2001/2001 2000/2000/2000
f 2000/2000/2000 1999/1999/1999 2002/2002/2002
f 2009/2009/2009 2010/2010/2010 2011/2011/2011
f 2011/2011/2011 2012/2012/2012 2009/2009/2009
f 2010/2010/2010 2013/2013/2013 2014/2014/2014
f 2014/2014/2014 2011/2011/2011 2010/2010/2010
f 2015/2015/2015 2016/2016/2016 1764/1764/1764
f 1764/1764/1764 1763/1763/1763 2015/2015/2015
f 2017/2017/2017 2018/2018/2018 2019/2019/2019
f 2019/2019/2019 2020/2020/2020 2017/2017/2017
f 2021/2021/2021 2018/2018/2018 2017/2017/2017
f 2017/2017/2017 2022/2022/2022 2021/2021/2021
f 2023/2023/2023 2021/2021/2021 2022/2022/2022
f 2022/2022/2022 2024/2024/2024 2023/2023/2023
f 2025/2025/2025 2014/2014/2014 2013/2013/2013
f 2013/2013/2013 2026/2026/2026 2025/2025/2025
f 2027/2027/2027 2028/2028/2028 2029/2029/2029
f 2029/2029/2029 2030/2030/2030 2027/2027/2027
f 2031/2031/2031 2032/2032/2032 2033/2033/2033
f 2033/2033/2033 2034/2034/2034 2031/2031/2031
f 2035/2035/2035 2036/2036/2036 1786/1786/1786
f 1786/1786/1786 1785/1785/1785 2035/2035/2035
f 2037/2037/2037 2031/2031/2031 2034/2034/2034
f 2034/2034/2034 2038/2038/2038 2037/2037/2037
f 2037/2037/2037 2038/2038/2038 2039/2039/2039
f 2039/2039/2039 2040/2040/2040 2037/2037/2037
f 2039/2039/2039 2041/2041/2041 2042/2042/2042
f 2042/2042/2042 2040/2040/2040 2039/2039/2039
f 2043/2043/2043 2044/2044/2044 2045/2045/2045
f 2045/2045/2045 2046/2046/2046 2043/2043/2043
f 2012/2012/2012 2016/2016/2016 2015/2015/2015
f 2015/2015/2015 2009/2009/2009 2012/2012/2012
f 2047/2047/2047 2035/2035/2035 1785/1785/1785
f 1785/1785/1785 1799/1799/1799 2047/2047/2047
f 2030/2030/2030 2029/2029/2029 2048/2048/2048
f 2048/2048/2048 2049/2049/2049 2030/2030/2030
f 2050/2050/2050 2044/2044/2044 2043/2043/2043
f 2043/2043/2043 2051/2051/2051 2050/2050/2050
f 2039/2039/2039 2052/2052/2052 2053/2053/2053
f 2053/2053/2053 2041/2041/2041 2039/2039/2039
f 2038/2038/2038 2054/2054/2054 2052/2052/2052
f 2052/2052/2052 2039/2039/2039 2038/2038/2038
f 2034/2034/2034 2055/2055/2055 2054/2054/2054
f 2054/2054/2054 2038/2038/2038 2034/2034/2034
f 2033/2033/2033 2056/2056/2056 2055/2055/2055
f 2055/2055/2055 2034/2034/2034 2033/2033/2033
f 2016/2016/2016 2056/2056/2056 2047/2047/2047
f 2053/2053/2053 2023/2023/2023 2050/2050/2050
f 2050/2050/2050 2051/2051/2051 2053/2053/2053
f 2023/2023/2023 2053/2053/2053 2052/2052/2052
f 2052/2052/2052 2021/2021/2021 2023/2023/2023
f 2021/2021/2021 2052/2052/2052 2054/2054/2054
f 2054/2054/2054 2018/2018/2018 2021/2021/2021
f 2018/2018/2018 2054/2054/2054 2055/2055/2055
f 2055/2055/2055 2019/2019/2019 2018/2018/2018
f 2041/2041/2041 2053/2053/2053 2051/2051/2051
f 2051/2051/2051 2043/2043/2043 2041/2041/2041
f 2046/2046/2046 2042/2042/2042 2041/2041/2041
f 2041/2041/2041 2043/2043/2043 2046/2046/2046
f 2033/2033/2033 2032/2032/2032 2036/2036/2036
f 2036/2036/2036 2035/2035/2035 2033/2033/2033
f 2056/2056/2056 2033/2033/2033 2035/2035/2035
f 2035/2035/2035 2047/2047/2047 2056/2056/2056
f 1799/1799/1799 1764/1764/1764 2016/2016/2016
f 2016/2016/2016 2047/2047/2047 1799/1799/1799
f 2057/2057/2057 2058/2058/2058 1810/1810/1810
f 2058/2058/2058 2057/2057/2057 2059/2059/2059
f 2060/2060/2060 2061/2061/2061 2059/2059/2059
f 2062/2062/2062 2063/2063/2063 1996/1996/1996
f 1817/1817/1817 2064/2064/2064 2065/2065/2065
f 2065/2065/2065 1818/1818/1818 1817/1817/1817
f 2066/2066/2066 2067/2067/2067 2068/2068/2068
f 2068/2068/2068 2069/2069/2069 2066/2066/2066
f 2066/2066/2066 2070/2070/2070 2071/2071/2071
f 2071/2071/2071 2067/2067/2067 2066/2066/2066
f 2070/2070/2070 2008/2008/2008 2007/2007/2007
f 2007/2007/2007 2071/2071/2071 2070/2070/2070
f 2068/2068/2068 2065/2065/2065 2064/2064/2064
f 2064/2064/2064 2069/2069/2069 2068/2068/2068
f 2072/2072/2072 2073/2073/2073 2074/2074/2074
f 2074/2074/2074 2075/2075/2075 2072/2072/2072
f 2076/2076/2076 2077/2077/2077 2073/2073/2073
f 2073/2073/2073 2072/2072/2072 2076/2076/2076
f 2078/2078/2078 1836/1836/1836 1835/1835/1835
f 1835/1835/1835 2079/2079/2079 2078/2078/2078
f 2077/2077/2077 2076/2076/2076 2025/2025/2025
f 2025/2025/2025 2026/2026/2026 2077/2077/2077
f 2080/2080/2080 2081/2081/2081 2082/2082/2082
f 2083/2083/2083 2084/2084/2084 2085/2085/2085
f 2085/2085/2085 2086/2086/2086 2083/2083/2083
f 2027/2027/2027 2030/2030/2030 2087/2087/2087
f 2087/2087/2087 2088/2088/2088 2027/2027/2027
f 2089/2089/2089 2090/2090/2090 2091/2091/2091
f 2091/2091/2091 2092/2092/2092 2089/2089/2089
f 2093/2093/2093 1853/1853/1853 1852/1852/1852
f 1852/1852/1852 2094/2094/2094 2093/2093/2093
f 2095/2095/2095 2096/2096/2096 2090/2090/2090
f 2090/2090/2090 2089/2089/2089 2095/2095/2095
f 2095/2095/2095 2097/2097/2097 2098/2098/2098
f 2098/2098/2098 2096/2096/2096 2095/2095/2095
f 2098/2098/2098 2097/2097/2097 2099/2099/2099
f 2099/2099/2099 2100/2100/2100 2098/2098/2098
f 2101/2101/2101 2102/2102/2102 2083/2083/2083
f 2083/2083/2083 2086/2086/2086 2101/2101/2101
f 2078/2078/2078 2079/2079/2079 2075/2075/2075
f 2075/2075/2075 2074/2074/2074 2078/2078/2078
f 2103/2103/2103 1863/1863/1863 1853/1853/1853
f 1853/1853/1853 2093/2093/2093 2103/2103/2103
f 2087/2087/2087 2030/2030/2030 2049/2049/2049
f 2049/2049/2049 2104/2104/2104 2087/2087/2087
f 2085/2085/2085 2080/2080/2080 2082/2082/2082
f 2082/2082/2082 2086/2086/2086 2085/2085/2085
f 2082/2082/2082 2105/2105/2105 2101/2101/2101
f 2101/2101/2101 2086/2086/2086 2082/2082/2082
f 2098/2098/2098 2100/2100/2100 2106/2106/2106
f 2106/2106/2106 2107/2107/2107 2098/2098/2098
f 2096/2096/2096 2098/2098/2098 2107/2107/2107
f 2107/2107/2107 2108/2108/2108 2096/2096/2096
f 2090/2090/2090 2096/2096/2096 2108/2108/2108
f 2108/2108/2108 2109/2109/2109 2090/2090/2090
f 2091/2091/2091 2090/2090/2090 2109/2109/2109
f 2109/2109/2109 2110/2110/2110 2091/2091/2091
f 2079/2079/2079 2103/2103/2103 2110/2110/2110
f 2082/2082/2082 2081/2081/2081 2106/2106/2106
f 2106/2106/2106 2105/2105/2105 2082/2082/2082
f 2081/2081/2081 2111/2111/2111 2107/2107/2107
f 2107/2107/2107 2106/2106/2106 2081/2081/2081
f 2111/2111/2111 2112/2112/2112 2108/2108/2108
f 2108/2108/2108 2107/2107/2107 2111/2111/2111
f 2112/2112/2112 2113/2113/2113 2109/2109/2109
f 2109/2109/2109 2108/2108/2108 2112/2112/2112
f 2100/2100/2100 2101/2101/2101 2105/2105/2105
f 2105/2105/2105 2106/2106/2106 2100/2100/2100
f 2102/2102/2102 2101/2101/2101 2100/2100/2100
f 2100/2100/2100 2099/2099/2099 2102/2102/2102
f 2091/2091/2091 2093/2093/2093 2094/2094/2094
f 2094/2094/2094 2092/2092/2092 2091/2091/2091
f 2110/2110/2110 2103/2103/2103 2093/2093/2093
f 2093/2093/2093 2091/2091/2091 2110/2110/2110
f 1863/1863/1863 2103/2103/2103 2079/2079/2079
f 2079/2079/2079 1835/1835/1835 1863/1863/1863
f 1997/1997/1997 2114/2114/2114 2115/2115/2115
f 2115/2115/2115 1998/1998/1998 1997/1997/1997
f 2060/2060/2060 2116/2116/2116 2117/2117/2117
f 2117/2117/2117 2118/2118/2118 2060/2060/2060
f 2118/2118/2118 2061/2061/2061 2060/2060/2060
f 2116/2116/2116 1996/1996/1996 2063/2063/2063
f 2063/2063/2063 2117/2117/2117 2116/2116/2116
f 1996/1996/1996 1995/1995/1995 2062/2062/2062
f 2024/2024/2024 2119/2119/2119 2120/2120/2120
f 2120/2120/2120 2023/2023/2023 2024/2024/2024
f 2121/2121/2121 2087/2087/2087 2104/2104/2104
f 2104/2104/2104 2122/2122/2122 2121/2121/2121
f 2121/2121/2121 2123/2123/2123 2088/2088/2088
f 2088/2088/2088 2087/2087/2087 2121/2121/2121
f 2119/2119/2119 2124/2124/2124 2125/2125/2125
f 2125/2125/2125 2120/2120/2120 2119/2119/2119
f 2125/2125/2125 2124/2124/2124 2126/2126/2126
f 2126/2126/2126 2127/2127/2127 2125/2125/2125
f 2128/2128/2128 2129/2129/2129 2130/2130/2130
f 2130/2130/2130 2131/2131/2131 2128/2128/2128
f 2132/2132/2132 2133/2133/2133 2134/2134/2134
f 2134/2134/2134 2135/2135/2135 2132/2132/2132
f 2132/2132/2132 2136/2136/2136 2137/2137/2137
f 2137/2137/2137 2133/2133/2133 2132/2132/2132
f 2138/2138/2138 2135/2135/2135 2134/2134/2134
f 2134/2134/2134 2139/2139/2139 2138/2138/2138
f 2135/2135/2135 2138/2138/2138 2140/2140/2140
f 2140/2140/2140 2132/2132/2132 2135/2135/2135
f 2132/2132/2132 2140/2140/2140 2141/2141/2141
f 2141/2141/2141 2136/2136/2136 2132/2132/2132
f 2136/2136/2136 2142/2142/2142 2143/2143/2143
f 2143/2143/2143 2137/2137/2137 2136/2136/2136
f 2144/2144/2144 2142/2142/2142 2136/2136/2136
f 2136/2136/2136 2141/2141/2141 2144/2144/2144
f 2145/2145/2145 2143/2143/2143 2142/2142/2142
f 2142/2142/2142 2146/2146/2146 2145/2145/2145
f 2144/2144/2144 2147/2147/2147 2146/2146/2146
f 2146/2146/2146 2142/2142/2142 2144/2144/2144
f 2146/2146/2146 2129/2129/2129 2128/2128/2128
f 2128/2128/2128 2145/2145/2145 2146/2146/2146
f 2147/2147/2147 2148/2148/2148 2129/2129/2129
f 2129/2129/2129 2146/2146/2146 2147/2147/2147
f 2149/2149/2149 2150/2150/2150 2145/2145/2145
f 2145/2145/2145 2128/2128/2128 2149/2149/2149
f 2130/2130/2130 2129/2129/2129 2148/2148/2148
f 2148/2148/2148 2151/2151/2151 2130/2130/2130
f 2152/2152/2152 2131/2131/2131 2130/2130/2130
f 2130/2130/2130 2151/2151/2151 2152/2152/2152
f 2147/2147/2147 2153/2153/2153 2154/2154/2154
f 2154/2154/2154 2148/2148/2148 2147/2147/2147
f 2155/2155/2155 2151/2151/2151 2148/2148/2148
f 2148/2148/2148 2154/2154/2154 2155/2155/2155
f 2147/2147/2147 2144/2144/2144 2156/2156/2156
f 2156/2156/2156 2153/2153/2153 2147/2147/2147
f 2157/2157/2157 2156/2156/2156 2144/2144/2144
f 2144/2144/2144 2141/2141/2141 2157/2157/2157
f 2138/2138/2138 2158/2158/2158 2159/2159/2159
f 2159/2159/2159 2140/2140/2140 2138/2138/2138
f 2158/2158/2158 2138/2138/2138 2139/2139/2139
f 2139/2139/2139 2160/2160/2160 2158/2158/2158
f 2159/2159/2159 2157/2157/2157 2141/2141/2141
f 2141/2141/2141 2140/2140/2140 2159/2159/2159
f 2159/2159/2159 2158/2158/2158 2161/2161/2161
f 2161/2161/2161 2162/2162/2162 2159/2159/2159
f 2157/2157/2157 2159/2159/2159 2162/2162/2162
f 2162/2162/2162 2163/2163/2163 2157/2157/2157
f 2163/2163/2163 2164/2164/2164 2156/2156/2156
f 2156/2156/2156 2157/2157/2157 2163/2163/2163
f 2153/2153/2153 2156/2156/2156 2164/2164/2164
f 2164/2164/2164 2165/2165/2165 2153/2153/2153
f 2154/2154/2154 2153/2153/2153 2165/2165/2165
f 2165/2165/2165 2166/2166/2166 2154/2154/2154
f 2167/2167/2167 2168/2168/2168 2169/2169/2169
f 2169/2169/2169 2155/2155/2155 2167/2167/2167
f 2170/2170/2170 2161/2161/2161 2158/2158/2158
f 2158/2158/2158 2160/2160/2160 2170/2170/2170
f 2169/2169/2169 2152/2152/2152 2151/2151/2151
f 2151/2151/2151 2155/2155/2155 2169/2169/2169
f 2154/2154/2154 2166/2166/2166 2167/2167/2167
f 2167/2167/2167 2155/2155/2155 2154/2154/2154
f 2133/2133/2133 2171/2171/2171 2172/2172/2172
f 2172/2172/2172 2134/2134/2134 2133/2133/2133
f 2172/2172/2172 2173/2173/2173 2139/2139/2139
f 2139/2139/2139 2134/2134/2134 2172/2172/2172
f 2143/2143/2143 2174/2174/2174 2175/2175/2175
f 2175/2175/2175 2137/2137/2137 2143/2143/2143
f 2176/2176/2176 2177/2177/2177 2152/2152/2152
f 2152/2152/2152 2169/2169/2169 2176/2176/2176
f 2178/2178/2178 2179/2179/2179 2180/2180/2180
f 2180/2180/2180 2181/2181/2181 2178/2178/2178
f 2182/2182/2182 2183/2183/2183 2184/2184/2184
f 2184/2184/2184 2185/2185/2185 2182/2182/2182
f 2183/2183/2183 2186/2186/2186 2187/2187/2187
f 2187/2187/2187 2184/2184/2184 2183/2183/2183
f 2182/2182/2182 2185/2185/2185 2188/2188/2188
f 2188/2188/2188 2189/2189/2189 2182/2182/2182
f 2185/2185/2185 2184/2184/2184 2190/2190/2190
f 2190/2190/2190 2188/2188/2188 2185/2185/2185
f 2184/2184/2184 2187/2187/2187 2191/2191/2191
f 2191/2191/2191 2190/2190/2190 2184/2184/2184
f 2186/2186/2186 2192/2192/2192 2193/2193/2193
f 2193/2193/2193 2187/2187/2187 2186/2186/2186
f 2194/2194/2194 2191/2191/2191 2187/2187/2187
f 2187/2187/2187 2193/2193/2193 2194/2194/2194
f 2193/2193/2193 2192/2192/2192 2195/2195/2195
f 2195/2195/2195 2196/2196/2196 2193/2193/2193
f 2194/2194/2194 2193/2193/2193 2196/2196/2196
f 2196/2196/2196 2197/2197/2197 2194/2194/2194
f 2180/2180/2180 2179/2179/2179 2196/2196/2196
f 2196/2196/2196 2195/2195/2195 2180/2180/2180
f 2197/2197/2197 2196/2196/2196 2179/2179/2179
f 2179/2179/2179 2198/2198/2198 2197/2197/2197
f 2150/2150/2150 2149/2149/2149 2180/2180/2180
f 2180/2180/2180 2195/2195/2195 2150/2150/2150
f 2178/2178/2178 2199/2199/2199 2198/2198/2198
f 2198/2198/2198 2179/2179/2179 2178/2178/2178
f 2197/2197/2197 2198/2198/2198 2200/2200/2200
f 2200/2200/2200 2201/2201/2201 2197/2197/2197
f 2202/2202/2202 2200/2200/2200 2198/2198/2198
f 2198/2198/2198 2199/2199/2199 2202/2202/2202
f 2197/2197/2197 2201/2201/2201 2203/2203/2203
f 2203/2203/2203 2194/2194/2194 2197/2197/2197
f 2204/2204/2204 2191/2191/2191 2194/2194/2194
f 2194/2194/2194 2203/2203/2203 2204/2204/2204
f 2188/2188/2188 2190/2190/2190 2205/2205/2205
f 2205/2205/2205 2206/2206/2206 2188/2188/2188
f 2207/2207/2207 2189/2189/2189 2188/2188/2188
f 2188/2188/2188 2206/2206/2206 2207/2207/2207
f 2205/2205/2205 2190/2190/2190 2191/2191/2191
f 2191/2191/2191 2204/2204/2204 2205/2205/2205
f 2205/2205/2205 2208/2208/2208 2209/2209/2209
f 2209/2209/2209 2206/2206/2206 2205/2205/2205
f 2204/2204/2204 2210/2210/2210 2208/2208/2208
f 2208/2208/2208 2205/2205/2205 2204/2204/2204
f 2210/2210/2210 2204/2204/2204 2203/2203/2203
f 2203/2203/2203 2211/2211/2211 2210/2210/2210
f 2201/2201/2201 2212/2212/2212 2211/2211/2211
f 2211/2211/2211 2203/2203/2203 2201/2201/2201
f 2200/2200/2200 2213/2213/2213 2212/2212/2212
f 2212/2212/2212 2201/2201/2201 2200/2200/2200
f 2214/2214/2214 2215/2215/2215 2202/2202/2202
f 2202/2202/2202 2216/2216/2216 2214/2214/2214
f 2206/2206/2206 2209/2209/2209 2217/2217/2217
f 2217/2217/2217 2207/2207/2207 2206/2206/2206
f 2218/2218/2218 2216/2216/2216 2202/2202/2202
f 2202/2202/2202 2199/2199/2199 2218/2218/2218
f 2200/2200/2200 2202/2202/2202 2215/2215/2215
f 2215/2215/2215 2213/2213/2213 2200/2200/2200
f 2172/2172/2172 2171/2171/2171 2183/2183/2183
f 2183/2183/2183 2182/2182/2182 2172/2172/2172
f 2172/2172/2172 2182/2182/2182 2189/2189/2189
f 2189/2189/2189 2173/2173/2173 2172/2172/2172
f 2175/2175/2175 2174/2174/2174 2192/2192/2192
f 2192/2192/2192 2186/2186/2186 2175/2175/2175
f 2177/2177/2177 2176/2176/2176 2216/2216/2216
f 2216/2216/2216 2218/2218/2218 2177/2177/2177
f 2181/2181/2181 2218/2218/2218 2199/2199/2199
f 2199/2199/2199 2178/2178/2178 2181/2181/2181
f 2124/2124/2124 2029/2029/2029 2028/2028/2028
f 2028/2028/2028 2126/2126/2126 2124/2124/2124
f 2048/2048/2048 2029/2029/2029 2124/2124/2124
f 2124/2124/2124 2119/2119/2119 2048/2048/2048
f 2143/2143/2143 2145/2145/2145 2150/2150/2150
f 2150/2150/2150 2174/2174/2174 2143/2143/2143
f 2219/2219/2219 2131/2131/2131 2152/2152/2152
f 2152/2152/2152 2177/2177/2177 2219/2219/2219
f 2220/2220/2220 2170/2170/2170 2160/2160/2160
f 2160/2160/2160 2221/2221/2221 2220/2220/2220
f 2171/2171/2171 2133/2133/2133 2137/2137/2137
f 2137/2137/2137 2175/2175/2175 2171/2171/2171
f 2128/2128/2128 2131/2131/2131 2219/2219/2219
f 2219/2219/2219 2149/2149/2149 2128/2128/2128
f 2221/2221/2221 2160/2160/2160 2139/2139/2139
f 2139/2139/2139 2173/2173/2173 2221/2221/2221
f 2169/2169/2169 2168/2168/2168 2222/2222/2222
f 2222/2222/2222 2176/2176/2176 2169/2169/2169
f 2023/2023/2023 2120/2120/2120 2050/2050/2050
f 2050/2050/2050 2120/2120/2120 2125/2125/2125
f 2125/2125/2125 2044/2044/2044 2050/2050/2050
f 2125/2125/2125 2127/2127/2127 2045/2045/2045
f 2045/2045/2045 2044/2044/2044 2125/2125/2125
f 2150/2150/2150 2195/2195/2195 2192/2192/2192
f 2192/2192/2192 2174/2174/2174 2150/2150/2150
f 2218/2218/2218 2181/2181/2181 2219/2219/2219
f 2219/2219/2219 2177/2177/2177 2218/2218/2218
f 2207/2207/2207 2217/2217/2217 2220/2220/2220
f 2220/2220/2220 2221/2221/2221 2207/2207/2207
f 2186/2186/2186 2183/2183/2183 2171/2171/2171
f 2171/2171/2171 2175/2175/2175 2186/2186/2186
f 2219/2219/2219 2181/2181/2181 2180/2180/2180
f 2180/2180/2180 2149/2149/2149 2219/2219/2219
f 2189/2189/2189 2207/2207/2207 2221/2221/2221
f 2221/2221/2221 2173/2173/2173 2189/2189/2189
f 2214/2214/2214 2216/2216/2216 2176/2176/2176
f 2176/2176/2176 2222/2222/2222 2214/2214/2214
f 2075/2075/2075 2223/2223/2223 2224/2224/2224
f 2224/2224/2224 2072/2072/2072 2075/2075/2075
f 2225/2225/2225 2113/2113/2113 2112/2112/2112
f 2112/2112/2112 2226/2226/2226 2225/2225/2225
f 2226/2226/2226 2112/2112/2112 2111/2111/2111
f 2111/2111/2111 2227/2227/2227 2226/2226/2226
f 2227/2227/2227 2111/2111/2111 2081/2081/2081
f 2081/2081/2081 2228/2228/2228 2227/2227/2227
f 2228/2228/2228 2081/2081/2081 2080/2080/2080
f 2080/2080/2080 2122/2122/2122 2228/2228/2228
f 2122/2122/2122 2080/2080/2080 2085/2085/2085
f 2085/2085/2085 2121/2121/2121 2122/2122/2122
f 2121/2121/2121 2085/2085/2085 2084/2084/2084
f 2084/2084/2084 2123/2123/2123 2121/2121/2121
f 2114/2114/2114 1994/1994/1994 1993/1993/1993
f 1993/1993/1993 2115/2115/2115 2114/2114/2114
f 1992/1992/1992 1736/1736/1736 1993/1993/1993
f 2057/2057/2057 1810/1810/1810 1989/1989/1989
f 2059/2059/2059 2061/2061/2061 2058/2058/2058
f 2075/2075/2075 2079/2079/2079 2110/2110/2110
f 2110/2110/2110 2223/2223/2223 2075/2075/2075
f 2224/2224/2224 2223/2223/2223 2113/2113/2113
f 2113/2113/2113 2225/2225/2225 2224/2224/2224
f 2110/2110/2110 2109/2109/2109 2113/2113/2113
f 2113/2113/2113 2223/2223/2223 2110/2110/2110
f 2056/2056/2056 2229/2229/2229 2019/2019/2019
f 2019/2019/2019 2055/2055/2055 2056/2056/2056
f 2230/2230/2230 2020/2020/2020 2019/2019/2019
f 2019/2019/2019 2229/2229/2229 2230/2230/2230
f 2056/2056/2056 2016/2016/2016 2012/2012/2012
f 2012/2012/2012 2229/2229/2229 2056/2056/2056
f 2012/2012/2012 2011/2011/2011 2230/2230/2230
f 2230/2230/2230 2229/2229/2229 2012/2012/2012
f 2231/2231/2231 2232/2232/2232 2233/2233/2233
f 2233/2233/2233 2234/2234/2234 2231/2231/2231
f 2235/2235/2235 2236/2236/2236 2237/2237/2237
f 2237/2237/2237 2238/2238/2238 2235/2235/2235
f 2239/2239/2239 2240/2240/2240 2241/2241/2241
f 2241/2241/2241 2242/2242/2242 2239/2239/2239
f 2243/2243/2243 2244/2244/2244 2245/2245/2245
f 2245/2245/2245 2246/2246/2246 2243/2243/2243
f 2247/2247/2247 2248/2248/2248 2249/2249/2249
f 2249/2249/2249 2250/2250/2250 2247/2247/2247
f 2232/2232/2232 2231/2231/2231 2265/2265/2265
f 2265/2265/2265 2266/2266/2266 2232/2232/2232
f 2249/2249/2249 2267/2267/2267 2268/2268/2268
f 2268/2268/2268 2269/2269/2269 2249/2249/2249
f 2273/2273/2273 2274/2274/2274 2275/2275/2275
f 2275/2275/2275 2276/2276/2276 2273/2273/2273
f 2281/2281/2281 2282/2282/2282 2283/2283/2283
f 2283/2283/2283 2284/2284/2284 2281/2281/2281
f 2285/2285/2285 2238/2238/2238 2237/2237/2237
f 2237/2237/2237 2286/2286/2286 2285/2285/2285
f 2287/2287/2287 2288/2288/2288 2236/2236/2236
f 2236/2236/2236 2235/2235/2235 2287/2287/2287
f 2240/2240/2240 2239/2239/2239 2289/2289/2289
f 2289/2289/2289 2290/2290/2290 2240/2240/2240
f 2284/2284/2284 2283/2283/2283 2238/2238/2238
f 2238/2238/2238 2285/2285/2285 2284/2284/2284
f 2294/2294/2294 2287/2287/2287 2235/2235/2235
f 2235/2235/2235 2295/2295/2295 2294/2294/2294
f 2295/2295/2295 2235/2235/2235 2238/2238/2238
f 2238/2238/2238 2283/2283/2283 2295/2295/2295
f 2296/2296/2296 2297/2297/2297 2287/2287/2287
f 2287/2287/2287 2294/2294/2294 2296/2296/2296
f 2298/2298/2298 2295/2295/2295 2283/2283/2283
f 2283/2283/2283 2282/2282/2282 2298/2298/2298
f 2295/2295/2295 2298/2298/2298 2299/2299/2299
f 2299/2299/2299 2294/2294/2294 2295/2295/2295
f 2294/2294/2294 2299/2299/2299 2300/2300/2300
f 2300/2300/2300 2296/2296/2296 2294/2294/2294
f 2301/2301/2301 2296/2296/2296 2300/2300/2300
f 2300/2300/2300 2302/2302/2302 2301/2301/2301
f 2303/2303/2303 2304/2304/2304 2301/2301/2301
f 2301/2301/2301 2302/2302/2302 2303/2303/2303
f 2286/2286/2286 2305/2305/2305 2306/2306/2306
f 2306/2306/2306 2285/2285/2285 2286/2286/2286
f 2284/2284/2284 2307/2307/2307 2308/2308/2308
f 2308/2308/2308 2281/2281/2281 2284/2284/2284
f 2309/2309/2309 2310/2310/2310 2311/2311/2311
f 2311/2311/2311 2312/2312/2312 2309/2309/2309
f 2313/2313/2313 2314/2314/2314 2315/2315/2315
f 2315/2315/2315 2316/2316/2316 2313/2313/2313
f 2267/2267/2267 2249/2249/2249 2248/2248/2248
f 2248/2248/2248 2290/2290/2290 2267/2267/2267
f 2290/2290/2290 2289/2289/2289 2317/2317/2317
f 2317/2317/2317 2267/2267/2267 2290/2290/2290
f 2267/2267/2267 2317/2317/2317 2309/2309/2309
f 2309/2309/2309 2268/2268/2268 2267/2267/2267
f 2250/2250/2250 2318/2318/2318 2319/2319/2319
f 2319/2319/2319 2247/2247/2247 2250/2250/2250
f 2243/2243/2243 2246/2246/2246 2324/2324/2324
f 2324/2324/2324 2325/2325/2325 2243/2243/2243
f 2269/2269/2269 2268/2268/2268 2326/2326/2326
f 2326/2326/2326 2327/2327/2327 2269/2269/2269
f 2317/2317/2317 2328/2328/2328 2310/2310/2310
f 2310/2310/2310 2309/2309/2309 2317/2317/2317
f 2329/2329/2329 2247/2247/2247 2319/2319/2319
f 2319/2319/2319 2330/2330/2330 2329/2329/2329
f 2271/2271/2271 2331/2331/2331 2329/2329/2329
f 2329/2329/2329 2330/2330/2330 2271/2271/2271
f 2270/2270/2270 2332/2332/2332 2331/2331/2331
f 2331/2331/2331 2271/2271/2271 2270/2270/2270
f 2247/2247/2247 2329/2329/2329 2333/2333/2333
f 2333/2333/2333 2248/2248/2248 2247/2247/2247
f 2333/2333/2333 2329/2329/2329 2331/2331/2331
f 2331/2331/2331 2334/2334/2334 2333/2333/2333
f 2335/2335/2335 2269/2269/2269 2327/2327/2327
f 2327/2327/2327 2336/2336/2336 2335/2335/2335
f 2335/2335/2335 2336/2336/2336 2337/2337/2337
f 2337/2337/2337 2338/2338/2338 2335/2335/2335
f 2343/2343/2343 2344/2344/2344 2243/2243/2243
f 2243/2243/2243 2325/2325/2325 2343/2343/2343
f 2246/2246/2246 2345/2345/2345 2346/2346/2346
f 2346/2346/2346 2324/2324/2324 2246/2246/2246
f 2346/2346/2346 2345/2345/2345 2241/2241/2241
f 2241/2241/2241 2334/2334/2334 2346/2346/2346
f 2334/2334/2334 2241/2241/2241 2240/2240/2240
f 2240/2240/2240 2333/2333/2333 2334/2334/2334
f 2290/2290/2290 2248/2248/2248 2333/2333/2333
f 2333/2333/2333 2240/2240/2240 2290/2290/2290
f 2270/2270/2270 2347/2347/2347 2348/2348/2348
f 2348/2348/2348 2332/2332/2332 2270/2270/2270
f 2347/2347/2347 2350/2350/2350 2351/2351/2351
f 2351/2351/2351 2348/2348/2348 2347/2347/2347
f 2249/2249/2249 2269/2269/2269 2335/2335/2335
f 2335/2335/2335 2250/2250/2250 2249/2249/2249
f 2334/2334/2334 2331/2331/2331 2332/2332/2332
f 2332/2332/2332 2346/2346/2346 2334/2334/2334
f 2346/2346/2346 2332/2332/2332 2348/2348/2348
f 2348/2348/2348 2324/2324/2324 2346/2346/2346
f 2348/2348/2348 2351/2351/2351 2325/2325/2325
f 2325/2325/2325 2324/2324/2324 2348/2348/2348
f 2343/2343/2343 2325/2325/2325 2351/2351/2351
f 2351/2351/2351 2352/2352/2352 2343/2343/2343
f 2350/2350/2350 2349/2349/2349 2352/2352/2352
f 2352/2352/2352 2351/2351/2351 2350/2350/2350
f 2353/2353/2353 2233/2233/2233 2232/2232/2232
f 2232/2232/2232 2328/2328/2328 2353/2353/2353
f 2353/2353/2353 2289/2289/2289 2239/2239/2239
f 2239/2239/2239 2275/2275/2275 2353/2353/2353
f 2287/2287/2287 2297/2297/2297 2234/2234/2234
f 2234/2234/2234 2288/2288/2288 2287/2287/2287
f 2301/2301/2301 2354/2354/2354 2297/2297/2297
f 2297/2297/2297 2296/2296/2296 2301/2301/2301
f 2231/2231/2231 2354/2354/2354 2355/2355/2355
f 2355/2355/2355 2265/2265/2265 2231/2231/2231
f 2354/2354/2354 2231/2231/2231 2234/2234/2234
f 2234/2234/2234 2297/2297/2297 2354/2354/2354
f 2234/2234/2234 2233/2233/2233 2274/2274/2274
f 2274/2274/2274 2288/2288/2288 2234/2234/2234
f 2268/2268/2268 2309/2309/2309 2312/2312/2312
f 2312/2312/2312 2326/2326/2326 2268/2268/2268
f 2356/2356/2356 2244/2244/2244 2243/2243/2243
f 2243/2243/2243 2344/2344/2344 2356/2356/2356
f 2357/2357/2357 2306/2306/2306 2305/2305/2305
f 2305/2305/2305 2358/2358/2358 2357/2357/2357
f 2359/2359/2359 2308/2308/2308 2307/2307/2307
f 2307/2307/2307 2360/2360/2360 2359/2359/2359
f 2314/2314/2314 2244/2244/2244 2356/2356/2356
f 2356/2356/2356 2361/2361/2361 2314/2314/2314
f 2362/2362/2362 2363/2363/2363 2364/2364/2364
f 2364/2364/2364 2365/2365/2365 2362/2362/2362
f 2355/2355/2355 2304/2304/2304 2366/2366/2366
f 2366/2366/2366 2364/2364/2364 2355/2355/2355
f 2306/2306/2306 2357/2357/2357 2360/2360/2360
f 2360/2360/2360 2307/2307/2307 2306/2306/2306
f 2307/2307/2307 2284/2284/2284 2285/2285/2285
f 2285/2285/2285 2306/2306/2306 2307/2307/2307
f 2288/2288/2288 2274/2274/2274 2273/2273/2273
f 2273/2273/2273 2236/2236/2236 2288/2288/2288
f 2236/2236/2236 2273/2273/2273 2367/2367/2367
f 2367/2367/2367 2237/2237/2237 2236/2236/2236
f 2368/2368/2368 2276/2276/2276 2242/2242/2242
f 2242/2242/2242 2369/2369/2369 2368/2368/2368
f 2313/2313/2313 2368/2368/2368 2369/2369/2369
f 2369/2369/2369 2245/2245/2245 2313/2313/2313
f 2367/2367/2367 2316/2316/2316 2286/2286/2286
f 2286/2286/2286 2237/2237/2237 2367/2367/2367
f 2316/2316/2316 2315/2315/2315 2305/2305/2305
f 2305/2305/2305 2286/2286/2286 2316/2316/2316
f 2358/2358/2358 2305/2305/2305 2315/2315/2315
f 2315/2315/2315 2370/2370/2370 2358/2358/2358
f 2371/2371/2371 2372/2372/2372 2373/2373/2373
f 2373/2373/2373 2374/2374/2374 2371/2371/2371
f 2375/2375/2375 2376/2376/2376 2377/2377/2377
f 2377/2377/2377 2378/2378/2378 2375/2375/2375
f 2379/2379/2379 2380/2380/2380 2381/2381/2381
f 2381/2381/2381 2382/2382/2382 2379/2379/2379
f 2372/2372/2372 2383/2383/2383 2384/2384/2384
f 2384/2384/2384 2373/2373/2373 2372/2372/2372
f 2385/2385/2385 2386/2386/2386 2373/2373/2373
f 2373/2373/2373 2384/2384/2384 2385/2385/2385
f 2385/2385/2385 2299/2299/2299 2298/2298/2298
f 2298/2298/2298 2387/2387/2387 2385/2385/2385
f 2388/2388/2388 2387/2387/2387 2298/2298/2298
f 2298/2298/2298 2282/2282/2282 2388/2388/2388
f 2389/2389/2389 2390/2390/2390 2391/2391/2391
f 2391/2391/2391 2392/2392/2392 2389/2389/2389
f 2379/2379/2379 2393/2393/2393 2394/2394/2394
f 2394/2394/2394 2395/2395/2395 2379/2379/2379
f 2396/2396/2396 2378/2378/2378 2397/2397/2397
f 2396/2396/2396 2398/2398/2398 2375/2375/2375
f 2375/2375/2375 2378/2378/2378 2396/2396/2396
f 2399/2399/2399 2375/2375/2375 2398/2398/2398
f 2398/2398/2398 2400/2400/2400 2399/2399/2399
f 2399/2399/2399 2388/2388/2388 2376/2376/2376
f 2376/2376/2376 2375/2375/2375 2399/2399/2399
f 2282/2282/2282 2281/2281/2281 2376/2376/2376
f 2376/2376/2376 2388/2388/2388 2282/2282/2282
f 2391/2391/2391 2390/2390/2390 2401/2401/2401
f 2401/2401/2401 2374/2374/2374 2391/2391/2391
f 2379/2379/2379 2395/2395/2395 2402/2402/2402
f 2402/2402/2402 2380/2380/2380 2379/2379/2379
f 2383/2383/2383 2302/2302/2302 2300/2300/2300
f 2300/2300/2300 2384/2384/2384 2383/2383/2383
f 2384/2384/2384 2300/2300/2300 2299/2299/2299
f 2299/2299/2299 2385/2385/2385 2384/2384/2384
f 2302/2302/2302 2383/2383/2383 2403/2403/2403
f 2403/2403/2403 2303/2303/2303 2302/2302/2302
f 2308/2308/2308 2359/2359/2359 2404/2404/2404
f 2404/2404/2404 2377/2377/2377 2308/2308/2308
f 2405/2405/2405 2378/2378/2378 2377/2377/2377
f 2377/2377/2377 2404/2404/2404 2405/2405/2405
f 2405/2405/2405 2406/2406/2406 2397/2397/2397
f 2397/2397/2397 2378/2378/2378 2405/2405/2405
f 2407/2407/2407 2408/2408/2408 2382/2382/2382
f 2382/2382/2382 2381/2381/2381 2407/2407/2407
f 2403/2403/2403 2409/2409/2409 2393/2393/2393
f 2393/2393/2393 2382/2382/2382 2403/2403/2403
f 2379/2379/2379 2382/2382/2382 2393/2393/2393
f 2281/2281/2281 2308/2308/2308 2377/2377/2377
f 2377/2377/2377 2376/2376/2376 2281/2281/2281
f 2410/2410/2410 2411/2411/2411 2412/2412/2412
f 2412/2412/2412 2413/2413/2413 2410/2410/2410
f 2414/2414/2414 2415/2415/2415 2394/2394/2394
f 2394/2394/2394 2393/2393/2393 2414/2414/2414
f 2416/2416/2416 2409/2409/2409 2372/2372/2372
f 2372/2372/2372 2371/2371/2371 2416/2416/2416
f 2374/2374/2374 2401/2401/2401 2417/2417/2417
f 2417/2417/2417 2371/2371/2371 2374/2374/2374
f 2388/2388/2388 2399/2399/2399 2418/2418/2418
f 2418/2418/2418 2387/2387/2387 2388/2388/2388
f 2387/2387/2387 2419/2419/2419 2386/2386/2386
f 2386/2386/2386 2385/2385/2385 2387/2387/2387
f 2303/2303/2303 2403/2403/2403 2382/2382/2382
f 2382/2382/2382 2408/2408/2408 2303/2303/2303
f 2354/2354/2354 2301/2301/2301 2304/2304/2304
f 2304/2304/2304 2355/2355/2355 2354/2354/2354
f 2265/2265/2265 2355/2355/2355 2364/2364/2364
f 2364/2364/2364 2363/2363/2363 2265/2265/2265
f 2409/2409/2409 2416/2416/2416 2414/2414/2414
f 2414/2414/2414 2393/2393/2393 2409/2409/2409
f 2420/2420/2420 2421/2421/2421 2422/2422/2422
f 2422/2422/2422 2423/2423/2423 2420/2420/2420
f 2423/2423/2423 2422/2422/2422 2424/2424/2424
f 2424/2424/2424 2425/2425/2425 2423/2423/2423
f 2425/2425/2425 2424/2424/2424 2389/2389/2389
f 2389/2389/2389 2392/2392/2392 2425/2425/2425
f 2415/2415/2415 2414/2414/2414 2411/2411/2411
f 2411/2411/2411 2410/2410/2410 2415/2415/2415
f 2412/2412/2412 2411/2411/2411 2426/2426/2426
f 2426/2426/2426 2427/2427/2427 2412/2412/2412
f 2420/2420/2420 2423/2423/2423 2398/2398/2398
f 2398/2398/2398 2396/2396/2396 2420/2420/2420
f 2423/2423/2423 2425/2425/2425 2400/2400/2400
f 2400/2400/2400 2398/2398/2398 2423/2423/2423
f 2400/2400/2400 2425/2425/2425 2392/2392/2392
f 2392/2392/2392 2419/2419/2419 2400/2400/2400
f 2428/2428/2428 2416/2416/2416 2371/2371/2371
f 2371/2371/2371 2417/2417/2417 2428/2428/2428
f 2416/2416/2416 2428/2428/2428 2426/2426/2426
f 2414/2414/2414 2416/2416/2416 2426/2426/2426
f 2426/2426/2426 2411/2411/2411 2414/2414/2414
f 2419/2419/2419 2392/2392/2392 2391/2391/2391
f 2391/2391/2391 2386/2386/2386 2419/2419/2419
f 2418/2418/2418 2399/2399/2399 2400/2400/2400
f 2400/2400/2400 2419/2419/2419 2418/2418/2418
f 2418/2418/2418 2419/2419/2419 2387/2387/2387
f 2374/2374/2374 2373/2373/2373 2386/2386/2386
f 2386/2386/2386 2391/2391/2391 2374/2374/2374
f 2383/2383/2383 2372/2372/2372 2409/2409/2409
f 2409/2409/2409 2403/2403/2403 2383/2383/2383
f 2250/2250/2250 2335/2335/2335 2338/2338/2338
f 2338/2338/2338 2318/2318/2318 2250/2250/2250
f 2245/2245/2245 2369/2369/2369 2345/2345/2345
f 2345/2345/2345 2246/2246/2246 2245/2245/2245
f 2241/2241/2241 2345/2345/2345 2369/2369/2369
f 2369/2369/2369 2242/2242/2242 2241/2241/2241
f 2276/2276/2276 2275/2275/2275 2239/2239/2239
f 2239/2239/2239 2242/2242/2242 2276/2276/2276
f 2314/2314/2314 2313/2313/2313 2245/2245/2245
f 2245/2245/2245 2244/2244/2244 2314/2314/2314
f 2328/2328/2328 2232/2232/2232 2266/2266/2266
f 2266/2266/2266 2310/2310/2310 2328/2328/2328
f 2289/2289/2289 2353/2353/2353 2328/2328/2328
f 2328/2328/2328 2317/2317/2317 2289/2289/2289
f 2353/2353/2353 2275/2275/2275 2274/2274/2274
f 2274/2274/2274 2233/2233/2233 2353/2353/2353
f 2315/2315/2315 2314/2314/2314 2361/2361/2361
f 2361/2361/2361 2370/2370/2370 2315/2315/2315
f 2276/2276/2276 2368/2368/2368 2367/2367/2367
f 2367/2367/2367 2273/2273/2273 2276/2276/2276
f 2368/2368/2368 2313/2313/2313 2316/2316/2316
f 2316/2316/2316 2367/2367/2367 2368/2368/2368
f 2426/2426/2426 2428/2428/2428 2427/2427/2427
f 2408/2408/2408 2366/2366/2366 2304/2304/2304
f 2304/2304/2304 2303/2303/2303 2408/2408/2408
f 2363/2363/2363 2429/2429/2429 2266/2266/2266
f 2266/2266/2266 2265/2265/2265 2363/2363/2363
f 2429/2429/2429 2311/2311/2311 2310/2310/2310
f 2310/2310/2310 2266/2266/2266 2429/2429/2429
f 2408/2408/2408 2407/2407/2407 2430/2430/2430
f 2430/2430/2430 2366/2366/2366 2408/2408/2408
f 2430/2430/2430 2365/2365/2365 2364/2364/2364
f 2364/2364/2364 2366/2366/2366 2430/2430/2430
f 2363/2363/2363 2362/2362/2362 2431/2431/2431
f 2431/2431/2431 2429/2429/2429 2363/2363/2363
f 2431/2431/2431 2432/2432/2432 2311/2311/2311
f 2311/2311/2311 2429/2429/2429 2431/2431/2431
f 2311/2311/2311 2432/2432/2432 2433/2433/2433
f 2433/2433/2433 2312/2312/2312 2311/2311/2311
f 2433/2433/2433 2434/2434/2434 2326/2326/2326
f 2326/2326/2326 2312/2312/2312 2433/2433/2433
f 2326/2326/2326 2434/2434/2434 2327/2327/2327
f 2435/2435/2435 2436/2436/2436 2437/2437/2437
f 2437/2437/2437 2438/2438/2438 2435/2435/2435
f 2439/2439/2439 2440/2440/2440 2441/2441/2441
f 2441/2441/2441 2442/2442/2442 2439/2439/2439
f 2443/2443/2443 2444/2444/2444 2445/2445/2445
f 2445/2445/2445 2446/2446/2446 2443/2443/2443
f 2447/2447/2447 2448/2448/2448 2449/2449/2449
f 2449/2449/2449 2450/2450/2450 2447/2447/2447
f 2451/2451/2451 2452/2452/2452 2453/2453/2453
f 2453/2453/2453 2454/2454/2454 2451/2451/2451
f 2438/2438/2438 2469/2469/2469 2470/2470/2470
f 2470/2470/2470 2435/2435/2435 2438/2438/2438
f 2453/2453/2453 2471/2471/2471 2472/2472/2472
f 2472/2472/2472 2473/2473/2473 2453/2453/2453
f 2477/2477/2477 2478/2478/2478 2479/2479/2479
f 2479/2479/2479 2480/2480/2480 2477/2477/2477
f 2485/2485/2485 2486/2486/2486 2487/2487/2487
f 2487/2487/2487 2488/2488/2488 2485/2485/2485
f 2489/2489/2489 2490/2490/2490 2441/2441/2441
f 2441/2441/2441 2440/2440/2440 2489/2489/2489
f 2491/2491/2491 2439/2439/2439 2442/2442/2442
f 2442/2442/2442 2492/2492/2492 2491/2491/2491
f 2446/2446/2446 2493/2493/2493 2494/2494/2494
f 2494/2494/2494 2443/2443/2443 2446/2446/2446
f 2486/2486/2486 2489/2489/2489 2440/2440/2440
f 2440/2440/2440 2487/2487/2487 2486/2486/2486
f 2498/2498/2498 2499/2499/2499 2439/2439/2439
f 2439/2439/2439 2491/2491/2491 2498/2498/2498
f 2499/2499/2499 2487/2487/2487 2440/2440/2440
f 2440/2440/2440 2439/2439/2439 2499/2499/2499
f 2500/2500/2500 2498/2498/2498 2491/2491/2491
f 2491/2491/2491 2501/2501/2501 2500/2500/2500
f 2502/2502/2502 2488/2488/2488 2487/2487/2487
f 2487/2487/2487 2499/2499/2499 2502/2502/2502
f 2499/2499/2499 2498/2498/2498 2503/2503/2503
f 2503/2503/2503 2502/2502/2502 2499/2499/2499
f 2498/2498/2498 2500/2500/2500 2504/2504/2504
f 2504/2504/2504 2503/2503/2503 2498/2498/2498
f 2505/2505/2505 2506/2506/2506 2504/2504/2504
f 2504/2504/2504 2500/2500/2500 2505/2505/2505
f 2507/2507/2507 2506/2506/2506 2505/2505/2505
f 2505/2505/2505 2508/2508/2508 2507/2507/2507
f 2490/2490/2490 2489/2489/2489 2509/2509/2509
f 2509/2509/2509 2510/2510/2510 2490/2490/2490
f 2486/2486/2486 2485/2485/2485 2511/2511/2511
f 2511/2511/2511 2512/2512/2512 2486/2486/2486
f 2513/2513/2513 2514/2514/2514 2515/2515/2515
f 2515/2515/2515 2516/2516/2516 2513/2513/2513
f 2517/2517/2517 2518/2518/2518 2519/2519/2519
f 2519/2519/2519 2520/2520/2520 2517/2517/2517
f 2473/2473/2473 2493/2493/2493 2454/2454/2454
f 2454/2454/2454 2453/2453/2453 2473/2473/2473
f 2493/2493/2493 2473/2473/2473 2521/2521/2521
f 2521/2521/2521 2494/2494/2494 2493/2493/2493
f 2473/2473/2473 2472/2472/2472 2513/2513/2513
f 2513/2513/2513 2521/2521/2521 2473/2473/2473
f 2452/2452/2452 2451/2451/2451 2522/2522/2522
f 2522/2522/2522 2523/2523/2523 2452/2452/2452
f 2447/2447/2447 2528/2528/2528 2529/2529/2529
f 2529/2529/2529 2448/2448/2448 2447/2447/2447
f 2471/2471/2471 2530/2530/2530 2531/2531/2531
f 2531/2531/2531 2472/2472/2472 2471/2471/2471
f 2521/2521/2521 2513/2513/2513 2516/2516/2516
f 2516/2516/2516 2532/2532/2532 2521/2521/2521
f 2533/2533/2533 2534/2534/2534 2522/2522/2522
f 2522/2522/2522 2451/2451/2451 2533/2533/2533
f 2474/2474/2474 2534/2534/2534 2533/2533/2533
f 2533/2533/2533 2535/2535/2535 2474/2474/2474
f 2475/2475/2475 2474/2474/2474 2535/2535/2535
f 2535/2535/2535 2536/2536/2536 2475/2475/2475
f 2451/2451/2451 2454/2454/2454 2537/2537/2537
f 2537/2537/2537 2533/2533/2533 2451/2451/2451
f 2537/2537/2537 2538/2538/2538 2535/2535/2535
f 2535/2535/2535 2533/2533/2533 2537/2537/2537
f 2539/2539/2539 2540/2540/2540 2530/2530/2530
f 2530/2530/2530 2471/2471/2471 2539/2539/2539
f 2539/2539/2539 2541/2541/2541 2542/2542/2542
f 2542/2542/2542 2540/2540/2540 2539/2539/2539
f 2547/2547/2547 2528/2528/2528 2447/2447/2447
f 2447/2447/2447 2548/2548/2548 2547/2547/2547
f 2448/2448/2448 2529/2529/2529 2549/2549/2549
f 2549/2549/2549 2550/2550/2550 2448/2448/2448
f 2549/2549/2549 2538/2538/2538 2445/2445/2445
f 2445/2445/2445 2550/2550/2550 2549/2549/2549
f 2538/2538/2538 2537/2537/2537 2446/2446/2446
f 2446/2446/2446 2445/2445/2445 2538/2538/2538
f 2493/2493/2493 2446/2446/2446 2537/2537/2537
f 2537/2537/2537 2454/2454/2454 2493/2493/2493
f 2475/2475/2475 2536/2536/2536 2552/2552/2552
f 2552/2552/2552 2551/2551/2551 2475/2475/2475
f 2551/2551/2551 2552/2552/2552 2555/2555/2555
f 2555/2555/2555 2553/2553/2553 2551/2551/2551
f 2453/2453/2453 2452/2452/2452 2539/2539/2539
f 2539/2539/2539 2471/2471/2471 2453/2453/2453
f 2538/2538/2538 2549/2549/2549 2536/2536/2536
f 2536/2536/2536 2535/2535/2535 2538/2538/2538
f 2549/2549/2549 2529/2529/2529 2552/2552/2552
f 2552/2552/2552 2536/2536/2536 2549/2549/2549
f 2552/2552/2552 2529/2529/2529 2528/2528/2528
f 2528/2528/2528 2555/2555/2555 2552/2552/2552
f 2547/2547/2547 2556/2556/2556 2555/2555/2555
f 2555/2555/2555 2528/2528/2528 2547/2547/2547
f 2553/2553/2553 2555/2555/2555 2556/2556/2556
f 2556/2556/2556 2554/2554/2554 2553/2553/2553
f 2557/2557/2557 2532/2532/2532 2438/2438/2438
f 2438/2438/2438 2437/2437/2437 2557/2557/2557
f 2557/2557/2557 2479/2479/2479 2443/2443/2443
f 2443/2443/2443 2494/2494/2494 2557/2557/2557
f 2491/2491/2491 2492/2492/2492 2436/2436/2436
f 2436/2436/2436 2501/2501/2501 2491/2491/2491
f 2505/2505/2505 2500/2500/2500 2501/2501/2501
f 2501/2501/2501 2558/2558/2558 2505/2505/2505
f 2435/2435/2435 2470/2470/2470 2559/2559/2559
f 2559/2559/2559 2558/2558/2558 2435/2435/2435
f 2558/2558/2558 2501/2501/2501 2436/2436/2436
f 2436/2436/2436 2435/2435/2435 2558/2558/2558
f 2436/2436/2436 2492/2492/2492 2480/2480/2480
f 2480/2480/2480 2437/2437/2437 2436/2436/2436
f 2472/2472/2472 2531/2531/2531 2514/2514/2514
f 2514/2514/2514 2513/2513/2513 2472/2472/2472
f 2560/2560/2560 2548/2548/2548 2447/2447/2447
f 2447/2447/2447 2450/2450/2450 2560/2560/2560
f 2561/2561/2561 2562/2562/2562 2510/2510/2510
f 2510/2510/2510 2509/2509/2509 2561/2561/2561
f 2563/2563/2563 2564/2564/2564 2512/2512/2512
f 2512/2512/2512 2511/2511/2511 2563/2563/2563
f 2520/2520/2520 2565/2565/2565 2560/2560/2560
f 2560/2560/2560 2450/2450/2450 2520/2520/2520
f 2566/2566/2566 2567/2567/2567 2568/2568/2568
f 2568/2568/2568 2569/2569/2569 2566/2566/2566
f 2559/2559/2559 2568/2568/2568 2570/2570/2570
f 2570/2570/2570 2508/2508/2508 2559/2559/2559
f 2509/2509/2509 2512/2512/2512 2564/2564/2564
f 2564/2564/2564 2561/2561/2561 2509/2509/2509
f 2512/2512/2512 2509/2509/2509 2489/2489/2489
f 2489/2489/2489 2486/2486/2486 2512/2512/2512
f 2492/2492/2492 2442/2442/2442 2477/2477/2477
f 2477/2477/2477 2480/2480/2480 2492/2492/2492
f 2442/2442/2442 2441/2441/2441 2571/2571/2571
f 2571/2571/2571 2477/2477/2477 2442/2442/2442
f 2572/2572/2572 2573/2573/2573 2444/2444/2444
f 2444/2444/2444 2478/2478/2478 2572/2572/2572
f 2517/2517/2517 2449/2449/2449 2573/2573/2573
f 2573/2573/2573 2572/2572/2572 2517/2517/2517
f 2571/2571/2571 2441/2441/2441 2490/2490/2490
f 2490/2490/2490 2518/2518/2518 2571/2571/2571
f 2518/2518/2518 2490/2490/2490 2510/2510/2510
f 2510/2510/2510 2519/2519/2519 2518/2518/2518
f 2562/2562/2562 2574/2574/2574 2519/2519/2519
f 2519/2519/2519 2510/2510/2510 2562/2562/2562
f 2575/2575/2575 2576/2576/2576 2577/2577/2577
f 2577/2577/2577 2578/2578/2578 2575/2575/2575
f 2579/2579/2579 2580/2580/2580 2581/2581/2581
f 2581/2581/2581 2582/2582/2582 2579/2579/2579
f 2583/2583/2583 2584/2584/2584 2585/2585/2585
f 2585/2585/2585 2586/2586/2586 2583/2583/2583
f 2578/2578/2578 2577/2577/2577 2587/2587/2587
f 2587/2587/2587 2588/2588/2588 2578/2578/2578
f 2589/2589/2589 2587/2587/2587 2577/2577/2577
f 2577/2577/2577 2590/2590/2590 2589/2589/2589
f 2589/2589/2589 2591/2591/2591 2502/2502/2502
f 2502/2502/2502 2503/2503/2503 2589/2589/2589
f 2592/2592/2592 2488/2488/2488 2502/2502/2502
f 2502/2502/2502 2591/2591/2591 2592/2592/2592
f 2593/2593/2593 2594/2594/2594 2595/2595/2595
f 2595/2595/2595 2596/2596/2596 2593/2593/2593
f 2583/2583/2583 2395/2395/2395 2394/2394/2394
f 2394/2394/2394 2597/2597/2597 2583/2583/2583
f 2396/2396/2396 2397/2397/2397 2580/2580/2580
f 2396/2396/2396 2580/2580/2580 2579/2579/2579
f 2579/2579/2579 2598/2598/2598 2396/2396/2396
f 2599/2599/2599 2600/2600/2600 2598/2598/2598
f 2598/2598/2598 2579/2579/2579 2599/2599/2599
f 2599/2599/2599 2579/2579/2579 2582/2582/2582
f 2582/2582/2582 2592/2592/2592 2599/2599/2599
f 2488/2488/2488 2592/2592/2592 2582/2582/2582
f 2582/2582/2582 2485/2485/2485 2488/2488/2488
f 2595/2595/2595 2576/2576/2576 2601/2601/2601
f 2601/2601/2601 2596/2596/2596 2595/2595/2595
f 2583/2583/2583 2586/2586/2586 2402/2402/2402
f 2402/2402/2402 2395/2395/2395 2583/2583/2583
f 2588/2588/2588 2587/2587/2587 2504/2504/2504
f 2504/2504/2504 2506/2506/2506 2588/2588/2588
f 2587/2587/2587 2589/2589/2589 2503/2503/2503
f 2503/2503/2503 2504/2504/2504 2587/2587/2587
f 2506/2506/2506 2507/2507/2507 2602/2602/2602
f 2602/2602/2602 2588/2588/2588 2506/2506/2506
f 2511/2511/2511 2581/2581/2581 2603/2603/2603
f 2603/2603/2603 2563/2563/2563 2511/2511/2511
f 2604/2604/2604 2603/2603/2603 2581/2581/2581
f 2581/2581/2581 2580/2580/2580 2604/2604/2604
f 2604/2604/2604 2580/2580/2580 2397/2397/2397
f 2397/2397/2397 2406/2406/2406 2604/2604/2604
f 2605/2605/2605 2585/2585/2585 2584/2584/2584
f 2584/2584/2584 2606/2606/2606 2605/2605/2605
f 2602/2602/2602 2584/2584/2584 2597/2597/2597
f 2597/2597/2597 2607/2607/2607 2602/2602/2602
f 2583/2583/2583 2597/2597/2597 2584/2584/2584
f 2485/2485/2485 2582/2582/2582 2581/2581/2581
f 2581/2581/2581 2511/2511/2511 2485/2485/2485
f 2410/2410/2410 2413/2413/2413 2608/2608/2608
f 2608/2608/2608 2609/2609/2609 2410/2410/2410
f 2610/2610/2610 2597/2597/2597 2394/2394/2394
f 2394/2394/2394 2415/2415/2415 2610/2610/2610
f 2611/2611/2611 2575/2575/2575 2578/2578/2578
f 2578/2578/2578 2607/2607/2607 2611/2611/2611
f 2576/2576/2576 2575/2575/2575 2612/2612/2612
f 2612/2612/2612 2601/2601/2601 2576/2576/2576
f 2592/2592/2592 2591/2591/2591 2613/2613/2613
f 2613/2613/2613 2599/2599/2599 2592/2592/2592
f 2591/2591/2591 2589/2589/2589 2590/2590/2590
f 2590/2590/2590 2614/2614/2614 2591/2591/2591
f 2507/2507/2507 2606/2606/2606 2584/2584/2584
f 2584/2584/2584 2602/2602/2602 2507/2507/2507
f 2558/2558/2558 2559/2559/2559 2508/2508/2508
f 2508/2508/2508 2505/2505/2505 2558/2558/2558
f 2470/2470/2470 2569/2569/2569 2568/2568/2568
f 2568/2568/2568 2559/2559/2559 2470/2470/2470
f 2607/2607/2607 2597/2597/2597 2610/2610/2610
f 2610/2610/2610 2611/2611/2611 2607/2607/2607
f 2420/2420/2420 2615/2615/2615 2616/2616/2616
f 2616/2616/2616 2421/2421/2421 2420/2420/2420
f 2615/2615/2615 2617/2617/2617 2618/2618/2618
f 2618/2618/2618 2616/2616/2616 2615/2615/2615
f 2617/2617/2617 2594/2594/2594 2593/2593/2593
f 2593/2593/2593 2618/2618/2618 2617/2617/2617
f 2415/2415/2415 2410/2410/2410 2609/2609/2609
f 2609/2609/2609 2610/2610/2610 2415/2415/2415
f 2608/2608/2608 2619/2619/2619 2620/2620/2620
f 2620/2620/2620 2609/2609/2609 2608/2608/2608
f 2420/2420/2420 2396/2396/2396 2598/2598/2598
f 2598/2598/2598 2615/2615/2615 2420/2420/2420
f 2615/2615/2615 2598/2598/2598 2600/2600/2600
f 2600/2600/2600 2617/2617/2617 2615/2615/2615
f 2600/2600/2600 2614/2614/2614 2594/2594/2594
f 2594/2594/2594 2617/2617/2617 2600/2600/2600
f 2621/2621/2621 2612/2612/2612 2575/2575/2575
f 2575/2575/2575 2611/2611/2611 2621/2621/2621
f 2611/2611/2611 2620/2620/2620 2621/2621/2621
f 2610/2610/2610 2609/2609/2609 2620/2620/2620
f 2620/2620/2620 2611/2611/2611 2610/2610/2610
f 2614/2614/2614 2590/2590/2590 2595/2595/2595
f 2595/2595/2595 2594/2594/2594 2614/2614/2614
f 2613/2613/2613 2614/2614/2614 2600/2600/2600
f 2600/2600/2600 2599/2599/2599 2613/2613/2613
f 2613/2613/2613 2591/2591/2591 2614/2614/2614
f 2576/2576/2576 2595/2595/2595 2590/2590/2590
f 2590/2590/2590 2577/2577/2577 2576/2576/2576
f 2588/2588/2588 2602/2602/2602 2607/2607/2607
f 2607/2607/2607 2578/2578/2578 2588/2588/2588
f 2452/2452/2452 2523/2523/2523 2541/2541/2541
f 2541/2541/2541 2539/2539/2539 2452/2452/2452
f 2449/2449/2449 2448/2448/2448 2550/2550/2550
f 2550/2550/2550 2573/2573/2573 2449/2449/2449
f 2445/2445/2445 2444/2444/2444 2573/2573/2573
f 2573/2573/2573 2550/2550/2550 2445/2445/2445
f 2478/2478/2478 2444/2444/2444 2443/2443/2443
f 2443/2443/2443 2479/2479/2479 2478/2478/2478
f 2520/2520/2520 2450/2450/2450 2449/2449/2449
f 2449/2449/2449 2517/2517/2517 2520/2520/2520
f 2532/2532/2532 2516/2516/2516 2469/2469/2469
f 2469/2469/2469 2438/2438/2438 2532/2532/2532
f 2494/2494/2494 2521/2521/2521 2532/2532/2532
f 2532/2532/2532 2557/2557/2557 2494/2494/2494
f 2557/2557/2557 2437/2437/2437 2480/2480/2480
f 2480/2480/2480 2479/2479/2479 2557/2557/2557
f 2519/2519/2519 2574/2574/2574 2565/2565/2565
f 2565/2565/2565 2520/2520/2520 2519/2519/2519
f 2478/2478/2478 2477/2477/2477 2571/2571/2571
f 2571/2571/2571 2572/2572/2572 2478/2478/2478
f 2572/2572/2572 2571/2571/2571 2518/2518/2518
f 2518/2518/2518 2517/2517/2517 2572/2572/2572
f 2620/2620/2620 2619/2619/2619 2621/2621/2621
f 2606/2606/2606 2507/2507/2507 2508/2508/2508
f 2508/2508/2508 2570/2570/2570 2606/2606/2606
f 2569/2569/2569 2470/2470/2470 2469/2469/2469
f 2469/2469/2469 2622/2622/2622 2569/2569/2569
f 2622/2622/2622 2469/2469/2469 2516/2516/2516
f 2516/2516/2516 2515/2515/2515 2622/2622/2622
f 2606/2606/2606 2570/2570/2570 2623/2623/2623
f 2623/2623/2623 2605/2605/2605 2606/2606/2606
f 2623/2623/2623 2570/2570/2570 2568/2568/2568
f 2568/2568/2568 2567/2567/2567 2623/2623/2623
f 2569/2569/2569 2622/2622/2622 2624/2624/2624
f 2624/2624/2624 2566/2566/2566 2569/2569/2569
f 2624/2624/2624 2622/2622/2622 2515/2515/2515
f 2515/2515/2515 2625/2625/2625 2624/2624/2624
f 2515/2515/2515 2514/2514/2514 2626/2626/2626
f 2626/2626/2626 2625/2625/2625 2515/2515/2515
f 2626/2626/2626 2514/2514/2514 2531/2531/2531
f 2531/2531/2531 2627/2627/2627 2626/2626/2626
f 2531/2531/2531 2530/2530/2530 2627/2627/2627
f 2628/2628/2628 2629/2629/2629 2630/2630/2630
f 2630/2630/2630 2631/2631/2631 2628/2628/2628
f 2632/2632/2632 2633/2633/2633 2634/2634/2634
f 2634/2634/2634 2635/2635/2635 2632/2632/2632
f 2636/2636/2636 2635/2635/2635 2634/2634/2634
f 2634/2634/2634 2637/2637/2637 2636/2636/2636
f 2638/2638/2638 2628/2628/2628 2637/2637/2637
f 2637/2637/2637 2639/2639/2639 2638/2638/2638
f 2628/2628/2628 2631/2631/2631 2636/2636/2636
f 2636/2636/2636 2637/2637/2637 2628/2628/2628
f 2635/2635/2635 2640/2640/2640 2641/2641/2641
f 2641/2641/2641 2632/2632/2632 2635/2635/2635
f 2640/2640/2640 2635/2635/2635 2636/2636/2636
f 2636/2636/2636 2642/2642/2642 2640/2640/2640
f 2631/2631/2631 2643/2643/2643 2642/2642/2642
f 2642/2642/2642 2636/2636/2636 2631/2631/2631
f 2630/2630/2630 2629/2629/2629 2644/2644/2644
f 2644/2644/2644 2645/2645/2645 2630/2630/2630
f 2632/2632/2632 2641/2641/2641 2646/2646/2646
f 2646/2646/2646 2633/2633/2633 2632/2632/2632
f 2647/2647/2647 2633/2633/2633 2646/2646/2646
f 2646/2646/2646 2648/2648/2648 2647/2647/2647
f 2631/2631/2631 2630/2630/2630 2645/2645/2645
f 2645/2645/2645 2643/2643/2643 2631/2631/2631
f 2634/2634/2634 2633/2633/2633 2647/2647/2647
f 2647/2647/2647 2649/2649/2649 2634/2634/2634
f 2634/2634/2634 2649/2649/2649 2639/2639/2639
f 2639/2639/2639 2637/2637/2637 2634/2634/2634
f 2650/2650/2650 2629/2629/2629 2628/2628/2628
f 2628/2628/2628 2638/2638/2638 2650/2650/2650
f 2650/2650/2650 2651/2651/2651 2644/2644/2644
f 2644/2644/2644 2629/2629/2629 2650/2650/2650
f 2652/2652/2652 2653/2653/2653 2654/2654/2654
f 2654/2654/2654 2655/2655/2655 2652/2652/2652
f 2656/2656/2656 2657/2657/2657 2658/2658/2658
f 2658/2658/2658 2659/2659/2659 2656/2656/2656
f 2660/2660/2660 2656/2656/2656 2659/2659/2659
f 2659/2659/2659 2661/2661/2661 2660/2660/2660
f 2638/2638/2638 2639/2639/2639 2660/2660/2660
f 2660/2660/2660 2652/2652/2652 2638/2638/2638
f 2652/2652/2652 2660/2660/2660 2661/2661/2661
f 2661/2661/2661 2653/2653/2653 2652/2652/2652
f 2659/2659/2659 2658/2658/2658 2662/2662/2662
f 2662/2662/2662 2663/2663/2663 2659/2659/2659
f 2663/2663/2663 2664/2664/2664 2661/2661/2661
f 2661/2661/2661 2659/2659/2659 2663/2663/2663
f 2653/2653/2653 2661/2661/2661 2664/2664/2664
f 2664/2664/2664 2665/2665/2665 2653/2653/2653
f 2654/2654/2654 2666/2666/2666 2667/2667/2667
f 2667/2667/2667 2655/2655/2655 2654/2654/2654
f 2658/2658/2658 2657/2657/2657 2668/2668/2668
f 2668/2668/2668 2662/2662/2662 2658/2658/2658
f 2647/2647/2647 2648/2648/2648 2668/2668/2668
f 2668/2668/2668 2657/2657/2657 2647/2647/2647
f 2653/2653/2653 2665/2665/2665 2666/2666/2666
f 2666/2666/2666 2654/2654/2654 2653/2653/2653
f 2649/2649/2649 2647/2647/2647 2657/2657/2657
f 2657/2657/2657 2656/2656/2656 2649/2649/2649
f 2656/2656/2656 2660/2660/2660 2639/2639/2639
f 2639/2639/2639 2649/2649/2649 2656/2656/2656
f 2638/2638/2638 2652/2652/2652 2655/2655/2655
f 2655/2655/2655 2650/2650/2650 2638/2638/2638
f 2650/2650/2650 2655/2655/2655 2667/2667/2667
f 2667/2667/2667 2651/2651/2651 2650/2650/2650
f 2669/2669/2669 2670/2670/2670 2671/2671/2671
f 2671/2671/2671 2672/2672/2672 2669/2669/2669
f 2673/2673/2673 2674/2674/2674 2675/2675/2675
f 2675/2675/2675 2676/2676/2676 2673/2673/2673
f 2677/2677/2677 2678/2678/2678 2675/2675/2675
f 2675/2675/2675 2674/2674/2674 2677/2677/2677
f 2679/2679/2679 2680/2680/2680 2678/2678/2678
f 2678/2678/2678 2669/2669/2669 2679/2679/2679
f 2669/2669/2669 2678/2678/2678 2677/2677/2677
f 2677/2677/2677 2670/2670/2670 2669/2669/2669
f 2674/2674/2674 2673/2673/2673 2681/2681/2681
f 2681/2681/2681 2682/2682/2682 2674/2674/2674
f 2682/2682/2682 2683/2683/2683 2677/2677/2677
f 2677/2677/2677 2674/2674/2674 2682/2682/2682
f 2670/2670/2670 2677/2677/2677 2683/2683/2683
f 2683/2683/2683 2684/2684/2684 2670/2670/2670
f 2671/2671/2671 2685/2685/2685 2686/2686/2686
f 2686/2686/2686 2672/2672/2672 2671/2671/2671
f 2673/2673/2673 2676/2676/2676 2687/2687/2687
f 2687/2687/2687 2681/2681/2681 2673/2673/2673
f 2688/2688/2688 2689/2689/2689 2687/2687/2687
f 2687/2687/2687 2676/2676/2676 2688/2688/2688
f 2670/2670/2670 2684/2684/2684 2685/2685/2685
f 2685/2685/2685 2671/2671/2671 2670/2670/2670
f 2675/2675/2675 2690/2690/2690 2688/2688/2688
f 2688/2688/2688 2676/2676/2676 2675/2675/2675
f 2675/2675/2675 2678/2678/2678 2680/2680/2680
f 2680/2680/2680 2690/2690/2690 2675/2675/2675
f 2691/2691/2691 2679/2679/2679 2669/2669/2669
f 2669/2669/2669 2672/2672/2672 2691/2691/2691
f 2691/2691/2691 2672/2672/2672 2686/2686/2686
f 2686/2686/2686 2692/2692/2692 2691/2691/2691
f 2693/2693/2693 2694/2694/2694 2695/2695/2695
f 2695/2695/2695 2696/2696/2696 2693/2693/2693
f 2697/2697/2697 2698/2698/2698 2699/2699/2699
f 2699/2699/2699 2700/2700/2700 2697/2697/2697
f 2701/2701/2701 2702/2702/2702 2698/2698/2698
f 2698/2698/2698 2697/2697/2697 2701/2701/2701
f 2679/2679/2679 2693/2693/2693 2701/2701/2701
f 2701/2701/2701 2680/2680/2680 2679/2679/2679
f 2693/2693/2693 2696/2696/2696 2702/2702/2702
f 2702/2702/2702 2701/2701/2701 2693/2693/2693
f 2698/2698/2698 2703/2703/2703 2704/2704/2704
f 2704/2704/2704 2699/2699/2699 2698/2698/2698
f 2703/2703/2703 2698/2698/2698 2702/2702/2702
f 2702/2702/2702 2705/2705/2705 2703/2703/2703
f 2696/2696/2696 2706/2706/2706 2705/2705/2705
f 2705/2705/2705 2702/2702/2702 2696/2696/2696
f 2695/2695/2695 2694/2694/2694 2707/2707/2707
f 2707/2707/2707 2708/2708/2708 2695/2695/2695
f 2699/2699/2699 2704/2704/2704 2709/2709/2709
f 2709/2709/2709 2700/2700/2700 2699/2699/2699
f 2688/2688/2688 2700/2700/2700 2709/2709/2709
f 2709/2709/2709 2689/2689/2689 2688/2688/2688
f 2696/2696/2696 2695/2695/2695 2708/2708/2708
f 2708/2708/2708 2706/2706/2706 2696/2696/2696
f 2690/2690/2690 2697/2697/2697 2700/2700/2700
f 2700/2700/2700 2688/2688/2688 2690/2690/2690
f 2697/2697/2697 2690/2690/2690 2680/2680/2680
f 2680/2680/2680 2701/2701/2701 2697/2697/2697
f 2679/2679/2679 2691/2691/2691 2694/2694/2694
f 2694/2694/2694 2693/2693/2693 2679/2679/2679
f 2691/2691/2691 2692/2692/2692 2707/2707/2707
f 2707/2707/2707 2694/2694/2694 2691/2691/2691
f 2710/2710/2710 2711/2711/2711 2712/2712/2712
f 2712/2712/2712 2713/2713/2713 2710/2710/2710
f 2714/2714/2714 2715/2715/2715 2716/2716/2716
f 2716/2716/2716 2717/2717/2717 2714/2714/2714
f 2718/2718/2718 2719/2719/2719 2720/2720/2720
f 2720/2720/2720 2721/2721/2721 2718/2718/2718
f 2722/2722/2722 2723/2723/2723 2724/2724/2724
f 2724/2724/2724 2725/2725/2725 2722/2722/2722
f 2726/2726/2726 2727/2727/2727 2728/2728/2728
f 2728/2728/2728 2729/2729/2729 2726/2726/2726
f 2730/2730/2730 2727/2727/2727 2726/2726/2726
f 2726/2726/2726 2731/2731/2731 2730/2730/2730
f 2732/2732/2732 2733/2733/2733 2734/2734/2734
f 2734/2734/2734 2735/2735/2735 2732/2732/2732
f 2730/2730/2730 2735/2735/2735 2734/2734/2734
f 2734/2734/2734 2736/2736/2736 2730/2730/2730
f 2727/2727/2727 2737/2737/2737 2738/2738/2738
f 2738/2738/2738 2728/2728/2728 2727/2727/2727
f 2739/2739/2739 2740/2740/2740 2741/2741/2741
f 2741/2741/2741 2716/2716/2716 2739/2739/2739
f 2742/2742/2742 2743/2743/2743 2744/2744/2744
f 2744/2744/2744 2745/2745/2745 2742/2742/2742
f 2746/2746/2746 2747/2747/2747 2748/2748/2748
f 2748/2748/2748 2749/2749/2749 2746/2746/2746
f 2750/2750/2750 2744/2744/2744 2743/2743/2743
f 2743/2743/2743 2751/2751/2751 2750/2750/2750
f 2710/2710/2710 2713/2713/2713 2752/2752/2752
f 2752/2752/2752 2753/2753/2753 2710/2710/2710
f 2714/2714/2714 2754/2754/2754 2755/2755/2755
f 2755/2755/2755 2715/2715/2715 2714/2714/2714
f 2756/2756/2756 2757/2757/2757 2758/2758/2758
f 2758/2758/2758 2759/2759/2759 2756/2756/2756
f 2732/2732/2732 2735/2735/2735 2760/2760/2760
f 2760/2760/2760 2761/2761/2761 2732/2732/2732
f 2762/2762/2762 2763/2763/2763 2764/2764/2764
f 2764/2764/2764 2765/2765/2765 2762/2762/2762
f 2766/2766/2766 2767/2767/2767 2724/2724/2724
f 2724/2724/2724 2723/2723/2723 2766/2766/2766
f 2768/2768/2768 2765/2765/2765 2764/2764/2764
f 2764/2764/2764 2769/2769/2769 2768/2768/2768
f 2733/2733/2733 2751/2751/2751 2743/2743/2743
f 2743/2743/2743 2734/2734/2734 2733/2733/2733
f 2736/2736/2736 2734/2734/2734 2743/2743/2743
f 2743/2743/2743 2742/2742/2742 2736/2736/2736
f 2770/2770/2770 2771/2771/2771 2738/2738/2738
f 2738/2738/2738 2737/2737/2737 2770/2770/2770
f 2749/2749/2749 2748/2748/2748 2763/2763/2763
f 2763/2763/2763 2762/2762/2762 2749/2749/2749
f 2772/2772/2772 2767/2767/2767 2766/2766/2766
f 2766/2766/2766 2773/2773/2773 2772/2772/2772
f 2773/2773/2773 2718/2718/2718 2721/2721/2721
f 2721/2721/2721 2772/2772/2772 2773/2773/2773
f 2740/2740/2740 2771/2771/2771 2770/2770/2770
f 2770/2770/2770 2741/2741/2741 2740/2740/2740
f 2745/2745/2745 2744/2744/2744 2711/2711/2711
f 2711/2711/2711 2717/2717/2717 2745/2745/2745
f 2774/2774/2774 2775/2775/2775 2747/2747/2747
f 2747/2747/2747 2746/2746/2746 2774/2774/2774
f 2712/2712/2712 2711/2711/2711 2744/2744/2744
f 2744/2744/2744 2750/2750/2750 2712/2712/2712
f 2776/2776/2776 2777/2777/2777 2740/2740/2740
f 2740/2740/2740 2739/2739/2739 2776/2776/2776
f 2723/2723/2723 2722/2722/2722 2778/2778/2778
f 2778/2778/2778 2779/2779/2779 2723/2723/2723
f 2747/2747/2747 2750/2750/2750 2751/2751/2751
f 2751/2751/2751 2748/2748/2748 2747/2747/2747
f 2719/2719/2719 2776/2776/2776 2756/2756/2756
f 2763/2763/2763 2733/2733/2733 2732/2732/2732
f 2732/2732/2732 2764/2764/2764 2763/2763/2763
f 2780/2780/2780 2779/2779/2779 2728/2728/2728
f 2728/2728/2728 2738/2738/2738 2780/2780/2780
f 2732/2732/2732 2761/2761/2761 2769/2769/2769
f 2769/2769/2769 2764/2764/2764 2732/2732/2732
f 2748/2748/2748 2751/2751/2751 2733/2733/2733
f 2733/2733/2733 2763/2763/2763 2748/2748/2748
f 2781/2781/2781 2780/2780/2780 2738/2738/2738
f 2738/2738/2738 2771/2771/2771 2781/2781/2781
f 2777/2777/2777 2781/2781/2781 2771/2771/2771
f 2771/2771/2771 2740/2740/2740 2777/2777/2777
f 2775/2775/2775 2712/2712/2712 2750/2750/2750
f 2750/2750/2750 2747/2747/2747 2775/2775/2775
f 2714/2714/2714 2717/2717/2717 2711/2711/2711
f 2711/2711/2711 2710/2710/2710 2714/2714/2714
f 2735/2735/2735 2730/2730/2730 2731/2731/2731
f 2731/2731/2731 2760/2760/2760 2735/2735/2735
f 2727/2727/2727 2730/2730/2730 2736/2736/2736
f 2736/2736/2736 2737/2737/2737 2727/2727/2727
f 2742/2742/2742 2745/2745/2745 2741/2741/2741
f 2741/2741/2741 2770/2770/2770 2742/2742/2742
f 2737/2737/2737 2736/2736/2736 2742/2742/2742
f 2742/2742/2742 2770/2770/2770 2737/2737/2737
f 2745/2745/2745 2717/2717/2717 2716/2716/2716
f 2716/2716/2716 2741/2741/2741 2745/2745/2745
f 2753/2753/2753 2754/2754/2754 2714/2714/2714
f 2714/2714/2714 2710/2710/2710 2753/2753/2753
f 2715/2715/2715 2757/2757/2757 2739/2739/2739
f 2739/2739/2739 2716/2716/2716 2715/2715/2715
f 2758/2758/2758 2757/2757/2757 2715/2715/2715
f 2715/2715/2715 2755/2755/2755 2758/2758/2758
f 2712/2712/2712 2775/2775/2775 2713/2713/2713
f 2752/2752/2752 2713/2713/2713 2775/2775/2775
f 2775/2775/2775 2774/2774/2774 2752/2752/2752
f 2719/2719/2719 2756/2756/2756 2759/2759/2759
f 2759/2759/2759 2720/2720/2720 2719/2719/2719
f 2777/2777/2777 2776/2776/2776 2719/2719/2719
f 2719/2719/2719 2718/2718/2718 2777/2777/2777
f 2779/2779/2779 2778/2778/2778 2729/2729/2729
f 2729/2729/2729 2728/2728/2728 2779/2779/2779
f 2756/2756/2756 2776/2776/2776 2739/2739/2739
f 2739/2739/2739 2757/2757/2757 2756/2756/2756
f 2779/2779/2779 2780/2780/2780 2766/2766/2766
f 2766/2766/2766 2723/2723/2723 2779/2779/2779
f 2780/2780/2780 2781/2781/2781 2773/2773/2773
f 2773/2773/2773 2766/2766/2766 2780/2780/2780
f 2781/2781/2781 2777/2777/2777 2718/2718/2718
f 2718/2718/2718 2773/2773/2773 2781/2781/2781
f 2782/2782/2782 2783/2783/2783 2784/2784/2784
f 2784/2784/2784 2785/2785/2785 2782/2782/2782
f 2786/2786/2786 2787/2787/2787 2788/2788/2788
f 2788/2788/2788 2783/2783/2783 2786/2786/2786
f 2789/2789/2789 2790/2790/2790 2791/2791/2791
f 2791/2791/2791 2792/2792/2792 2789/2789/2789
f 2789/2789/2789 2792/2792/2792 2793/2793/2793
f 2793/2793/2793 2794/2794/2794 2789/2789/2789
f 2795/2795/2795 2790/2790/2790 2789/2789/2789
f 2789/2789/2789 2796/2796/2796 2795/2795/2795
f 2794/2794/2794 2797/2797/2797 2796/2796/2796
f 2796/2796/2796 2789/2789/2789 2794/2794/2794
f 2798/2798/2798 2791/2791/2791 2790/2790/2790
f 2790/2790/2790 2799/2799/2799 2798/2798/2798
f 2799/2799/2799 2800/2800/2800 2801/2801/2801
f 2801/2801/2801 2802/2802/2802 2799/2799/2799
f 2803/2803/2803 2804/2804/2804 2805/2805/2805
f 2805/2805/2805 2802/2802/2802 2803/2803/2803
f 2806/2806/2806 2803/2803/2803 2802/2802/2802
f 2802/2802/2802 2801/2801/2801 2806/2806/2806
f 2800/2800/2800 2807/2807/2807 2808/2808/2808
f 2808/2808/2808 2801/2801/2801 2800/2800/2800
f 2786/2786/2786 2809/2809/2809 2795/2795/2795
f 2795/2795/2795 2796/2796/2796 2786/2786/2786
f 2786/2786/2786 2796/2796/2796 2797/2797/2797
f 2797/2797/2797 2787/2787/2787 2786/2786/2786
f 2810/2810/2810 2794/2794/2794 2793/2793/2793
f 2793/2793/2793 2811/2811/2811 2810/2810/2810
f 2812/2812/2812 2797/2797/2797 2794/2794/2794
f 2794/2794/2794 2810/2810/2810 2812/2812/2812
f 2813/2813/2813 2787/2787/2787 2797/2797/2797
f 2797/2797/2797 2812/2812/2812 2813/2813/2813
f 2813/2813/2813 2814/2814/2814 2788/2788/2788
f 2788/2788/2788 2787/2787/2787 2813/2813/2813
f 2815/2815/2815 2784/2784/2784 2783/2783/2783
f 2783/2783/2783 2788/2788/2788 2815/2815/2815
f 2798/2798/2798 2799/2799/2799 2802/2802/2802
f 2802/2802/2802 2805/2805/2805 2798/2798/2798
f 2816/2816/2816 2817/2817/2817 2818/2818/2818
f 2818/2818/2818 2808/2808/2808 2816/2816/2816
f 2819/2819/2819 2820/2820/2820 2821/2821/2821
f 2821/2821/2821 2822/2822/2822 2819/2819/2819
f 2806/2806/2806 2801/2801/2801 2808/2808/2808
f 2808/2808/2808 2818/2818/2818 2806/2806/2806
f 2822/2822/2822 2821/2821/2821 2823/2823/2823
f 2823/2823/2823 2824/2824/2824 2822/2822/2822
f 2824/2824/2824 2823/2823/2823 2825/2825/2825
f 2825/2825/2825 2826/2826/2826 2824/2824/2824
f 2827/2827/2827 2815/2815/2815 2788/2788/2788
f 2788/2788/2788 2814/2814/2814 2827/2827/2827
f 2822/2822/2822 2810/2810/2810 2811/2811/2811
f 2811/2811/2811 2819/2819/2819 2822/2822/2822
f 2824/2824/2824 2812/2812/2812 2810/2810/2810
f 2810/2810/2810 2822/2822/2822 2824/2824/2824
f 2826/2826/2826 2813/2813/2813 2812/2812/2812
f 2812/2812/2812 2824/2824/2824 2826/2826/2826
f 2813/2813/2813 2826/2826/2826 2814/2814/2814
f 2827/2827/2827 2814/2814/2814 2826/2826/2826
f 2826/2826/2826 2825/2825/2825 2827/2827/2827
f 2782/2782/2782 2809/2809/2809 2786/2786/2786
f 2786/2786/2786 2783/2783/2783 2782/2782/2782
f 2795/2795/2795 2800/2800/2800 2799/2799/2799
f 2799/2799/2799 2790/2790/2790 2795/2795/2795
f 2807/2807/2807 2800/2800/2800 2795/2795/2795
f 2795/2795/2795 2809/2809/2809 2807/2807/2807
f 2817/2817/2817 2816/2816/2816 2782/2782/2782
f 2782/2782/2782 2785/2785/2785 2817/2817/2817
f 2816/2816/2816 2807/2807/2807 2809/2809/2809
f 2809/2809/2809 2782/2782/2782 2816/2816/2816
f 2807/2807/2807 2816/2816/2816 2808/2808/2808
f 2828/2828/2828 2829/2829/2829 2830/2830/2830
f 2830/2830/2830 2831/2831/2831 2828/2828/2828
f 2832/2832/2832 2833/2833/2833 2834/2834/2834
f 2834/2834/2834 2835/2835/2835 2832/2832/2832
f 2836/2836/2836 2837/2837/2837 2838/2838/2838
f 2838/2838/2838 2839/2839/2839 2836/2836/2836
f 2840/2840/2840 2841/2841/2841 2842/2842/2842
f 2842/2842/2842 2843/2843/2843 2840/2840/2840
f 2844/2844/2844 2845/2845/2845 2846/2846/2846
f 2846/2846/2846 2847/2847/2847 2844/2844/2844
f 2833/2833/2833 2848/2848/2848 2849/2849/2849
f 2849/2849/2849 2850/2850/2850 2833/2833/2833
f 2851/2851/2851 2852/2852/2852 2853/2853/2853
f 2853/2853/2853 2854/2854/2854 2851/2851/2851
f 2855/2855/2855 2856/2856/2856 2857/2857/2857
f 2857/2857/2857 2858/2858/2858 2855/2855/2855
f 2859/2859/2859 2860/2860/2860 2861/2861/2861
f 2861/2861/2861 2862/2862/2862 2859/2859/2859
f 2863/2863/2863 2864/2864/2864 2865/2865/2865
f 2865/2865/2865 2866/2866/2866 2863/2863/2863
f 2867/2867/2867 2868/2868/2868 2869/2869/2869
f 2869/2869/2869 2870/2870/2870 2867/2867/2867
f 2841/2841/2841 2871/2871/2871 2872/2872/2872
f 2872/2872/2872 2873/2873/2873 2841/2841/2841
f 2837/2837/2837 2874/2874/2874 2875/2875/2875
f 2875/2875/2875 2873/2873/2873 2837/2837/2837
f 2876/2876/2876 2877/2877/2877 2878/2878/2878
f 2878/2878/2878 2879/2879/2879 2876/2876/2876
f 2880/2880/2880 2881/2881/2881 2882/2882/2882
f 2882/2882/2882 2883/2883/2883 2880/2880/2880
f 2869/2869/2869 2884/2884/2884 2885/2885/2885
f 2885/2885/2885 2828/2828/2828 2869/2869/2869
f 2872/2872/2872 2886/2886/2886 2887/2887/2887
f 2887/2887/2887 2838/2838/2838 2872/2872/2872
f 2866/2866/2866 2888/2888/2888 2889/2889/2889
f 2889/2889/2889 2890/2890/2890 2866/2866/2866
f 2891/2891/2891 2892/2892/2892 2893/2893/2893
f 2893/2893/2893 2894/2894/2894 2891/2891/2891
f 2840/2840/2840 2843/2843/2843 2865/2865/2865
f 2865/2865/2865 2895/2895/2895 2840/2840/2840
f 2896/2896/2896 2897/2897/2897 2898/2898/2898
f 2898/2898/2898 2839/2839/2839 2896/2896/2896
f 2899/2899/2899 2900/2900/2900 2901/2901/2901
f 2901/2901/2901 2868/2868/2868 2899/2899/2899
f 2902/2902/2902 2903/2903/2903 2871/2871/2871
f 2871/2871/2871 2895/2895/2895 2902/2902/2902
f 2904/2904/2904 2905/2905/2905 2906/2906/2906
f 2906/2906/2906 2907/2907/2907 2904/2904/2904
f 2908/2908/2908 2909/2909/2909 2910/2910/2910
f 2910/2910/2910 2911/2911/2911 2908/2908/2908
f 2912/2912/2912 2913/2913/2913 2914/2914/2914
f 2915/2915/2915 2873/2873/2873 2875/2875/2875
f 2916/2916/2916 2917/2917/2917 2911/2911/2911
f 2918/2918/2918 2919/2919/2919 2920/2920/2920
f 2920/2920/2920 2921/2921/2921 2918/2918/2918
f 2922/2922/2922 2923/2923/2923 2924/2924/2924
f 2924/2924/2924 2925/2925/2925 2922/2922/2922
f 2919/2919/2919 2926/2926/2926 2927/2927/2927
f 2927/2927/2927 2928/2928/2928 2919/2919/2919
f 2928/2928/2928 2927/2927/2927 2922/2922/2922
f 2922/2922/2922 2929/2929/2929 2928/2928/2928
f 2930/2930/2930 2931/2931/2931 2932/2932/2932
f 2932/2932/2932 2933/2933/2933 2930/2930/2930
f 2929/2929/2929 2922/2922/2922 2925/2925/2925
f 2925/2925/2925 2934/2934/2934 2929/2929/2929
f 2926/2926/2926 2935/2935/2935 2936/2936/2936
f 2936/2936/2936 2927/2927/2927 2926/2926/2926
f 2927/2927/2927 2936/2936/2936 2923/2923/2923
f 2923/2923/2923 2922/2922/2922 2927/2927/2927
f 2937/2937/2937 2935/2935/2935 2926/2926/2926
f 2926/2926/2926 2938/2938/2938 2937/2937/2937
f 2831/2831/2831 2939/2939/2939 2940/2940/2940
f 2940/2940/2940 2870/2870/2870 2831/2831/2831
f 2833/2833/2833 2850/2850/2850 2867/2867/2867
f 2867/2867/2867 2834/2834/2834 2833/2833/2833
f 2940/2940/2940 2941/2941/2941 2942/2942/2942
f 2943/2943/2943 2944/2944/2944 2939/2939/2939
f 2939/2939/2939 2945/2945/2945 2943/2943/2943
f 2863/2863/2863 2866/2866/2866 2890/2890/2890
f 2890/2890/2890 2946/2946/2946 2863/2863/2863
f 2832/2832/2832 2947/2947/2947 2848/2848/2848
f 2848/2848/2848 2833/2833/2833 2832/2832/2832
f 2948/2948/2948 2949/2949/2949 2856/2856/2856
f 2856/2856/2856 2855/2855/2855 2948/2948/2948
f 2862/2862/2862 2861/2861/2861 2877/2877/2877
f 2877/2877/2877 2950/2950/2950 2862/2862/2862
f 2951/2951/2951 2847/2847/2847 2846/2846/2846
f 2846/2846/2846 2952/2952/2952 2951/2951/2951
f 2892/2892/2892 2953/2953/2953 2954/2954/2954
f 2954/2954/2954 2893/2893/2893 2892/2892/2892
f 2955/2955/2955 2956/2956/2956 2957/2957/2957
f 2957/2957/2957 2958/2958/2958 2955/2955/2955
f 2920/2920/2920 2959/2959/2959 2957/2957/2957
f 2957/2957/2957 2956/2956/2956 2920/2920/2920
f 2955/2955/2955 2921/2921/2921 2920/2920/2920
f 2920/2920/2920 2956/2956/2956 2955/2955/2955
f 2958/2958/2958 2957/2957/2957 2959/2959/2959
f 2959/2959/2959 2960/2960/2960 2958/2958/2958
f 2919/2919/2919 2928/2928/2928 2959/2959/2959
f 2959/2959/2959 2920/2920/2920 2919/2919/2919
f 2929/2929/2929 2960/2960/2960 2959/2959/2959
f 2959/2959/2959 2928/2928/2928 2929/2929/2929
f 2938/2938/2938 2926/2926/2926 2919/2919/2919
f 2919/2919/2919 2918/2918/2918 2938/2938/2938
f 2888/2888/2888 2961/2961/2961 2962/2962/2962
f 2962/2962/2962 2889/2889/2889 2888/2888/2888
f 2963/2963/2963 2909/2909/2909 2944/2944/2944
f 2944/2944/2944 2943/2943/2943 2963/2963/2963
f 2964/2964/2964 2932/2932/2932 2835/2835/2835
f 2835/2835/2835 2942/2942/2942 2964/2964/2964
f 2931/2931/2931 2930/2930/2930 2947/2947/2947
f 2947/2947/2947 2832/2832/2832 2931/2931/2931
f 2965/2965/2965 2966/2966/2966 2967/2967/2967
f 2967/2967/2967 2968/2968/2968 2965/2965/2965
f 2859/2859/2859 2969/2969/2969 2970/2970/2970
f 2970/2970/2970 2860/2860/2860 2859/2859/2859
f 2902/2902/2902 2895/2895/2895 2865/2865/2865
f 2865/2865/2865 2864/2864/2864 2902/2902/2902
f 2836/2836/2836 2839/2839/2839 2898/2898/2898
f 2898/2898/2898 2971/2971/2971 2836/2836/2836
f 2858/2858/2858 2857/2857/2857 2882/2882/2882
f 2882/2882/2882 2972/2972/2972 2858/2858/2858
f 2843/2843/2843 2888/2888/2888 2866/2866/2866
f 2866/2866/2866 2865/2865/2865 2843/2843/2843
f 2897/2897/2897 2891/2891/2891 2894/2894/2894
f 2894/2894/2894 2898/2898/2898 2897/2897/2897
f 2913/2913/2913 2973/2973/2973 2842/2842/2842
f 2842/2842/2842 2914/2914/2914 2913/2913/2913
f 2971/2971/2971 2965/2965/2965 2974/2974/2974
f 2974/2974/2974 2874/2874/2874 2971/2971/2971
f 2915/2915/2915 2914/2914/2914 2842/2842/2842
f 2870/2870/2870 2869/2869/2869 2828/2828/2828
f 2828/2828/2828 2831/2831/2831 2870/2870/2870
f 2841/2841/2841 2873/2873/2873 2915/2915/2915
f 2915/2915/2915 2842/2842/2842 2841/2841/2841
f 2878/2878/2878 2975/2975/2975 2857/2857/2857
f 2857/2857/2857 2856/2856/2856 2878/2878/2878
f 2840/2840/2840 2895/2895/2895 2871/2871/2871
f 2871/2871/2871 2841/2841/2841 2840/2840/2840
f 2881/2881/2881 2976/2976/2976 2972/2972/2972
f 2972/2972/2972 2882/2882/2882 2881/2881/2881
f 2885/2885/2885 2977/2977/2977 2829/2829/2829
f 2829/2829/2829 2828/2828/2828 2885/2885/2885
f 2903/2903/2903 2886/2886/2886 2872/2872/2872
f 2872/2872/2872 2871/2871/2871 2903/2903/2903
f 2978/2978/2978 2979/2979/2979 2905/2905/2905
f 2905/2905/2905 2904/2904/2904 2978/2978/2978
f 2909/2909/2909 2963/2963/2963 2980/2980/2980
f 2980/2980/2980 2910/2910/2910 2909/2909/2909
f 2910/2910/2910 2916/2916/2916 2911/2911/2911
f 2831/2831/2831 2830/2830/2830 2945/2945/2945
f 2945/2945/2945 2939/2939/2939 2831/2831/2831
f 2941/2941/2941 2940/2940/2940 2939/2939/2939
f 2939/2939/2939 2944/2944/2944 2941/2941/2941
f 2949/2949/2949 2879/2879/2879 2878/2878/2878
f 2878/2878/2878 2856/2856/2856 2949/2949/2949
f 2909/2909/2909 2908/2908/2908 2941/2941/2941
f 2941/2941/2941 2944/2944/2944 2909/2909/2909
f 2857/2857/2857 2975/2975/2975 2883/2883/2883
f 2883/2883/2883 2882/2882/2882 2857/2857/2857
f 2973/2973/2973 2888/2888/2888 2843/2843/2843
f 2843/2843/2843 2842/2842/2842 2973/2973/2973
f 2834/2834/2834 2940/2940/2940 2942/2942/2942
f 2942/2942/2942 2835/2835/2835 2834/2834/2834
f 2837/2837/2837 2873/2873/2873 2872/2872/2872
f 2872/2872/2872 2838/2838/2838 2837/2837/2837
f 2853/2853/2853 2907/2907/2907 2906/2906/2906
f 2906/2906/2906 2854/2854/2854 2853/2853/2853
f 2933/2933/2933 2917/2917/2917 2916/2916/2916
f 2860/2860/2860 2883/2883/2883 2975/2975/2975
f 2975/2975/2975 2861/2861/2861 2860/2860/2860
f 2867/2867/2867 2850/2850/2850 2899/2899/2899
f 2899/2899/2899 2868/2868/2868 2867/2867/2867
f 2836/2836/2836 2971/2971/2971 2874/2874/2874
f 2874/2874/2874 2837/2837/2837 2836/2836/2836
f 2981/2981/2981 2950/2950/2950 2877/2877/2877
f 2877/2877/2877 2876/2876/2876 2981/2981/2981
f 2887/2887/2887 2896/2896/2896 2839/2839/2839
f 2839/2839/2839 2838/2838/2838 2887/2887/2887
f 2884/2884/2884 2869/2869/2869 2868/2868/2868
f 2868/2868/2868 2901/2901/2901 2884/2884/2884
f 2964/2964/2964 2917/2917/2917 2933/2933/2933
f 2933/2933/2933 2932/2932/2932 2964/2964/2964
f 2870/2870/2870 2940/2940/2940 2834/2834/2834
f 2834/2834/2834 2867/2867/2867 2870/2870/2870
f 2861/2861/2861 2975/2975/2975 2878/2878/2878
f 2878/2878/2878 2877/2877/2877 2861/2861/2861
f 2932/2932/2932 2931/2931/2931 2832/2832/2832
f 2832/2832/2832 2835/2835/2835 2932/2932/2932
f 2880/2880/2880 2883/2883/2883 2860/2860/2860
f 2860/2860/2860 2970/2970/2970 2880/2880/2880
f 2974/2974/2974 2913/2913/2913 2912/2912/2912
f 2912/2912/2912 2874/2874/2874 2974/2974/2974
f 2874/2874/2874 2912/2912/2912 2875/2875/2875
f 2982/2982/2982 2943/2943/2943 2945/2945/2945
f 2945/2945/2945 2983/2983/2983 2982/2982/2982
f 2980/2980/2980 2963/2963/2963 2943/2943/2943
f 2943/2943/2943 2982/2982/2982 2980/2980/2980
f 2962/2962/2962 2984/2984/2984 2985/2985/2985
f 2985/2985/2985 2889/2889/2889 2962/2962/2962
f 2979/2979/2979 2986/2986/2986 2987/2987/2987
f 2987/2987/2987 2988/2988/2988 2979/2979/2979
f 2979/2979/2979 2978/2978/2978 2986/2986/2986
f 2946/2946/2946 2890/2890/2890 2989/2989/2989
f 2989/2989/2989 2990/2990/2990 2946/2946/2946
f 2890/2890/2890 2889/2889/2889 2985/2985/2985
f 2985/2985/2985 2989/2989/2989 2890/2890/2890
f 2948/2948/2948 2991/2991/2991 2949/2949/2949
f 2829/2829/2829 2977/2977/2977 2992/2992/2992
f 2992/2992/2992 2993/2993/2993 2829/2829/2829
f 2994/2994/2994 2990/2990/2990 2995/2995/2995
f 2995/2995/2995 2996/2996/2996 2994/2994/2994
f 2990/2990/2990 2989/2989/2989 2997/2997/2997
f 2997/2997/2997 2995/2995/2995 2990/2990/2990
f 2989/2989/2989 2985/2985/2985 2998/2998/2998
f 2998/2998/2998 2997/2997/2997 2989/2989/2989
f 2999/2999/2999 3000/3000/3000 3001/3001/3001
f 3001/3001/3001 2984/2984/2984 2999/2999/2999
f 2830/2830/2830 2829/2829/2829 2993/2993/2993
f 2993/2993/2993 3002/3002/3002 2830/2830/2830
f 3003/3003/3003 2996/2996/2996 2844/2844/2844
f 2844/2844/2844 2847/2847/2847 3003/3003/3003
f 2996/2996/2996 2995/2995/2995 2845/2845/2845
f 2845/2845/2845 2844/2844/2844 2996/2996/2996
f 2995/2995/2995 2997/2997/2997 2846/2846/2846
f 2846/2846/2846 2845/2845/2845 2995/2995/2995
f 2997/2997/2997 2998/2998/2998 2952/2952/2952
f 2952/2952/2952 2846/2846/2846 2997/2997/2997
f 2998/2998/2998 3001/3001/3001 2951/2951/2951
f 2951/2951/2951 2952/2952/2952 2998/2998/2998
f 3000/3000/3000 3003/3003/3003 2847/2847/2847
f 2847/2847/2847 2951/2951/2951 3000/3000/3000
f 3004/3004/3004 2830/2830/2830 3002/3002/3002
f 2983/2983/2983 2945/2945/2945 2830/2830/2830
f 2830/2830/2830 3004/3004/3004 2983/2983/2983
f 2998/2998/2998 2985/2985/2985 2984/2984/2984
f 2984/2984/2984 3001/3001/3001 2998/2998/2998
f 2988/2988/2988 2987/2987/2987 3005/3005/3005
f 3005/3005/3005 3006/3006/3006 2988/2988/2988
f 3001/3001/3001 3000/3000/3000 2951/2951/2951
f 2894/2894/2894 2893/2893/2893 2966/2966/2966
f 2966/2966/2966 2965/2965/2965 2894/2894/2894
f 2893/2893/2893 2954/2954/2954 3007/3007/3007
f 3007/3007/3007 2966/2966/2966 2893/2893/2893
f 3008/3008/3008 2851/2851/2851 3009/3009/3009
f 3009/3009/3009 3010/3010/3010 3008/3008/3008
f 2973/2973/2973 2961/2961/2961 2888/2888/2888
f 2971/2971/2971 2898/2898/2898 2894/2894/2894
f 2894/2894/2894 2965/2965/2965 2971/2971/2971
f 2851/2851/2851 3008/3008/3008 2852/2852/2852
f 2965/2965/2965 2968/2968/2968 2974/2974/2974
f 3011/3011/3011 3012/3012/3012 3013/3013/3013
f 3013/3013/3013 3014/3014/3014 3011/3011/3011
f 3013/3013/3013 3012/3012/3012 3015/3015/3015
f 3015/3015/3015 3016/3016/3016 3013/3013/3013
f 2876/2876/2876 3017/3017/3017 2981/2981/2981
f 2953/2953/2953 3018/3018/3018 3019/3019/3019
f 3019/3019/3019 3020/3020/3020 2953/2953/2953
f 2900/2900/2900 2899/2899/2899 3021/3021/3021
f 3021/3021/3021 3022/3022/3022 2900/2900/2900
f 2899/2899/2899 2850/2850/2850 3023/3023/3023
f 3023/3023/3023 3021/3021/3021 2899/2899/2899
f 2850/2850/2850 2849/2849/2849 3023/3023/3023
f 3007/3007/3007 2954/2954/2954 3024/3024/3024
f 3024/3024/3024 3025/3025/3025 3007/3007/3007
f 2954/2954/2954 2953/2953/2953 3020/3020/3020
f 3020/3020/3020 3024/3024/3024 2954/2954/2954
f 3026/3026/3026 3027/3027/3027 3015/3015/3015
f 3015/3015/3015 3028/3028/3028 3026/3026/3026
f 3020/3020/3020 3019/3019/3019 3011/3011/3011
f 3011/3011/3011 3014/3014/3014 3020/3020/3020
f 3019/3019/3019 3029/3029/3029 3012/3012/3012
f 3012/3012/3012 3011/3011/3011 3019/3019/3019
f 3029/3029/3029 3028/3028/3028 3015/3015/3015
f 3015/3015/3015 3012/3012/3012 3029/3029/3029
f 3025/3025/3025 3024/3024/3024 3013/3013/3013
f 3013/3013/3013 3016/3016/3016 3025/3025/3025
f 3024/3024/3024 3020/3020/3020 3014/3014/3014
f 3014/3014/3014 3013/3013/3013 3024/3024/3024
f 3015/3015/3015 3027/3027/3027 3025/3025/3025
f 3025/3025/3025 3016/3016/3016 3015/3015/3015
f 2967/2967/2967 2966/2966/2966 3007/3007/3007
f 3007/3007/3007 3027/3027/3027 2967/2967/2967
f 3009/3009/3009 3030/3030/3030 3031/3031/3031
f 3031/3031/3031 3010/3010/3010 3009/3009/3009
f 3027/3027/3027 3007/3007/3007 3025/3025/3025
f 3032/3032/3032 3033/3033/3033 3034/3034/3034
f 3034/3034/3034 3035/3035/3035 3032/3032/3032
f 3032/3032/3032 3036/3036/3036 3037/3037/3037
f 3037/3037/3037 3038/3038/3038 3032/3032/3032
f 3036/3036/3036 3039/3039/3039 3040/3040/3040
f 3040/3040/3040 3037/3037/3037 3036/3036/3036
f 3035/3035/3035 3041/3041/3041 3036/3036/3036
f 3036/3036/3036 3032/3032/3032 3035/3035/3035
f 3042/3042/3042 3043/3043/3043 3044/3044/3044
f 3044/3044/3044 3045/3045/3045 3042/3042/3042
f 3042/3042/3042 3046/3046/3046 3047/3047/3047
f 3047/3047/3047 3043/3043/3043 3042/3042/3042
f 3048/3048/3048 3049/3049/3049 3050/3050/3050
f 3050/3050/3050 3051/3051/3051 3048/3048/3048
f 3052/3052/3052 3053/3053/3053 3050/3050/3050
f 3050/3050/3050 3049/3049/3049 3052/3052/3052
f 3036/3036/3036 3041/3041/3041 3054/3054/3054
f 3054/3054/3054 3039/3039/3039 3036/3036/3036
f 3055/3055/3055 3033/3033/3033 3056/3056/3056
f 3056/3056/3056 3057/3057/3057 3055/3055/3055
f 3032/3032/3032 3038/3038/3038 3056/3056/3056
f 3056/3056/3056 3033/3033/3033 3032/3032/3032
f 3055/3055/3055 3058/3058/3058 3034/3034/3034
f 3034/3034/3034 3033/3033/3033 3055/3055/3055
f 3055/3055/3055 3059/3059/3059 3060/3060/3060
f 3060/3060/3060 3058/3058/3058 3055/3055/3055
f 3057/3057/3057 3061/3061/3061 3059/3059/3059
f 3059/3059/3059 3055/3055/3055 3057/3057/3057
f 3062/3062/3062 3063/3063/3063 3064/3064/3064
f 3064/3064/3064 3065/3065/3065 3062/3062/3062
f 3062/3062/3062 3066/3066/3066 3067/3067/3067
f 3067/3067/3067 3063/3063/3063 3062/3062/3062
f 3068/3068/3068 3046/3046/3046 3042/3042/3042
f 3042/3042/3042 3069/3069/3069 3068/3068/3068
f 3042/3042/3042 3045/3045/3045 3070/3070/3070
f 3070/3070/3070 3069/3069/3069 3042/3042/3042
f 3044/3044/3044 3066/3066/3066 3062/3062/3062
f 3062/3062/3062 3045/3045/3045 3044/3044/3044
f 3062/3062/3062 3065/3065/3065 3070/3070/3070
f 3070/3070/3070 3045/3045/3045 3062/3062/3062
f 3071/3071/3071 3072/3072/3072 3073/3073/3073
f 3073/3073/3073 3074/3074/3074 3071/3071/3071
f 3071/3071/3071 3075/3075/3075 3076/3076/3076
f 3076/3076/3076 3077/3077/3077 3071/3071/3071
f 3077/3077/3077 3076/3076/3076 3078/3078/3078
f 3078/3078/3078 3079/3079/3079 3077/3077/3077
f 3072/3072/3072 3071/3071/3071 3077/3077/3077
f 3077/3077/3077 3080/3080/3080 3072/3072/3072
f 3081/3081/3081 3082/3082/3082 3083/3083/3083
f 3083/3083/3083 3084/3084/3084 3081/3081/3081
f 3081/3081/3081 3084/3084/3084 3085/3085/3085
f 3085/3085/3085 3086/3086/3086 3081/3081/3081
f 3087/3087/3087 3088/3088/3088 3089/3089/3089
f 3089/3089/3089 3090/3090/3090 3087/3087/3087
f 3091/3091/3091 3088/3088/3088 3087/3087/3087
f 3087/3087/3087 3092/3092/3092 3091/3091/3091
f 3077/3077/3077 3079/3079/3079 3093/3093/3093
f 3093/3093/3093 3080/3080/3080 3077/3077/3077
f 3094/3094/3094 3095/3095/3095 3096/3096/3096
f 3096/3096/3096 3074/3074/3074 3094/3094/3094
f 3071/3071/3071 3074/3074/3074 3096/3096/3096
f 3096/3096/3096 3075/3075/3075 3071/3071/3071
f 3094/3094/3094 3074/3074/3074 3073/3073/3073
f 3073/3073/3073 3097/3097/3097 3094/3094/3094
f 3059/3059/3059 3094/3094/3094 3097/3097/3097
f 3097/3097/3097 3060/3060/3060 3059/3059/3059
f 3095/3095/3095 3094/3094/3094 3059/3059/3059
f 3059/3059/3059 3061/3061/3061 3095/3095/3095
f 3098/3098/3098 3099/3099/3099 3064/3064/3064
f 3064/3064/3064 3063/3063/3063 3098/3098/3098
f 3098/3098/3098 3063/3063/3063 3067/3067/3067
f 3067/3067/3067 3100/3100/3100 3098/3098/3098
f 3101/3101/3101 3102/3102/3102 3081/3081/3081
f 3081/3081/3081 3086/3086/3086 3101/3101/3101
f 3081/3081/3081 3102/3102/3102 3103/3103/3103
f 3103/3103/3103 3082/3082/3082 3081/3081/3081
f 3083/3083/3083 3082/3082/3082 3098/3098/3098
f 3098/3098/3098 3100/3100/3100 3083/3083/3083
f 3098/3098/3098 3082/3082/3082 3103/3103/3103
f 3103/3103/3103 3099/3099/3099 3098/3098/3098
f 3054/3054/3054 3051/3051/3051 3050/3050/3050
f 3050/3050/3050 3039/3039/3039 3054/3054/3054
f 3039/3039/3039 3050/3050/3050 3053/3053/3053
f 3053/3053/3053 3040/3040/3040 3039/3039/3039
f 3087/3087/3087 3090/3090/3090 3093/3093/3093
f 3093/3093/3093 3079/3079/3079 3087/3087/3087
f 3092/3092/3092 3087/3087/3087 3079/3079/3079
f 3079/3079/3079 3078/3078/3078 3092/3092/3092
f 3104/3104/3104 3105/3105/3105 3106/3106/3106
f 3104/3104/3104 3107/3107/3107 3108/3108/3108
f 3109/3109/3109 3110/3110/3110 3111/3111/3111
f 3111/3111/3111 3112/3112/3112 3109/3109/3109
f 3113/3113/3113 3114/3114/3114 3115/3115/3115
f 3115/3115/3115 3116/3116/3116 3113/3113/3113
f 3117/3117/3117 3118/3118/3118 3119/3119/3119
f 3119/3119/3119 3120/3120/3120 3117/3117/3117
f 3119/3119/3119 3121/3121/3121 3122/3122/3122
f 3122/3122/3122 3120/3120/3120 3119/3119/3119
f 3122/3122/3122 3121/3121/3121 3123/3123/3123
f 3123/3123/3123 3124/3124/3124 3122/3122/3122
f 3118/3118/3118 3117/3117/3117 3116/3116/3116
f 3116/3116/3116 3115/3115/3115 3118/3118/3118
f 3125/3125/3125 3126/3126/3126 3127/3127/3127
f 3127/3127/3127 3128/3128/3128 3125/3125/3125
f 3126/3126/3126 3129/3129/3129 3130/3130/3130
f 3130/3130/3130 3127/3127/3127 3126/3126/3126
f 3131/3131/3131 3132/3132/3132 3133/3133/3133
f 3133/3133/3133 3134/3134/3134 3131/3131/3131
f 3135/3135/3135 3136/3136/3136 3137/3137/3137
f 3137/3137/3137 3138/3138/3138 3135/3135/3135
f 3139/3139/3139 3136/3136/3136 3135/3135/3135
f 3135/3135/3135 3140/3140/3140 3139/3139/3139
f 3141/3141/3141 3139/3139/3139 3140/3140/3140
f 3140/3140/3140 3142/3142/3142 3141/3141/3141
f 3143/3143/3143 3130/3130/3130 3129/3129/3129
f 3129/3129/3129 3144/3144/3144 3143/3143/3143
f 3145/3145/3145 3146/3146/3146 3147/3147/3147
f 3147/3147/3147 3148/3148/3148 3145/3145/3145
f 3149/3149/3149 3150/3150/3150 3151/3151/3151
f 3151/3151/3151 3152/3152/3152 3149/3149/3149
f 3153/3153/3153 3154/3154/3154 3155/3155/3155
f 3155/3155/3155 3156/3156/3156 3153/3153/3153
f 3157/3157/3157 3149/3149/3149 3152/3152/3152
f 3152/3152/3152 3158/3158/3158 3157/3157/3157
f 3157/3157/3157 3158/3158/3158 3159/3159/3159
f 3159/3159/3159 3160/3160/3160 3157/3157/3157
f 3159/3159/3159 3161/3161/3161 3162/3162/3162
f 3162/3162/3162 3160/3160/3160 3159/3159/3159
f 3163/3163/3163 3164/3164/3164 3165/3165/3165
f 3165/3165/3165 3166/3166/3166 3163/3163/3163
f 3128/3128/3128 3132/3132/3132 3131/3131/3131
f 3131/3131/3131 3125/3125/3125 3128/3128/3128
f 3167/3167/3167 3153/3153/3153 3156/3156/3156
f 3156/3156/3156 3168/3168/3168 3167/3167/3167
f 3148/3148/3148 3147/3147/3147 3169/3169/3169
f 3169/3169/3169 3170/3170/3170 3148/3148/3148
f 3171/3171/3171 3164/3164/3164 3163/3163/3163
f 3163/3163/3163 3172/3172/3172 3171/3171/3171
f 3159/3159/3159 3173/3173/3173 3174/3174/3174
f 3174/3174/3174 3161/3161/3161 3159/3159/3159
f 3158/3158/3158 3175/3175/3175 3173/3173/3173
f 3173/3173/3173 3159/3159/3159 3158/3158/3158
f 3152/3152/3152 3176/3176/3176 3175/3175/3175
f 3175/3175/3175 3158/3158/3158 3152/3152/3152
f 3151/3151/3151 3177/3177/3177 3176/3176/3176
f 3176/3176/3176 3152/3152/3152 3151/3151/3151
f 3132/3132/3132 3177/3177/3177 3167/3167/3167
f 3174/3174/3174 3141/3141/3141 3171/3171/3171
f 3171/3171/3171 3172/3172/3172 3174/3174/3174
f 3141/3141/3141 3174/3174/3174 3173/3173/3173
f 3173/3173/3173 3139/3139/3139 3141/3141/3141
f 3139/3139/3139 3173/3173/3173 3175/3175/3175
f 3175/3175/3175 3136/3136/3136 3139/3139/3139
f 3136/3136/3136 3175/3175/3175 3176/3176/3176
f 3176/3176/3176 3137/3137/3137 3136/3136/3136
f 3161/3161/3161 3174/3174/3174 3172/3172/3172
f 3172/3172/3172 3163/3163/3163 3161/3161/3161
f 3166/3166/3166 3162/3162/3162 3161/3161/3161
f 3161/3161/3161 3163/3163/3163 3166/3166/3166
f 3151/3151/3151 3150/3150/3150 3154/3154/3154
f 3154/3154/3154 3153/3153/3153 3151/3151/3151
f 3177/3177/3177 3151/3151/3151 3153/3153/3153
f 3153/3153/3153 3167/3167/3167 3177/3177/3177
f 3168/3168/3168 3133/3133/3133 3132/3132/3132
f 3132/3132/3132 3167/3167/3167 3168/3168/3168
f 3178/3178/3178 3179/3179/3179 3180/3180/3180
f 3179/3179/3179 3178/3178/3178 3181/3181/3181
f 3182/3182/3182 3183/3183/3183 3181/3181/3181
f 3184/3184/3184 3185/3185/3185 3110/3110/3110
f 3186/3186/3186 3187/3187/3187 3188/3188/3188
f 3188/3188/3188 3189/3189/3189 3186/3186/3186
f 3190/3190/3190 3191/3191/3191 3192/3192/3192
f 3192/3192/3192 3193/3193/3193 3190/3190/3190
f 3190/3190/3190 3194/3194/3194 3195/3195/3195
f 3195/3195/3195 3191/3191/3191 3190/3190/3190
f 3194/3194/3194 3124/3124/3124 3123/3123/3123
f 3123/3123/3123 3195/3195/3195 3194/3194/3194
f 3192/3192/3192 3188/3188/3188 3187/3187/3187
f 3187/3187/3187 3193/3193/3193 3192/3192/3192
f 3196/3196/3196 3197/3197/3197 3198/3198/3198
f 3198/3198/3198 3199/3199/3199 3196/3196/3196
f 3200/3200/3200 3201/3201/3201 3197/3197/3197
f 3197/3197/3197 3196/3196/3196 3200/3200/3200
f 3202/3202/3202 3203/3203/3203 3204/3204/3204
f 3204/3204/3204 3205/3205/3205 3202/3202/3202
f 3201/3201/3201 3200/3200/3200 3143/3143/3143
f 3143/3143/3143 3144/3144/3144 3201/3201/3201
f 3206/3206/3206 3207/3207/3207 3208/3208/3208
f 3209/3209/3209 3210/3210/3210 3211/3211/3211
f 3211/3211/3211 3212/3212/3212 3209/3209/3209
f 3145/3145/3145 3148/3148/3148 3213/3213/3213
f 3213/3213/3213 3214/3214/3214 3145/3145/3145
f 3215/3215/3215 3216/3216/3216 3217/3217/3217
f 3217/3217/3217 3218/3218/3218 3215/3215/3215
f 3219/3219/3219 3220/3220/3220 3221/3221/3221
f 3221/3221/3221 3222/3222/3222 3219/3219/3219
f 3223/3223/3223 3224/3224/3224 3216/3216/3216
f 3216/3216/3216 3215/3215/3215 3223/3223/3223
f 3223/3223/3223 3225/3225/3225 3226/3226/3226
f 3226/3226/3226 3224/3224/3224 3223/3223/3223
f 3226/3226/3226 3225/3225/3225 3227/3227/3227
f 3227/3227/3227 3228/3228/3228 3226/3226/3226
f 3229/3229/3229 3230/3230/3230 3209/3209/3209
f 3209/3209/3209 3212/3212/3212 3229/3229/3229
f 3202/3202/3202 3205/3205/3205 3199/3199/3199
f 3199/3199/3199 3198/3198/3198 3202/3202/3202
f 3231/3231/3231 3232/3232/3232 3220/3220/3220
f 3220/3220/3220 3219/3219/3219 3231/3231/3231
f 3213/3213/3213 3148/3148/3148 3170/3170/3170
f 3170/3170/3170 3233/3233/3233 3213/3213/3213
f 3211/3211/3211 3206/3206/3206 3208/3208/3208
f 3208/3208/3208 3212/3212/3212 3211/3211/3211
f 3208/3208/3208 3234/3234/3234 3229/3229/3229
f 3229/3229/3229 3212/3212/3212 3208/3208/3208
f 3226/3226/3226 3228/3228/3228 3235/3235/3235
f 3235/3235/3235 3236/3236/3236 3226/3226/3226
f 3224/3224/3224 3226/3226/3226 3236/3236/3236
f 3236/3236/3236 3237/3237/3237 3224/3224/3224
f 3216/3216/3216 3224/3224/3224 3237/3237/3237
f 3237/3237/3237 3238/3238/3238 3216/3216/3216
f 3217/3217/3217 3216/3216/3216 3238/3238/3238
f 3238/3238/3238 3239/3239/3239 3217/3217/3217
f 3205/3205/3205 3231/3231/3231 3239/3239/3239
f 3208/3208/3208 3207/3207/3207 3235/3235/3235
f 3235/3235/3235 3234/3234/3234 3208/3208/3208
f 3207/3207/3207 3240/3240/3240 3236/3236/3236
f 3236/3236/3236 3235/3235/3235 3207/3207/3207
f 3240/3240/3240 3241/3241/3241 3237/3237/3237
f 3237/3237/3237 3236/3236/3236 3240/3240/3240
f 3241/3241/3241 3242/3242/3242 3238/3238/3238
f 3238/3238/3238 3237/3237/3237 3241/3241/3241
f 3228/3228/3228 3229/3229/3229 3234/3234/3234
f 3234/3234/3234 3235/3235/3235 3228/3228/3228
f 3230/3230/3230 3229/3229/3229 3228/3228/3228
f 3228/3228/3228 3227/3227/3227 3230/3230/3230
f 3217/3217/3217 3219/3219/3219 3222/3222/3222
f 3222/3222/3222 3218/3218/3218 3217/3217/3217
f 3239/3239/3239 3231/3231/3231 3219/3219/3219
f 3219/3219/3219 3217/3217/3217 3239/3239/3239
f 3232/3232/3232 3231/3231/3231 3205/3205/3205
f 3205/3205/3205 3204/3204/3204 3232/3232/3232
f 3111/3111/3111 3243/3243/3243 3244/3244/3244
f 3244/3244/3244 3112/3112/3112 3111/3111/3111
f 3182/3182/3182 3245/3245/3245 3246/3246/3246
f 3246/3246/3246 3247/3247/3247 3182/3182/3182
f 3247/3247/3247 3183/3183/3183 3182/3182/3182
f 3245/3245/3245 3110/3110/3110 3185/3185/3185
f 3185/3185/3185 3246/3246/3246 3245/3245/3245
f 3110/3110/3110 3109/3109/3109 3184/3184/3184
f 3142/3142/3142 3248/3248/3248 3249/3249/3249
f 3249/3249/3249 3141/3141/3141 3142/3142/3142
f 3250/3250/3250 3213/3213/3213 3233/3233/3233
f 3233/3233/3233 3251/3251/3251 3250/3250/3250
f 3250/3250/3250 3252/3252/3252 3214/3214/3214
f 3214/3214/3214 3213/3213/3213 3250/3250/3250
f 3248/3248/3248 3253/3253/3253 3254/3254/3254
f 3254/3254/3254 3249/3249/3249 3248/3248/3248
f 3254/3254/3254 3253/3253/3253 3255/3255/3255
f 3255/3255/3255 3256/3256/3256 3254/3254/3254
f 3257/3257/3257 3258/3258/3258 3259/3259/3259
f 3259/3259/3259 3260/3260/3260 3257/3257/3257
f 3261/3261/3261 3262/3262/3262 3263/3263/3263
f 3263/3263/3263 3264/3264/3264 3261/3261/3261
f 3261/3261/3261 3265/3265/3265 3266/3266/3266
f 3266/3266/3266 3262/3262/3262 3261/3261/3261
f 3267/3267/3267 3264/3264/3264 3263/3263/3263
f 3263/3263/3263 3268/3268/3268 3267/3267/3267
f 3264/3264/3264 3267/3267/3267 3269/3269/3269
f 3269/3269/3269 3261/3261/3261 3264/3264/3264
f 3261/3261/3261 3269/3269/3269 3270/3270/3270
f 3270/3270/3270 3265/3265/3265 3261/3261/3261
f 3265/3265/3265 3271/3271/3271 3272/3272/3272
f 3272/3272/3272 3266/3266/3266 3265/3265/3265
f 3273/3273/3273 3271/3271/3271 3265/3265/3265
f 3265/3265/3265 3270/3270/3270 3273/3273/3273
f 3274/3274/3274 3272/3272/3272 3271/3271/3271
f 3271/3271/3271 3275/3275/3275 3274/3274/3274
f 3273/3273/3273 3276/3276/3276 3275/3275/3275
f 3275/3275/3275 3271/3271/3271 3273/3273/3273
f 3275/3275/3275 3258/3258/3258 3257/3257/3257
f 3257/3257/3257 3274/3274/3274 3275/3275/3275
f 3276/3276/3276 3277/3277/3277 3258/3258/3258
f 3258/3258/3258 3275/3275/3275 3276/3276/3276
f 3278/3278/3278 3279/3279/3279 3274/3274/3274
f 3274/3274/3274 3257/3257/3257 3278/3278/3278
f 3259/3259/3259 3258/3258/3258 3277/3277/3277
f 3277/3277/3277 3280/3280/3280 3259/3259/3259
f 3281/3281/3281 3260/3260/3260 3259/3259/3259
f 3259/3259/3259 3280/3280/3280 3281/3281/3281
f 3276/3276/3276 3282/3282/3282 3283/3283/3283
f 3283/3283/3283 3277/3277/3277 3276/3276/3276
f 3284/3284/3284 3280/3280/3280 3277/3277/3277
f 3277/3277/3277 3283/3283/3283 3284/3284/3284
f 3276/3276/3276 3273/3273/3273 3285/3285/3285
f 3285/3285/3285 3282/3282/3282 3276/3276/3276
f 3286/3286/3286 3285/3285/3285 3273/3273/3273
f 3273/3273/3273 3270/3270/3270 3286/3286/3286
f 3267/3267/3267 3287/3287/3287 3288/3288/3288
f 3288/3288/3288 3269/3269/3269 3267/3267/3267
f 3287/3287/3287 3267/3267/3267 3268/3268/3268
f 3268/3268/3268 3289/3289/3289 3287/3287/3287
f 3288/3288/3288 3286/3286/3286 3270/3270/3270
f 3270/3270/3270 3269/3269/3269 3288/3288/3288
f 3288/3288/3288 3287/3287/3287 3290/3290/3290
f 3290/3290/3290 3291/3291/3291 3288/3288/3288
f 3286/3286/3286 3288/3288/3288 3291/3291/3291
f 3291/3291/3291 3292/3292/3292 3286/3286/3286
f 3292/3292/3292 3293/3293/3293 3285/3285/3285
f 3285/3285/3285 3286/3286/3286 3292/3292/3292
f 3282/3282/3282 3285/3285/3285 3293/3293/3293
f 3293/3293/3293 3294/3294/3294 3282/3282/3282
f 3283/3283/3283 3282/3282/3282 3294/3294/3294
f 3294/3294/3294 3295/3295/3295 3283/3283/3283
f 3296/3296/3296 3297/3297/3297 3298/3298/3298
f 3298/3298/3298 3284/3284/3284 3296/3296/3296
f 3299/3299/3299 3290/3290/3290 3287/3287/3287
f 3287/3287/3287 3289/3289/3289 3299/3299/3299
f 3298/3298/3298 3281/3281/3281 3280/3280/3280
f 3280/3280/3280 3284/3284/3284 3298/3298/3298
f 3283/3283/3283 3295/3295/3295 3296/3296/3296
f 3296/3296/3296 3284/3284/3284 3283/3283/3283
f 3262/3262/3262 3300/3300/3300 3301/3301/3301
f 3301/3301/3301 3263/3263/3263 3262/3262/3262
f 3301/3301/3301 3302/3302/3302 3268/3268/3268
f 3268/3268/3268 3263/3263/3263 3301/3301/3301
f 3272/3272/3272 3303/3303/3303 3304/3304/3304
f 3304/3304/3304 3266/3266/3266 3272/3272/3272
f 3305/3305/3305 3306/3306/3306 3281/3281/3281
f 3281/3281/3281 3298/3298/3298 3305/3305/3305
f 3307/3307/3307 3308/3308/3308 3309/3309/3309
f 3309/3309/3309 3310/3310/3310 3307/3307/3307
f 3311/3311/3311 3312/3312/3312 3313/3313/3313
f 3313/3313/3313 3314/3314/3314 3311/3311/3311
f 3312/3312/3312 3315/3315/3315 3316/3316/3316
f 3316/3316/3316 3313/3313/3313 3312/3312/3312
f 3311/3311/3311 3314/3314/3314 3317/3317/3317
f 3317/3317/3317 3318/3318/3318 3311/3311/3311
f 3314/3314/3314 3313/3313/3313 3319/3319/3319
f 3319/3319/3319 3317/3317/3317 3314/3314/3314
f 3313/3313/3313 3316/3316/3316 3320/3320/3320
f 3320/3320/3320 3319/3319/3319 3313/3313/3313
f 3315/3315/3315 3321/3321/3321 3322/3322/3322
f 3322/3322/3322 3316/3316/3316 3315/3315/3315
f 3323/3323/3323 3320/3320/3320 3316/3316/3316
f 3316/3316/3316 3322/3322/3322 3323/3323/3323
f 3322/3322/3322 3321/3321/3321 3324/3324/3324
f 3324/3324/3324 3325/3325/3325 3322/3322/3322
f 3323/3323/3323 3322/3322/3322 3325/3325/3325
f 3325/3325/3325 3326/3326/3326 3323/3323/3323
f 3309/3309/3309 3308/3308/3308 3325/3325/3325
f 3325/3325/3325 3324/3324/3324 3309/3309/3309
f 3326/3326/3326 3325/3325/3325 3308/3308/3308
f 3308/3308/3308 3327/3327/3327 3326/3326/3326
f 3279/3279/3279 3278/3278/3278 3309/3309/3309
f 3309/3309/3309 3324/3324/3324 3279/3279/3279
f 3307/3307/3307 3328/3328/3328 3327/3327/3327
f 3327/3327/3327 3308/3308/3308 3307/3307/3307
f 3326/3326/3326 3327/3327/3327 3329/3329/3329
f 3329/3329/3329 3330/3330/3330 3326/3326/3326
f 3331/3331/3331 3329/3329/3329 3327/3327/3327
f 3327/3327/3327 3328/3328/3328 3331/3331/3331
f 3326/3326/3326 3330/3330/3330 3332/3332/3332
f 3332/3332/3332 3323/3323/3323 3326/3326/3326
f 3333/3333/3333 3320/3320/3320 3323/3323/3323
f 3323/3323/3323 3332/3332/3332 3333/3333/3333
f 3317/3317/3317 3319/3319/3319 3334/3334/3334
f 3334/3334/3334 3335/3335/3335 3317/3317/3317
f 3336/3336/3336 3318/3318/3318 3317/3317/3317
f 3317/3317/3317 3335/3335/3335 3336/3336/3336
f 3334/3334/3334 3319/3319/3319 3320/3320/3320
f 3320/3320/3320 3333/3333/3333 3334/3334/3334
f 3334/3334/3334 3337/3337/3337 3338/3338/3338
f 3338/3338/3338 3335/3335/3335 3334/3334/3334
f 3333/3333/3333 3339/3339/3339 3337/3337/3337
f 3337/3337/3337 3334/3334/3334 3333/3333/3333
f 3339/3339/3339 3333/3333/3333 3332/3332/3332
f 3332/3332/3332 3340/3340/3340 3339/3339/3339
f 3330/3330/3330 3341/3341/3341 3340/3340/3340
f 3340/3340/3340 3332/3332/3332 3330/3330/3330
f 3329/3329/3329 3342/3342/3342 3341/3341/3341
f 3341/3341/3341 3330/3330/3330 3329/3329/3329
f 3343/3343/3343 3344/3344/3344 3331/3331/3331
f 3331/3331/3331 3345/3345/3345 3343/3343/3343
f 3335/3335/3335 3338/3338/3338 3346/3346/3346
f 3346/3346/3346 3336/3336/3336 3335/3335/3335
f 3347/3347/3347 3345/3345/3345 3331/3331/3331
f 3331/3331/3331 3328/3328/3328 3347/3347/3347
f 3329/3329/3329 3331/3331/3331 3344/3344/3344
f 3344/3344/3344 3342/3342/3342 3329/3329/3329
f 3301/3301/3301 3300/3300/3300 3312/3312/3312
f 3312/3312/3312 3311/3311/3311 3301/3301/3301
f 3301/3301/3301 3311/3311/3311 3318/3318/3318
f 3318/3318/3318 3302/3302/3302 3301/3301/3301
f 3304/3304/3304 3303/3303/3303 3321/3321/3321
f 3321/3321/3321 3315/3315/3315 3304/3304/3304
f 3306/3306/3306 3305/3305/3305 3345/3345/3345
f 3345/3345/3345 3347/3347/3347 3306/3306/3306
f 3310/3310/3310 3347/3347/3347 3328/3328/3328
f 3328/3328/3328 3307/3307/3307 3310/3310/3310
f 3253/3253/3253 3147/3147/3147 3146/3146/3146
f 3146/3146/3146 3255/3255/3255 3253/3253/3253
f 3169/3169/3169 3147/3147/3147 3253/3253/3253
f 3253/3253/3253 3248/3248/3248 3169/3169/3169
f 3272/3272/3272 3274/3274/3274 3279/3279/3279
f 3279/3279/3279 3303/3303/3303 3272/3272/3272
f 3348/3348/3348 3260/3260/3260 3281/3281/3281
f 3281/3281/3281 3306/3306/3306 3348/3348/3348
f 3349/3349/3349 3299/3299/3299 3289/3289/3289
f 3289/3289/3289 3350/3350/3350 3349/3349/3349
f 3300/3300/3300 3262/3262/3262 3266/3266/3266
f 3266/3266/3266 3304/3304/3304 3300/3300/3300
f 3257/3257/3257 3260/3260/3260 3348/3348/3348
f 3348/3348/3348 3278/3278/3278 3257/3257/3257
f 3350/3350/3350 3289/3289/3289 3268/3268/3268
f 3268/3268/3268 3302/3302/3302 3350/3350/3350
f 3298/3298/3298 3297/3297/3297 3351/3351/3351
f 3351/3351/3351 3305/3305/3305 3298/3298/3298
f 3141/3141/3141 3249/3249/3249 3171/3171/3171
f 3171/3171/3171 3249/3249/3249 3254/3254/3254
f 3254/3254/3254 3164/3164/3164 3171/3171/3171
f 3254/3254/3254 3256/3256/3256 3165/3165/3165
f 3165/3165/3165 3164/3164/3164 3254/3254/3254
f 3279/3279/3279 3324/3324/3324 3321/3321/3321
f 3321/3321/3321 3303/3303/3303 3279/3279/3279
f 3347/3347/3347 3310/3310/3310 3348/3348/3348
f 3348/3348/3348 3306/3306/3306 3347/3347/3347
f 3336/3336/3336 3346/3346/3346 3349/3349/3349
f 3349/3349/3349 3350/3350/3350 3336/3336/3336
f 3315/3315/3315 3312/3312/3312 3300/3300/3300
f 3300/3300/3300 3304/3304/3304 3315/3315/3315
f 3348/3348/3348 3310/3310/3310 3309/3309/3309
f 3309/3309/3309 3278/3278/3278 3348/3348/3348
f 3318/3318/3318 3336/3336/3336 3350/3350/3350
f 3350/3350/3350 3302/3302/3302 3318/3318/3318
f 3343/3343/3343 3345/3345/3345 3305/3305/3305
f 3305/3305/3305 3351/3351/3351 3343/3343/3343
f 3199/3199/3199 3352/3352/3352 3353/3353/3353
f 3353/3353/3353 3196/3196/3196 3199/3199/3199
f 3354/3354/3354 3242/3242/3242 3241/3241/3241
f 3241/3241/3241 3355/3355/3355 3354/3354/3354
f 3355/3355/3355 3241/3241/3241 3240/3240/3240
f 3240/3240/3240 3356/3356/3356 3355/3355/3355
f 3356/3356/3356 3240/3240/3240 3207/3207/3207
f 3207/3207/3207 3357/3357/3357 3356/3356/3356
f 3357/3357/3357 3207/3207/3207 3206/3206/3206
f 3206/3206/3206 3251/3251/3251 3357/3357/3357
f 3251/3251/3251 3206/3206/3206 3211/3211/3211
f 3211/3211/3211 3250/3250/3250 3251/3251/3251
f 3250/3250/3250 3211/3211/3211 3210/3210/3210
f 3210/3210/3210 3252/3252/3252 3250/3250/3250
f 3243/3243/3243 3108/3108/3108 3107/3107/3107
f 3107/3107/3107 3244/3244/3244 3243/3243/3243
f 3104/3104/3104 3106/3106/3106 3107/3107/3107
f 3178/3178/3178 3180/3180/3180 3358/3358/3358
f 3181/3181/3181 3183/3183/3183 3179/3179/3179
f 3199/3199/3199 3205/3205/3205 3239/3239/3239
f 3239/3239/3239 3352/3352/3352 3199/3199/3199
f 3353/3353/3353 3352/3352/3352 3242/3242/3242
f 3242/3242/3242 3354/3354/3354 3353/3353/3353
f 3239/3239/3239 3238/3238/3238 3242/3242/3242
f 3242/3242/3242 3352/3352/3352 3239/3239/3239
f 3177/3177/3177 3359/3359/3359 3137/3137/3137
f 3137/3137/3137 3176/3176/3176 3177/3177/3177
f 3360/3360/3360 3138/3138/3138 3137/3137/3137
f 3137/3137/3137 3359/3359/3359 3360/3360/3360
f 3177/3177/3177 3132/3132/3132 3128/3128/3128
f 3128/3128/3128 3359/3359/3359 3177/3177/3177
f 3128/3128/3128 3127/3127/3127 3360/3360/3360
f 3360/3360/3360 3359/3359/3359 3128/3128/3128
f 3361/3361/3361 3106/3106/3106 3105/3105/3105
f 3361/3361/3361 3362/3362/3362 3363/3363/3363
f 3364/3364/3364 3365/3365/3365 3366/3366/3366
f 3366/3366/3366 3367/3367/3367 3364/3364/3364
f 3113/3113/3113 3368/3368/3368 3369/3369/3369
f 3369/3369/3369 3114/3114/3114 3113/3113/3113
f 3370/3370/3370 3371/3371/3371 3372/3372/3372
f 3372/3372/3372 3373/3373/3373 3370/3370/3370
f 3372/3372/3372 3371/3371/3371 3374/3374/3374
f 3374/3374/3374 3375/3375/3375 3372/3372/3372
f 3374/3374/3374 3376/3376/3376 3377/3377/3377
f 3377/3377/3377 3375/3375/3375 3374/3374/3374
f 3373/3373/3373 3369/3369/3369 3368/3368/3368
f 3368/3368/3368 3370/3370/3370 3373/3373/3373
f 3378/3378/3378 3379/3379/3379 3380/3380/3380
f 3380/3380/3380 3381/3381/3381 3378/3378/3378
f 3381/3381/3381 3380/3380/3380 3382/3382/3382
f 3382/3382/3382 3383/3383/3383 3381/3381/3381
f 3384/3384/3384 3134/3134/3134 3133/3133/3133
f 3133/3133/3133 3385/3385/3385 3384/3384/3384
f 3386/3386/3386 3387/3387/3387 3388/3388/3388
f 3388/3388/3388 3389/3389/3389 3386/3386/3386
f 3390/3390/3390 3391/3391/3391 3386/3386/3386
f 3386/3386/3386 3389/3389/3389 3390/3390/3390
f 3392/3392/3392 3393/3393/3393 3391/3391/3391
f 3391/3391/3391 3390/3390/3390 3392/3392/3392
f 3394/3394/3394 3395/3395/3395 3383/3383/3383
f 3383/3383/3383 3382/3382/3382 3394/3394/3394
f 3396/3396/3396 3397/3397/3397 3398/3398/3398
f 3398/3398/3398 3399/3399/3399 3396/3396/3396
f 3400/3400/3400 3401/3401/3401 3402/3402/3402
f 3402/3402/3402 3403/3403/3403 3400/3400/3400
f 3404/3404/3404 3156/3156/3156 3155/3155/3155
f 3155/3155/3155 3405/3405/3405 3404/3404/3404
f 3406/3406/3406 3407/3407/3407 3401/3401/3401
f 3401/3401/3401 3400/3400/3400 3406/3406/3406
f 3406/3406/3406 3408/3408/3408 3409/3409/3409
f 3409/3409/3409 3407/3407/3407 3406/3406/3406
f 3409/3409/3409 3408/3408/3408 3410/3410/3410
f 3410/3410/3410 3411/3411/3411 3409/3409/3409
f 3412/3412/3412 3413/3413/3413 3414/3414/3414
f 3414/3414/3414 3415/3415/3415 3412/3412/3412
f 3379/3379/3379 3378/3378/3378 3384/3384/3384
f 3384/3384/3384 3385/3385/3385 3379/3379/3379
f 3416/3416/3416 3168/3168/3168 3156/3156/3156
f 3156/3156/3156 3404/3404/3404 3416/3416/3416
f 3397/3397/3397 3417/3417/3417 3418/3418/3418
f 3418/3418/3418 3398/3398/3398 3397/3397/3397
f 3419/3419/3419 3420/3420/3420 3412/3412/3412
f 3412/3412/3412 3415/3415/3415 3419/3419/3419
f 3409/3409/3409 3411/3411/3411 3421/3421/3421
f 3421/3421/3421 3422/3422/3422 3409/3409/3409
f 3407/3407/3407 3409/3409/3409 3422/3422/3422
f 3422/3422/3422 3423/3423/3423 3407/3407/3407
f 3401/3401/3401 3407/3407/3407 3423/3423/3423
f 3423/3423/3423 3424/3424/3424 3401/3401/3401
f 3402/3402/3402 3401/3401/3401 3424/3424/3424
f 3424/3424/3424 3425/3425/3425 3402/3402/3402
f 3385/3385/3385 3416/3416/3416 3425/3425/3425
f 3421/3421/3421 3420/3420/3420 3419/3419/3419
f 3419/3419/3419 3392/3392/3392 3421/3421/3421
f 3392/3392/3392 3390/3390/3390 3422/3422/3422
f 3422/3422/3422 3421/3421/3421 3392/3392/3392
f 3390/3390/3390 3389/3389/3389 3423/3423/3423
f 3423/3423/3423 3422/3422/3422 3390/3390/3390
f 3389/3389/3389 3388/3388/3388 3424/3424/3424
f 3424/3424/3424 3423/3423/3423 3389/3389/3389
f 3411/3411/3411 3412/3412/3412 3420/3420/3420
f 3420/3420/3420 3421/3421/3421 3411/3411/3411
f 3413/3413/3413 3412/3412/3412 3411/3411/3411
f 3411/3411/3411 3410/3410/3410 3413/3413/3413
f 3402/3402/3402 3404/3404/3404 3405/3405/3405
f 3405/3405/3405 3403/3403/3403 3402/3402/3402
f 3425/3425/3425 3416/3416/3416 3404/3404/3404
f 3404/3404/3404 3402/3402/3402 3425/3425/3425
f 3168/3168/3168 3416/3416/3416 3385/3385/3385
f 3385/3385/3385 3133/3133/3133 3168/3168/3168
f 3426/3426/3426 3180/3180/3180 3427/3427/3427
f 3427/3427/3427 3428/3428/3428 3426/3426/3426
f 3429/3429/3429 3428/3428/3428 3430/3430/3430
f 3431/3431/3431 3367/3367/3367 3432/3432/3432
f 3186/3186/3186 3189/3189/3189 3433/3433/3433
f 3433/3433/3433 3434/3434/3434 3186/3186/3186
f 3435/3435/3435 3436/3436/3436 3437/3437/3437
f 3437/3437/3437 3438/3438/3438 3435/3435/3435
f 3435/3435/3435 3438/3438/3438 3439/3439/3439
f 3439/3439/3439 3440/3440/3440 3435/3435/3435
f 3440/3440/3440 3439/3439/3439 3377/3377/3377
f 3377/3377/3377 3376/3376/3376 3440/3440/3440
f 3437/3437/3437 3436/3436/3436 3434/3434/3434
f 3434/3434/3434 3433/3433/3433 3437/3437/3437
f 3441/3441/3441 3442/3442/3442 3443/3443/3443
f 3443/3443/3443 3444/3444/3444 3441/3441/3441
f 3445/3445/3445 3441/3441/3441 3444/3444/3444
f 3444/3444/3444 3446/3446/3446 3445/3445/3445
f 3447/3447/3447 3448/3448/3448 3204/3204/3204
f 3204/3204/3204 3203/3203/3203 3447/3447/3447
f 3446/3446/3446 3395/3395/3395 3394/3394/3394
f 3394/3394/3394 3445/3445/3445 3446/3446/3446
f 3449/3449/3449 3450/3450/3450 3451/3451/3451
f 3452/3452/3452 3453/3453/3453 3454/3454/3454
f 3454/3454/3454 3455/3455/3455 3452/3452/3452
f 3396/3396/3396 3456/3456/3456 3457/3457/3457
f 3457/3457/3457 3397/3397/3397 3396/3396/3396
f 3458/3458/3458 3459/3459/3459 3460/3460/3460
f 3460/3460/3460 3461/3461/3461 3458/3458/3458
f 3462/3462/3462 3463/3463/3463 3221/3221/3221
f 3221/3221/3221 3220/3220/3220 3462/3462/3462
f 3464/3464/3464 3458/3458/3458 3461/3461/3461
f 3461/3461/3461 3465/3465/3465 3464/3464/3464
f 3464/3464/3464 3465/3465/3465 3466/3466/3466
f 3466/3466/3466 3467/3467/3467 3464/3464/3464
f 3466/3466/3466 3468/3468/3468 3469/3469/3469
f 3469/3469/3469 3467/3467/3467 3466/3466/3466
f 3470/3470/3470 3453/3453/3453 3452/3452/3452
f 3452/3452/3452 3471/3471/3471 3470/3470/3470
f 3447/3447/3447 3443/3443/3443 3442/3442/3442
f 3442/3442/3442 3448/3448/3448 3447/3447/3447
f 3472/3472/3472 3462/3462/3462 3220/3220/3220
f 3220/3220/3220 3232/3232/3232 3472/3472/3472
f 3457/3457/3457 3473/3473/3473 3417/3417/3417
f 3417/3417/3417 3397/3397/3397 3457/3457/3457
f 3454/3454/3454 3453/3453/3453 3450/3450/3450
f 3450/3450/3450 3449/3449/3449 3454/3454/3454
f 3450/3450/3450 3453/3453/3453 3470/3470/3470
f 3470/3470/3470 3474/3474/3474 3450/3450/3450
f 3466/3466/3466 3475/3475/3475 3476/3476/3476
f 3476/3476/3476 3468/3468/3468 3466/3466/3466
f 3465/3465/3465 3477/3477/3477 3475/3475/3475
f 3475/3475/3475 3466/3466/3466 3465/3465/3465
f 3461/3461/3461 3478/3478/3478 3477/3477/3477
f 3477/3477/3477 3465/3465/3465 3461/3461/3461
f 3460/3460/3460 3479/3479/3479 3478/3478/3478
f 3478/3478/3478 3461/3461/3461 3460/3460/3460
f 3448/3448/3448 3479/3479/3479 3472/3472/3472
f 3450/3450/3450 3474/3474/3474 3476/3476/3476
f 3476/3476/3476 3451/3451/3451 3450/3450/3450
f 3451/3451/3451 3476/3476/3476 3475/3475/3475
f 3475/3475/3475 3480/3480/3480 3451/3451/3451
f 3480/3480/3480 3475/3475/3475 3477/3477/3477
f 3477/3477/3477 3481/3481/3481 3480/3480/3480
f 3481/3481/3481 3477/3477/3477 3478/3478/3478
f 3478/3478/3478 3482/3482/3482 3481/3481/3481
f 3468/3468/3468 3476/3476/3476 3474/3474/3474
f 3474/3474/3474 3470/3470/3470 3468/3468/3468
f 3471/3471/3471 3469/3469/3469 3468/3468/3468
f 3468/3468/3468 3470/3470/3470 3471/3471/3471
f 3460/3460/3460 3459/3459/3459 3463/3463/3463
f 3463/3463/3463 3462/3462/3462 3460/3460/3460
f 3479/3479/3479 3460/3460/3460 3462/3462/3462
f 3462/3462/3462 3472/3472/3472 3479/3479/3479
f 3232/3232/3232 3204/3204/3204 3448/3448/3448
f 3448/3448/3448 3472/3472/3472 3232/3232/3232
f 3366/3366/3366 3365/3365/3365 3483/3483/3483
f 3483/3483/3483 3484/3484/3484 3366/3366/3366
f 3429/3429/3429 3485/3485/3485 3486/3486/3486
f 3486/3486/3486 3487/3487/3487 3429/3429/3429
f 3485/3485/3485 3429/3429/3429 3430/3430/3430
f 3487/3487/3487 3486/3486/3486 3432/3432/3432
f 3432/3432/3432 3367/3367/3367 3487/3487/3487
f 3367/3367/3367 3431/3431/3431 3364/3364/3364
f 3393/3393/3393 3392/3392/3392 3488/3488/3488
f 3488/3488/3488 3489/3489/3489 3393/3393/3393
f 3490/3490/3490 3491/3491/3491 3473/3473/3473
f 3473/3473/3473 3457/3457/3457 3490/3490/3490
f 3490/3490/3490 3457/3457/3457 3456/3456/3456
f 3456/3456/3456 3492/3492/3492 3490/3490/3490
f 3489/3489/3489 3488/3488/3488 3493/3493/3493
f 3493/3493/3493 3494/3494/3494 3489/3489/3489
f 3493/3493/3493 3495/3495/3495 3496/3496/3496
f 3496/3496/3496 3494/3494/3494 3493/3493/3493
f 3497/3497/3497 3498/3498/3498 3499/3499/3499
f 3499/3499/3499 3500/3500/3500 3497/3497/3497
f 3501/3501/3501 3502/3502/3502 3503/3503/3503
f 3503/3503/3503 3504/3504/3504 3501/3501/3501
f 3501/3501/3501 3504/3504/3504 3505/3505/3505
f 3505/3505/3505 3506/3506/3506 3501/3501/3501
f 3507/3507/3507 3508/3508/3508 3503/3503/3503
f 3503/3503/3503 3502/3502/3502 3507/3507/3507
f 3502/3502/3502 3501/3501/3501 3509/3509/3509
f 3509/3509/3509 3507/3507/3507 3502/3502/3502
f 3501/3501/3501 3506/3506/3506 3510/3510/3510
f 3510/3510/3510 3509/3509/3509 3501/3501/3501
f 3506/3506/3506 3505/3505/3505 3511/3511/3511
f 3511/3511/3511 3512/3512/3512 3506/3506/3506
f 3513/3513/3513 3510/3510/3510 3506/3506/3506
f 3506/3506/3506 3512/3512/3512 3513/3513/3513
f 3514/3514/3514 3515/3515/3515 3512/3512/3512
f 3512/3512/3512 3511/3511/3511 3514/3514/3514
f 3513/3513/3513 3512/3512/3512 3515/3515/3515
f 3515/3515/3515 3516/3516/3516 3513/3513/3513
f 3515/3515/3515 3514/3514/3514 3497/3497/3497
f 3497/3497/3497 3500/3500/3500 3515/3515/3515
f 3516/3516/3516 3515/3515/3515 3500/3500/3500
f 3500/3500/3500 3517/3517/3517 3516/3516/3516
f 3518/3518/3518 3497/3497/3497 3514/3514/3514
f 3514/3514/3514 3519/3519/3519 3518/3518/3518
f 3499/3499/3499 3520/3520/3520 3517/3517/3517
f 3517/3517/3517 3500/3500/3500 3499/3499/3499
f 3521/3521/3521 3520/3520/3520 3499/3499/3499
f 3499/3499/3499 3498/3498/3498 3521/3521/3521
f 3516/3516/3516 3517/3517/3517 3522/3522/3522
f 3522/3522/3522 3523/3523/3523 3516/3516/3516
f 3524/3524/3524 3522/3522/3522 3517/3517/3517
f 3517/3517/3517 3520/3520/3520 3524/3524/3524
f 3516/3516/3516 3523/3523/3523 3525/3525/3525
f 3525/3525/3525 3513/3513/3513 3516/3516/3516
f 3526/3526/3526 3510/3510/3510 3513/3513/3513
f 3513/3513/3513 3525/3525/3525 3526/3526/3526
f 3507/3507/3507 3509/3509/3509 3527/3527/3527
f 3527/3527/3527 3528/3528/3528 3507/3507/3507
f 3528/3528/3528 3529/3529/3529 3508/3508/3508
f 3508/3508/3508 3507/3507/3507 3528/3528/3528
f 3527/3527/3527 3509/3509/3509 3510/3510/3510
f 3510/3510/3510 3526/3526/3526 3527/3527/3527
f 3527/3527/3527 3530/3530/3530 3531/3531/3531
f 3531/3531/3531 3528/3528/3528 3527/3527/3527
f 3526/3526/3526 3532/3532/3532 3530/3530/3530
f 3530/3530/3530 3527/3527/3527 3526/3526/3526
f 3532/3532/3532 3526/3526/3526 3525/3525/3525
f 3525/3525/3525 3533/3533/3533 3532/3532/3532
f 3523/3523/3523 3534/3534/3534 3533/3533/3533
f 3533/3533/3533 3525/3525/3525 3523/3523/3523
f 3522/3522/3522 3535/3535/3535 3534/3534/3534
f 3534/3534/3534 3523/3523/3523 3522/3522/3522
f 3536/3536/3536 3524/3524/3524 3537/3537/3537
f 3537/3537/3537 3538/3538/3538 3536/3536/3536
f 3539/3539/3539 3529/3529/3529 3528/3528/3528
f 3528/3528/3528 3531/3531/3531 3539/3539/3539
f 3537/3537/3537 3524/3524/3524 3520/3520/3520
f 3520/3520/3520 3521/3521/3521 3537/3537/3537
f 3522/3522/3522 3524/3524/3524 3536/3536/3536
f 3536/3536/3536 3535/3535/3535 3522/3522/3522
f 3504/3504/3504 3503/3503/3503 3540/3540/3540
f 3540/3540/3540 3541/3541/3541 3504/3504/3504
f 3540/3540/3540 3503/3503/3503 3508/3508/3508
f 3508/3508/3508 3542/3542/3542 3540/3540/3540
f 3511/3511/3511 3505/3505/3505 3543/3543/3543
f 3543/3543/3543 3544/3544/3544 3511/3511/3511
f 3545/3545/3545 3537/3537/3537 3521/3521/3521
f 3521/3521/3521 3546/3546/3546 3545/3545/3545
f 3547/3547/3547 3548/3548/3548 3549/3549/3549
f 3549/3549/3549 3550/3550/3550 3547/3547/3547
f 3551/3551/3551 3552/3552/3552 3553/3553/3553
f 3553/3553/3553 3554/3554/3554 3551/3551/3551
f 3554/3554/3554 3553/3553/3553 3555/3555/3555
f 3555/3555/3555 3556/3556/3556 3554/3554/3554
f 3551/3551/3551 3557/3557/3557 3558/3558/3558
f 3558/3558/3558 3552/3552/3552 3551/3551/3551
f 3552/3552/3552 3558/3558/3558 3559/3559/3559
f 3559/3559/3559 3553/3553/3553 3552/3552/3552
f 3553/3553/3553 3559/3559/3559 3560/3560/3560
f 3560/3560/3560 3555/3555/3555 3553/3553/3553
f 3556/3556/3556 3555/3555/3555 3561/3561/3561
f 3561/3561/3561 3562/3562/3562 3556/3556/3556
f 3563/3563/3563 3561/3561/3561 3555/3555/3555
f 3555/3555/3555 3560/3560/3560 3563/3563/3563
f 3561/3561/3561 3564/3564/3564 3565/3565/3565
f 3565/3565/3565 3562/3562/3562 3561/3561/3561
f 3563/3563/3563 3566/3566/3566 3564/3564/3564
f 3564/3564/3564 3561/3561/3561 3563/3563/3563
f 3549/3549/3549 3565/3565/3565 3564/3564/3564
f 3564/3564/3564 3550/3550/3550 3549/3549/3549
f 3566/3566/3566 3567/3567/3567 3550/3550/3550
f 3550/3550/3550 3564/3564/3564 3566/3566/3566
f 3519/3519/3519 3565/3565/3565 3549/3549/3549
f 3549/3549/3549 3518/3518/3518 3519/3519/3519
f 3547/3547/3547 3550/3550/3550 3567/3567/3567
f 3567/3567/3567 3568/3568/3568 3547/3547/3547
f 3566/3566/3566 3569/3569/3569 3570/3570/3570
f 3570/3570/3570 3567/3567/3567 3566/3566/3566
f 3571/3571/3571 3568/3568/3568 3567/3567/3567
f 3567/3567/3567 3570/3570/3570 3571/3571/3571
f 3566/3566/3566 3563/3563/3563 3572/3572/3572
f 3572/3572/3572 3569/3569/3569 3566/3566/3566
f 3573/3573/3573 3572/3572/3572 3563/3563/3563
f 3563/3563/3563 3560/3560/3560 3573/3573/3573
f 3558/3558/3558 3574/3574/3574 3575/3575/3575
f 3575/3575/3575 3559/3559/3559 3558/3558/3558
f 3576/3576/3576 3574/3574/3574 3558/3558/3558
f 3558/3558/3558 3557/3557/3557 3576/3576/3576
f 3575/3575/3575 3573/3573/3573 3560/3560/3560
f 3560/3560/3560 3559/3559/3559 3575/3575/3575
f 3575/3575/3575 3574/3574/3574 3577/3577/3577
f 3577/3577/3577 3578/3578/3578 3575/3575/3575
f 3573/3573/3573 3575/3575/3575 3578/3578/3578
f 3578/3578/3578 3579/3579/3579 3573/3573/3573
f 3579/3579/3579 3580/3580/3580 3572/3572/3572
f 3572/3572/3572 3573/3573/3573 3579/3579/3579
f 3569/3569/3569 3572/3572/3572 3580/3580/3580
f 3580/3580/3580 3581/3581/3581 3569/3569/3569
f 3570/3570/3570 3569/3569/3569 3581/3581/3581
f 3581/3581/3581 3582/3582/3582 3570/3570/3570
f 3583/3583/3583 3584/3584/3584 3571/3571/3571
f 3571/3571/3571 3585/3585/3585 3583/3583/3583
f 3574/3574/3574 3576/3576/3576 3586/3586/3586
f 3586/3586/3586 3577/3577/3577 3574/3574/3574
f 3587/3587/3587 3568/3568/3568 3571/3571/3571
f 3571/3571/3571 3584/3584/3584 3587/3587/3587
f 3570/3570/3570 3582/3582/3582 3585/3585/3585
f 3585/3585/3585 3571/3571/3571 3570/3570/3570
f 3540/3540/3540 3551/3551/3551 3554/3554/3554
f 3554/3554/3554 3541/3541/3541 3540/3540/3540
f 3540/3540/3540 3542/3542/3542 3557/3557/3557
f 3557/3557/3557 3551/3551/3551 3540/3540/3540
f 3543/3543/3543 3556/3556/3556 3562/3562/3562
f 3562/3562/3562 3544/3544/3544 3543/3543/3543
f 3546/3546/3546 3587/3587/3587 3584/3584/3584
f 3584/3584/3584 3545/3545/3545 3546/3546/3546
f 3548/3548/3548 3547/3547/3547 3568/3568/3568
f 3568/3568/3568 3587/3587/3587 3548/3548/3548
f 3494/3494/3494 3496/3496/3496 3399/3399/3399
f 3399/3399/3399 3398/3398/3398 3494/3494/3494
f 3418/3418/3418 3489/3489/3489 3494/3494/3494
f 3494/3494/3494 3398/3398/3398 3418/3418/3418
f 3511/3511/3511 3544/3544/3544 3519/3519/3519
f 3519/3519/3519 3514/3514/3514 3511/3511/3511
f 3588/3588/3588 3546/3546/3546 3521/3521/3521
f 3521/3521/3521 3498/3498/3498 3588/3588/3588
f 3589/3589/3589 3590/3590/3590 3529/3529/3529
f 3529/3529/3529 3539/3539/3539 3589/3589/3589
f 3541/3541/3541 3543/3543/3543 3505/3505/3505
f 3505/3505/3505 3504/3504/3504 3541/3541/3541
f 3497/3497/3497 3518/3518/3518 3588/3588/3588
f 3588/3588/3588 3498/3498/3498 3497/3497/3497
f 3590/3590/3590 3542/3542/3542 3508/3508/3508
f 3508/3508/3508 3529/3529/3529 3590/3590/3590
f 3537/3537/3537 3545/3545/3545 3591/3591/3591
f 3591/3591/3591 3538/3538/3538 3537/3537/3537
f 3392/3392/3392 3419/3419/3419 3488/3488/3488
f 3419/3419/3419 3415/3415/3415 3493/3493/3493
f 3493/3493/3493 3488/3488/3488 3419/3419/3419
f 3493/3493/3493 3415/3415/3415 3414/3414/3414
f 3414/3414/3414 3495/3495/3495 3493/3493/3493
f 3519/3519/3519 3544/3544/3544 3562/3562/3562
f 3562/3562/3562 3565/3565/3565 3519/3519/3519
f 3587/3587/3587 3546/3546/3546 3588/3588/3588
f 3588/3588/3588 3548/3548/3548 3587/3587/3587
f 3576/3576/3576 3590/3590/3590 3589/3589/3589
f 3589/3589/3589 3586/3586/3586 3576/3576/3576
f 3556/3556/3556 3543/3543/3543 3541/3541/3541
f 3541/3541/3541 3554/3554/3554 3556/3556/3556
f 3588/3588/3588 3518/3518/3518 3549/3549/3549
f 3549/3549/3549 3548/3548/3548 3588/3588/3588
f 3557/3557/3557 3542/3542/3542 3590/3590/3590
f 3590/3590/3590 3576/3576/3576 3557/3557/3557
f 3583/3583/3583 3591/3591/3591 3545/3545/3545
f 3545/3545/3545 3584/3584/3584 3583/3583/3583
f 3442/3442/3442 3441/3441/3441 3592/3592/3592
f 3592/3592/3592 3593/3593/3593 3442/3442/3442
f 3594/3594/3594 3595/3595/3595 3481/3481/3481
f 3481/3481/3481 3482/3482/3482 3594/3594/3594
f 3595/3595/3595 3596/3596/3596 3480/3480/3480
f 3480/3480/3480 3481/3481/3481 3595/3595/3595
f 3596/3596/3596 3597/3597/3597 3451/3451/3451
f 3451/3451/3451 3480/3480/3480 3596/3596/3596
f 3597/3597/3597 3491/3491/3491 3449/3449/3449
f 3449/3449/3449 3451/3451/3451 3597/3597/3597
f 3491/3491/3491 3490/3490/3490 3454/3454/3454
f 3454/3454/3454 3449/3449/3449 3491/3491/3491
f 3490/3490/3490 3492/3492/3492 3455/3455/3455
f 3455/3455/3455 3454/3454/3454 3490/3490/3490
f 3484/3484/3484 3483/3483/3483 3363/3363/3363
f 3363/3363/3363 3362/3362/3362 3484/3484/3484
f 3361/3361/3361 3363/3363/3363 3106/3106/3106
f 3426/3426/3426 3358/3358/3358 3180/3180/3180
f 3428/3428/3428 3427/3427/3427 3430/3430/3430
f 3442/3442/3442 3593/3593/3593 3479/3479/3479
f 3479/3479/3479 3448/3448/3448 3442/3442/3442
f 3592/3592/3592 3594/3594/3594 3482/3482/3482
f 3482/3482/3482 3593/3593/3593 3592/3592/3592
f 3479/3479/3479 3593/3593/3593 3482/3482/3482
f 3482/3482/3482 3478/3478/3478 3479/3479/3479
f 3425/3425/3425 3424/3424/3424 3388/3388/3388
f 3388/3388/3388 3598/3598/3598 3425/3425/3425
f 3599/3599/3599 3598/3598/3598 3388/3388/3388
f 3388/3388/3388 3387/3387/3387 3599/3599/3599
f 3425/3425/3425 3598/3598/3598 3379/3379/3379
f 3379/3379/3379 3385/3385/3385 3425/3425/3425
f 3379/3379/3379 3598/3598/3598 3599/3599/3599
f 3599/3599/3599 3380/3380/3380 3379/3379/3379
f 3600/3600/3600 3601/3601/3601 3602/3602/3602
f 3602/3602/3602 3603/3603/3603 3600/3600/3600
f 3604/3604/3604 3605/3605/3605 3600/3600/3600
f 3600/3600/3600 3603/3603/3603 3604/3604/3604
f 3606/3606/3606 3607/3607/3607 3608/3608/3608
f 3608/3608/3608 3609/3609/3609 3606/3606/3606
f 3610/3610/3610 3609/3609/3609 3608/3608/3608
f 3608/3608/3608 3611/3611/3611 3610/3610/3610
f 3612/3612/3612 3613/3613/3613 3614/3614/3614
f 3614/3614/3614 3615/3615/3615 3612/3612/3612
f 3616/3616/3616 3612/3612/3612 3615/3615/3615
f 3615/3615/3615 3617/3617/3617 3616/3616/3616
f 3618/3618/3618 3619/3619/3619 3620/3620/3620
f 3620/3620/3620 3621/3621/3621 3618/3618/3618
f 3622/3622/3622 3623/3623/3623 3624/3624/3624
f 3624/3624/3624 3625/3625/3625 3622/3622/3622
f 3622/3622/3622 3625/3625/3625 3626/3626/3626
f 3626/3626/3626 3627/3627/3627 3622/3622/3622
f 3628/3628/3628 3627/3627/3627 3626/3626/3626
f 3629/3629/3629 3630/3630/3630 3631/3631/3631
f 3631/3631/3631 3632/3632/3632 3629/3629/3629
f 3605/3605/3605 3604/3604/3604 3632/3632/3632
f 3632/3632/3632 3631/3631/3631 3605/3605/3605
f 3629/3629/3629 3633/3633/3633 3634/3634/3634
f 3634/3634/3634 3630/3630/3630 3629/3629/3629
f 3627/3627/3627 3628/3628/3628 3634/3634/3634
f 3634/3634/3634 3633/3633/3633 3627/3627/3627
f 3621/3621/3621 3620/3620/3620 3635/3635/3635
f 3635/3635/3635 3636/3636/3636 3621/3621/3621
f 3637/3637/3637 3607/3607/3607 3606/3606/3606
f 3602/3602/3602 3601/3601/3601 3637/3637/3637
f 3637/3637/3637 3606/3606/3606 3602/3602/3602
f 3638/3638/3638 3610/3610/3610 3611/3611/3611
f 3611/3611/3611 3639/3639/3639 3638/3638/3638
f 3636/3636/3636 3635/3635/3635 3624/3624/3624
f 3624/3624/3624 3623/3623/3623 3636/3636/3636
f 3639/3639/3639 3614/3614/3614 3613/3613/3613
f 3613/3613/3613 3638/3638/3638 3639/3639/3639
f 3640/3640/3640 3641/3641/3641 3642/3642/3642
f 3642/3642/3642 3643/3643/3643 3640/3640/3640
f 3644/3644/3644 3645/3645/3645 3641/3641/3641
f 3641/3641/3641 3640/3640/3640 3644/3644/3644
f 3646/3646/3646 3647/3647/3647 3648/3648/3648
f 3648/3648/3648 3649/3649/3649 3646/3646/3646
f 3650/3650/3650 3649/3649/3649 3648/3648/3648
f 3648/3648/3648 3651/3651/3651 3650/3650/3650
f 3652/3652/3652 3653/3653/3653 3654/3654/3654
f 3654/3654/3654 3655/3655/3655 3652/3652/3652
f 3656/3656/3656 3652/3652/3652 3655/3655/3655
f 3655/3655/3655 3657/3657/3657 3656/3656/3656
f 3658/3658/3658 3659/3659/3659 3660/3660/3660
f 3660/3660/3660 3661/3661/3661 3658/3658/3658
f 3662/3662/3662 3663/3663/3663 3664/3664/3664
f 3664/3664/3664 3665/3665/3665 3662/3662/3662
f 3662/3662/3662 3665/3665/3665 3666/3666/3666
f 3666/3666/3666 3667/3667/3667 3662/3662/3662
f 3668/3668/3668 3669/3669/3669 3670/3670/3670
f 3670/3670/3670 3671/3671/3671 3668/3668/3668
f 3671/3671/3671 3670/3670/3670 3645/3645/3645
f 3645/3645/3645 3644/3644/3644 3671/3671/3671
f 3668/3668/3668 3672/3672/3672 3673/3673/3673
f 3673/3673/3673 3669/3669/3669 3668/3668/3668
f 3667/3667/3667 3666/3666/3666 3673/3673/3673
f 3673/3673/3673 3672/3672/3672 3667/3667/3667
f 3674/3674/3674 3664/3664/3664 3663/3663/3663
f 3663/3663/3663 3675/3675/3675 3674/3674/3674
f 3643/3643/3643 3642/3642/3642 3647/3647/3647
f 3647/3647/3647 3646/3646/3646 3643/3643/3643
f 3676/3676/3676 3650/3650/3650 3651/3651/3651
f 3651/3651/3651 3677/3677/3677 3676/3676/3676
f 3675/3675/3675 3658/3658/3658 3661/3661/3661
f 3661/3661/3661 3674/3674/3674 3675/3675/3675
f 3677/3677/3677 3654/3654/3654 3653/3653/3653
f 3653/3653/3653 3676/3676/3676 3677/3677/3677
f 3678/3678/3678 3679/3679/3679 3680/3680/3680
f 3680/3680/3680 3681/3681/3681 3678/3678/3678
f 3681/3681/3681 3680/3680/3680 3682/3682/3682
f 3682/3682/3682 3683/3683/3683 3681/3681/3681
f 3684/3684/3684 3685/3685/3685 3686/3686/3686
f 3687/3687/3687 3688/3688/3688 3689/3689/3689
f 3689/3689/3689 3690/3690/3690 3687/3687/3687
f 3682/3682/3682 3689/3689/3689 3688/3688/3688
f 3688/3688/3688 3683/3683/3683 3682/3682/3682
f 3691/3691/3691 3687/3687/3687 3690/3690/3690
f 3690/3690/3690 3692/3692/3692 3691/3691/3691
f 3692/3692/3692 3685/3685/3685 3684/3684/3684
f 3684/3684/3684 3691/3691/3691 3692/3692/3692
f 3693/3693/3693 3694/3694/3694 3679/3679/3679
f 3679/3679/3679 3678/3678/3678 3693/3693/3693
f 3695/3695/3695 3696/3696/3696 3694/3694/3694
f 3694/3694/3694 3693/3693/3693 3695/3695/3695
f 3697/3697/3697 3698/3698/3698 3699/3699/3699
f 3700/3700/3700 3701/3701/3701 3702/3702/3702
f 3702/3702/3702 3703/3703/3703 3700/3700/3700
f 3702/3702/3702 3704/3704/3704 3705/3705/3705
f 3705/3705/3705 3703/3703/3703 3702/3702/3702
f 3706/3706/3706 3698/3698/3698 3697/3697/3697
f 3697/3697/3697 3707/3707/3707 3706/3706/3706
f 3708/3708/3708 3709/3709/3709 3710/3710/3710
f 3710/3710/3710 3711/3711/3711 3708/3708/3708
f 3704/3704/3704 3708/3708/3708 3711/3711/3711
f 3711/3711/3711 3705/3705/3705 3704/3704/3704
f 3709/3709/3709 3712/3712/3712 3713/3713/3713
f 3713/3713/3713 3710/3710/3710 3709/3709/3709
f 3712/3712/3712 3706/3706/3706 3707/3707/3707
f 3707/3707/3707 3713/3713/3713 3712/3712/3712
f 3714/3714/3714 3715/3715/3715 3701/3701/3701
f 3701/3701/3701 3700/3700/3700 3714/3714/3714
f 3716/3716/3716 3717/3717/3717 3715/3715/3715
f 3715/3715/3715 3714/3714/3714 3716/3716/3716
f 3718/3718/3718 3719/3719/3719 3720/3720/3720
f 3720/3720/3720 3721/3721/3721 3718/3718/3718
f 3722/3722/3722 3718/3718/3718 3721/3721/3721
f 3721/3721/3721 3723/3723/3723 3722/3722/3722
f 3724/3724/3724 3725/3725/3725 3726/3726/3726
f 3726/3726/3726 3727/3727/3727 3724/3724/3724
f 3728/3728/3728 3729/3729/3729 3730/3730/3730
f 3730/3730/3730 3731/3731/3731 3728/3728/3728
f 3728/3728/3728 3722/3722/3722 3723/3723/3723
f 3723/3723/3723 3729/3729/3729 3728/3728/3728
f 3731/3731/3731 3730/3730/3730 3732/3732/3732
f 3732/3732/3732 3733/3733/3733 3731/3731/3731
f 3719/3719/3719 3734/3734/3734 3735/3735/3735
f 3735/3735/3735 3720/3720/3720 3719/3719/3719
f 3727/3727/3727 3726/3726/3726 3736/3736/3736
f 3736/3736/3736 3737/3737/3737 3727/3727/3727
f 3735/3735/3735 3734/3734/3734 3738/3738/3738
f 3738/3738/3738 3739/3739/3739 3735/3735/3735
f 3725/3725/3725 3724/3724/3724 3733/3733/3733
f 3733/3733/3733 3732/3732/3732 3725/3725/3725
f 3740/3740/3740 3741/3741/3741 3742/3742/3742
f 3742/3742/3742 3743/3743/3743 3740/3740/3740
f 3744/3744/3744 3745/3745/3745 3746/3746/3746
f 3746/3746/3746 3747/3747/3747 3744/3744/3744
f 3748/3748/3748 3744/3744/3744 3747/3747/3747
f 3747/3747/3747 3749/3749/3749 3748/3748/3748
f 3743/3743/3743 3742/3742/3742 3750/3750/3750
f 3750/3750/3750 3751/3751/3751 3743/3743/3743
f 3752/3752/3752 3753/3753/3753 3754/3754/3754
f 3754/3754/3754 3755/3755/3755 3752/3752/3752
f 3748/3748/3748 3749/3749/3749 3753/3753/3753
f 3753/3753/3753 3752/3752/3752 3748/3748/3748
f 3740/3740/3740 3755/3755/3755 3754/3754/3754
f 3754/3754/3754 3741/3741/3741 3740/3740/3740
f 3745/3745/3745 3756/3756/3756 3757/3757/3757
f 3757/3757/3757 3746/3746/3746 3745/3745/3745
f 3751/3751/3751 3750/3750/3750 3758/3758/3758
f 3758/3758/3758 3759/3759/3759 3751/3751/3751
f 3760/3760/3760 3761/3761/3761 3757/3757/3757
f 3757/3757/3757 3756/3756/3756 3760/3760/3760
f 3762/3762/3762 3763/3763/3763 3764/3764/3764
f 3764/3764/3764 3765/3765/3765 3762/3762/3762
f 3762/3762/3762 3766/3766/3766 3767/3767/3767
f 3767/3767/3767 3763/3763/3763 3762/3762/3762
f 3768/3768/3768 3769/3769/3769 3770/3770/3770
f 3770/3770/3770 3771/3771/3771 3768/3768/3768
f 3766/3766/3766 3768/3768/3768 3771/3771/3771
f 3771/3771/3771 3767/3767/3767 3766/3766/3766
f 3769/3769/3769 3772/3772/3772 3773/3773/3773
f 3773/3773/3773 3770/3770/3770 3769/3769/3769
f 3772/3772/3772 3774/3774/3774 3775/3775/3775
f 3775/3775/3775 3773/3773/3773 3772/3772/3772
f 3765/3765/3765 3764/3764/3764 3776/3776/3776
f 3776/3776/3776 3777/3777/3777 3765/3765/3765
f 3774/3774/3774 3778/3778/3778 3779/3779/3779
f 3779/3779/3779 3775/3775/3775 3774/3774/3774
f 3778/3778/3778 3780/3780/3780 3781/3781/3781
f 3781/3781/3781 3779/3779/3779 3778/3778/3778
f 3782/3782/3782 3783/3783/3783 3777/3777/3777
f 3777/3777/3777 3776/3776/3776 3782/3782/3782
f 3784/3784/3784 3785/3785/3785 3786/3786/3786
f 3786/3786/3786 3787/3787/3787 3784/3784/3784
f 3788/3788/3788 3785/3785/3785 3784/3784/3784
f 3784/3784/3784 3789/3789/3789 3788/3788/3788
f 3790/3790/3790 3791/3791/3791 3792/3792/3792
f 3792/3792/3792 3793/3793/3793 3790/3790/3790
f 3794/3794/3794 3795/3795/3795 3792/3792/3792
f 3792/3792/3792 3791/3791/3791 3794/3794/3794
f 3796/3796/3796 3797/3797/3797 3798/3798/3798
f 3798/3798/3798 3799/3799/3799 3796/3796/3796
f 3800/3800/3800 3801/3801/3801 3797/3797/3797
f 3797/3797/3797 3796/3796/3796 3800/3800/3800
f 3802/3802/3802 3803/3803/3803 3804/3804/3804
f 3804/3804/3804 3805/3805/3805 3802/3802/3802
f 3806/3806/3806 3807/3807/3807 3808/3808/3808
f 3808/3808/3808 3809/3809/3809 3806/3806/3806
f 3806/3806/3806 3810/3810/3810 3811/3811/3811
f 3811/3811/3811 3807/3807/3807 3806/3806/3806
f 3812/3812/3812 3811/3811/3811 3810/3810/3810
f 3813/3813/3813 3814/3814/3814 3815/3815/3815
f 3815/3815/3815 3816/3816/3816 3813/3813/3813
f 3789/3789/3789 3815/3815/3815 3814/3814/3814
f 3814/3814/3814 3788/3788/3788 3789/3789/3789
f 3813/3813/3813 3816/3816/3816 3817/3817/3817
f 3817/3817/3817 3818/3818/3818 3813/3813/3813
f 3810/3810/3810 3818/3818/3818 3817/3817/3817
f 3817/3817/3817 3812/3812/3812 3810/3810/3810
f 3803/3803/3803 3819/3819/3819 3820/3820/3820
f 3820/3820/3820 3804/3804/3804 3803/3803/3803
f 3821/3821/3821 3790/3790/3790 3793/3793/3793
f 3786/3786/3786 3790/3790/3790 3821/3821/3821
f 3821/3821/3821 3787/3787/3787 3786/3786/3786
f 3822/3822/3822 3823/3823/3823 3795/3795/3795
f 3795/3795/3795 3794/3794/3794 3822/3822/3822
f 3819/3819/3819 3809/3809/3809 3808/3808/3808
f 3808/3808/3808 3820/3820/3820 3819/3819/3819
f 3823/3823/3823 3822/3822/3822 3799/3799/3799
f 3799/3799/3799 3798/3798/3798 3823/3823/3823
f 3824/3824/3824 3825/3825/3825 3826/3826/3826
f 3826/3826/3826 3827/3827/3827 3824/3824/3824
f 3828/3828/3828 3824/3824/3824 3827/3827/3827
f 3827/3827/3827 3829/3829/3829 3828/3828/3828
f 3830/3830/3830 3831/3831/3831 3832/3832/3832
f 3832/3832/3832 3833/3833/3833 3830/3830/3830
f 3834/3834/3834 3835/3835/3835 3832/3832/3832
f 3832/3832/3832 3831/3831/3831 3834/3834/3834
f 3836/3836/3836 3837/3837/3837 3838/3838/3838
f 3838/3838/3838 3839/3839/3839 3836/3836/3836
f 3840/3840/3840 3841/3841/3841 3837/3837/3837
f 3837/3837/3837 3836/3836/3836 3840/3840/3840
f 3842/3842/3842 3843/3843/3843 3844/3844/3844
f 3844/3844/3844 3845/3845/3845 3842/3842/3842
f 3846/3846/3846 3847/3847/3847 3848/3848/3848
f 3848/3848/3848 3849/3849/3849 3846/3846/3846
f 3846/3846/3846 3850/3850/3850 3851/3851/3851
f 3851/3851/3851 3847/3847/3847 3846/3846/3846
f 3852/3852/3852 3853/3853/3853 3854/3854/3854
f 3854/3854/3854 3855/3855/3855 3852/3852/3852
f 3853/3853/3853 3828/3828/3828 3829/3829/3829
f 3829/3829/3829 3854/3854/3854 3853/3853/3853
f 3852/3852/3852 3855/3855/3855 3856/3856/3856
f 3856/3856/3856 3857/3857/3857 3852/3852/3852
f 3850/3850/3850 3857/3857/3857 3856/3856/3856
f 3856/3856/3856 3851/3851/3851 3850/3850/3850
f 3858/3858/3858 3859/3859/3859 3849/3849/3849
f 3849/3849/3849 3848/3848/3848 3858/3858/3858
f 3825/3825/3825 3830/3830/3830 3833/3833/3833
f 3833/3833/3833 3826/3826/3826 3825/3825/3825
f 3860/3860/3860 3861/3861/3861 3835/3835/3835
f 3835/3835/3835 3834/3834/3834 3860/3860/3860
f 3859/3859/3859 3858/3858/3858 3843/3843/3843
f 3843/3843/3843 3842/3842/3842 3859/3859/3859
f 3861/3861/3861 3860/3860/3860 3839/3839/3839
f 3839/3839/3839 3838/3838/3838 3861/3861/3861
f 3862/3862/3862 3863/3863/3863 3864/3864/3864
f 3864/3864/3864 3865/3865/3865 3862/3862/3862
f 3863/3863/3863 3866/3866/3866 3867/3867/3867
f 3867/3867/3867 3864/3864/3864 3863/3863/3863
f 3868/3868/3868 3869/3869/3869 3870/3870/3870
f 3871/3871/3871 3872/3872/3872 3873/3873/3873
f 3873/3873/3873 3874/3874/3874 3871/3871/3871
f 3867/3867/3867 3866/3866/3866 3874/3874/3874
f 3874/3874/3874 3873/3873/3873 3867/3867/3867
f 3875/3875/3875 3876/3876/3876 3872/3872/3872
f 3872/3872/3872 3871/3871/3871 3875/3875/3875
f 3876/3876/3876 3875/3875/3875 3868/3868/3868
f 3868/3868/3868 3870/3870/3870 3876/3876/3876
f 3877/3877/3877 3862/3862/3862 3865/3865/3865
f 3865/3865/3865 3878/3878/3878 3877/3877/3877
f 3879/3879/3879 3877/3877/3877 3878/3878/3878
f 3878/3878/3878 3880/3880/3880 3879/3879/3879
f 3881/3881/3881 3882/3882/3882 3883/3883/3883
f 3884/3884/3884 3885/3885/3885 3886/3886/3886
f 3886/3886/3886 3887/3887/3887 3884/3884/3884
f 3886/3886/3886 3885/3885/3885 3888/3888/3888
f 3888/3888/3888 3889/3889/3889 3886/3886/3886
f 3890/3890/3890 3891/3891/3891 3881/3881/3881
f 3881/3881/3881 3883/3883/3883 3890/3890/3890
f 3892/3892/3892 3893/3893/3893 3894/3894/3894
f 3894/3894/3894 3895/3895/3895 3892/3892/3892
f 3889/3889/3889 3888/3888/3888 3893/3893/3893
f 3893/3893/3893 3892/3892/3892 3889/3889/3889
f 3895/3895/3895 3894/3894/3894 3896/3896/3896
f 3896/3896/3896 3897/3897/3897 3895/3895/3895
f 3897/3897/3897 3896/3896/3896 3891/3891/3891
f 3891/3891/3891 3890/3890/3890 3897/3897/3897
f 3898/3898/3898 3884/3884/3884 3887/3887/3887
f 3887/3887/3887 3899/3899/3899 3898/3898/3898
f 3900/3900/3900 3898/3898/3898 3899/3899/3899
f 3899/3899/3899 3901/3901/3901 3900/3900/3900
f 3902/3902/3902 3903/3903/3903 3904/3904/3904
f 3904/3904/3904 3905/3905/3905 3902/3902/3902
f 3906/3906/3906 3907/3907/3907 3903/3903/3903
f 3903/3903/3903 3902/3902/3902 3906/3906/3906
f 3908/3908/3908 3909/3909/3909 3910/3910/3910
f 3910/3910/3910 3911/3911/3911 3908/3908/3908
f 3912/3912/3912 3913/3913/3913 3914/3914/3914
f 3914/3914/3914 3915/3915/3915 3912/3912/3912
f 3912/3912/3912 3915/3915/3915 3907/3907/3907
f 3907/3907/3907 3906/3906/3906 3912/3912/3912
f 3913/3913/3913 3916/3916/3916 3917/3917/3917
f 3917/3917/3917 3914/3914/3914 3913/3913/3913
f 3905/3905/3905 3904/3904/3904 3918/3918/3918
f 3918/3918/3918 3919/3919/3919 3905/3905/3905
f 3909/3909/3909 3920/3920/3920 3921/3921/3921
f 3921/3921/3921 3910/3910/3910 3909/3909/3909
f 3918/3918/3918 3922/3922/3922 3923/3923/3923
f 3923/3923/3923 3919/3919/3919 3918/3918/3918
f 3911/3911/3911 3917/3917/3917 3916/3916/3916
f 3916/3916/3916 3908/3908/3908 3911/3911/3911
f 3924/3924/3924 3925/3925/3925 3926/3926/3926
f 3926/3926/3926 3927/3927/3927 3924/3924/3924
f 3928/3928/3928 3929/3929/3929 3930/3930/3930
f 3930/3930/3930 3931/3931/3931 3928/3928/3928
f 3932/3932/3932 3933/3933/3933 3929/3929/3929
f 3929/3929/3929 3928/3928/3928 3932/3932/3932
f 3925/3925/3925 3934/3934/3934 3935/3935/3935
f 3935/3935/3935 3926/3926/3926 3925/3925/3925
f 3936/3936/3936 3937/3937/3937 3938/3938/3938
f 3938/3938/3938 3939/3939/3939 3936/3936/3936
f 3932/3932/3932 3936/3936/3936 3939/3939/3939
f 3939/3939/3939 3933/3933/3933 3932/3932/3932
f 3924/3924/3924 3927/3927/3927 3938/3938/3938
f 3938/3938/3938 3937/3937/3937 3924/3924/3924
f 3931/3931/3931 3930/3930/3930 3940/3940/3940
f 3940/3940/3940 3941/3941/3941 3931/3931/3931
f 3934/3934/3934 3942/3942/3942 3943/3943/3943
f 3943/3943/3943 3935/3935/3935 3934/3934/3934
f 3944/3944/3944 3941/3941/3941 3940/3940/3940
f 3940/3940/3940 3945/3945/3945 3944/3944/3944
f 3946/3946/3946 3947/3947/3947 3948/3948/3948
f 3948/3948/3948 3949/3949/3949 3946/3946/3946
f 3946/3946/3946 3949/3949/3949 3950/3950/3950
f 3950/3950/3950 3951/3951/3951 3946/3946/3946
f 3952/3952/3952 3953/3953/3953 3954/3954/3954
f 3954/3954/3954 3955/3955/3955 3952/3952/3952
f 3951/3951/3951 3950/3950/3950 3953/3953/3953
f 3953/3953/3953 3952/3952/3952 3951/3951/3951
f 3955/3955/3955 3954/3954/3954 3956/3956/3956
f 3956/3956/3956 3957/3957/3957 3955/3955/3955
f 3957/3957/3957 3956/3956/3956 3958/3958/3958
f 3958/3958/3958 3959/3959/3959 3957/3957/3957
f 3947/3947/3947 3960/3960/3960 3961/3961/3961
f 3961/3961/3961 3948/3948/3948 3947/3947/3947
f 3959/3959/3959 3958/3958/3958 3962/3962/3962
f 3962/3962/3962 3963/3963/3963 3959/3959/3959
f 3963/3963/3963 3962/3962/3962 3964/3964/3964
f 3964/3964/3964 3965/3965/3965 3963/3963/3963
f 3966/3966/3966 3961/3961/3961 3960/3960/3960
f 3960/3960/3960 3967/3967/3967 3966/3966/3966
f 3968/3968/3968 3969/3969/3969 3970/3970/3970
f 3970/3970/3970 3971/3971/3971 3968/3968/3968
f 3972/3972/3972 3973/3973/3973 3974/3974/3974
f 3974/3974/3974 3975/3975/3975 3972/3972/3972
f 3976/3976/3976 3977/3977/3977 3978/3978/3978
f 3979/3979/3979 3980/3980/3980 3973/3973/3973
f 3973/3973/3973 3972/3972/3972 3979/3979/3979
f 3972/3972/3972 3975/3975/3975 3981/3981/3981
f 3982/3982/3982 3979/3979/3979 3981/3981/3981
f 3983/3983/3983 3984/3984/3984 3978/3978/3978
f 3978/3978/3978 3985/3985/3985 3983/3983/3983
f 3968/3968/3968 3975/3975/3975 3974/3974/3974
f 3974/3974/3974 3969/3969/3969 3968/3968/3968
f 3986/3986/3986 3987/3987/3987 3975/3975/3975
f 3975/3975/3975 3968/3968/3968 3986/3986/3986
f 3988/3988/3988 3989/3989/3989 3985/3985/3985
f 3985/3985/3985 3978/3978/3978 3988/3988/3988
f 3990/3990/3990 3991/3991/3991 3992/3992/3992
f 3992/3992/3992 3993/3993/3993 3990/3990/3990
f 3994/3994/3994 3995/3995/3995 3996/3996/3996
f 3996/3996/3996 3997/3997/3997 3994/3994/3994
f 3995/3995/3995 3998/3998/3998 3999/3999/3999
f 3999/3999/3999 3996/3996/3996 3995/3995/3995
f 4000/4000/4000 4001/4001/4001 4002/4002/4002
f 4003/4003/4003 4004/4004/4004 4005/4005/4005
f 4005/4005/4005 4006/4006/4006 4003/4003/4003
f 4007/4007/4007 3999/3999/3999 3998/3998/3998
f 3998/3998/3998 4008/4008/4008 4007/4007/4007
f 4009/4009/4009 3986/3986/3986 3968/3968/3968
f 3968/3968/3968 3971/3971/3971 4009/4009/4009
f 4010/4010/4010 4007/4007/4007 4008/4008/4008
f 4008/4008/4008 4011/4011/4011 4010/4010/4010
f 3971/3971/3971 3970/3970/3970 4012/4012/4012
f 4012/4012/4012 4013/4013/4013 3971/3971/3971
f 4002/4002/4002 4014/4014/4014 4000/4000/4000
f 3978/3978/3978 3984/3984/3984 4015/4015/4015
f 4015/4015/4015 3976/3976/3976 3978/3978/3978
f 4016/4016/4016 4017/4017/4017 4018/4018/4018
f 4018/4018/4018 4019/4019/4019 4016/4016/4016
f 4020/4020/4020 4021/4021/4021 4022/4022/4022
f 4023/4023/4023 4016/4016/4016 4019/4019/4019
f 4019/4019/4019 4024/4024/4024 4023/4023/4023
f 4025/4025/4025 4023/4023/4023 4024/4024/4024
f 4024/4024/4024 4026/4026/4026 4025/4025/4025
f 4027/4027/4027 4028/4028/4028 4029/4029/4029
f 4029/4029/4029 4030/4030/4030 4027/4027/4027
f 4017/4017/4017 4027/4027/4027 4030/4030/4030
f 4030/4030/4030 4018/4018/4018 4017/4017/4017
f 4031/4031/4031 4032/4032/4032 4033/4033/4033
f 4034/4034/4034 4035/4035/4035 4036/4036/4036
f 4033/4033/4033 4025/4025/4025 4026/4026/4026
f 4026/4026/4026 4031/4031/4031 4033/4033/4033
f 4037/4037/4037 4029/4029/4029 4028/4028/4028
f 4038/4038/4038 4039/4039/4039 4017/4017/4017
f 4017/4017/4017 4016/4016/4016 4038/4038/4038
f 4033/4033/4033 4040/4040/4040 4041/4041/4041
f 4042/4042/4042 4038/4038/4038 4016/4016/4016
f 4016/4016/4016 4023/4023/4023 4042/4042/4042
f 4043/4043/4043 4042/4042/4042 4023/4023/4023
f 4023/4023/4023 4025/4025/4025 4043/4043/4043
f 4044/4044/4044 4045/4045/4045 4028/4028/4028
f 4028/4028/4028 4027/4027/4027 4044/4044/4044
f 4039/4039/4039 4044/4044/4044 4027/4027/4027
f 4027/4027/4027 4017/4017/4017 4039/4039/4039
f 4046/4046/4046 4028/4028/4028 4045/4045/4045
f 4041/4041/4041 4043/4043/4043 4025/4025/4025
f 4025/4025/4025 4033/4033/4033 4041/4041/4041
f 4047/4047/4047 4048/4048/4048 4049/4049/4049
f 4050/4050/4050 4051/4051/4051 4052/4052/4052
f 4053/4053/4053 4054/4054/4054 4055/4055/4055
f 4055/4055/4055 4056/4056/4056 4053/4053/4053
f 4057/4057/4057 4058/4058/4058 4039/4039/4039
f 4039/4039/4039 4038/4038/4038 4057/4057/4057
f 4059/4059/4059 4060/4060/4060 4040/4040/4040
f 4040/4040/4040 4061/4061/4061 4059/4059/4059
f 4060/4060/4060 4062/4062/4062 4041/4041/4041
f 4041/4041/4041 4040/4040/4040 4060/4060/4060
f 4063/4063/4063 4057/4057/4057 4038/4038/4038
f 4038/4038/4038 4042/4042/4042 4063/4063/4063
f 4064/4064/4064 4063/4063/4063 4042/4042/4042
f 4042/4042/4042 4043/4043/4043 4064/4064/4064
f 4065/4065/4065 4066/4066/4066 4045/4045/4045
f 4045/4045/4045 4044/4044/4044 4065/4065/4065
f 4058/4058/4058 4065/4065/4065 4044/4044/4044
f 4044/4044/4044 4039/4039/4039 4058/4058/4058
f 4067/4067/4067 4068/4068/4068 4069/4069/4069
f 4069/4069/4069 4046/4046/4046 4067/4067/4067
f 4066/4066/4066 4067/4067/4067 4046/4046/4046
f 4046/4046/4046 4045/4045/4045 4066/4066/4066
f 4062/4062/4062 4064/4064/4064 4043/4043/4043
f 4043/4043/4043 4041/4041/4041 4062/4062/4062
f 4070/4070/4070 4071/4071/4071 4072/4072/4072
f 4072/4072/4072 4073/4073/4073 4070/4070/4070
f 4074/4074/4074 4075/4075/4075 4076/4076/4076
f 4076/4076/4076 4077/4077/4077 4074/4074/4074
f 4078/4078/4078 4079/4079/4079 4080/4080/4080
f 4080/4080/4080 4076/4076/4076 4078/4078/4078
f 4079/4079/4079 4070/4070/4070 4073/4073/4073
f 4073/4073/4073 4080/4080/4080 4079/4079/4079
f 4081/4081/4081 4082/4082/4082 4083/4083/4083
f 4083/4083/4083 4084/4084/4084 4081/4081/4081
f 4082/4082/4082 4074/4074/4074 4077/4077/4077
f 4077/4077/4077 4083/4083/4083 4082/4082/4082
f 4085/4085/4085 4081/4081/4081 4084/4084/4084
f 4084/4084/4084 4086/4086/4086 4085/4085/4085
f 4071/4071/4071 4087/4087/4087 4088/4088/4088
f 4088/4088/4088 4072/4072/4072 4071/4071/4071
f 4089/4089/4089 4090/4090/4090 3976/3976/3976
f 3976/3976/3976 4015/4015/4015 4089/4089/4089
f 4091/4091/4091 4092/4092/4092 4013/4013/4013
f 4013/4013/4013 4012/4012/4012 4091/4091/4091
f 3971/3971/3971 4013/4013/4013 4093/4093/4093
f 4009/4009/4009 3971/3971/3971 4093/4093/4093
f 4094/4094/4094 4093/4093/4093 4013/4013/4013
f 4013/4013/4013 4092/4092/4092 4094/4094/4094
f 4095/4095/4095 4096/4096/4096 4097/4097/4097
f 4097/4097/4097 4098/4098/4098 4095/4095/4095
f 3993/3993/3993 4003/4003/4003 4006/4006/4006
f 4006/4006/4006 3990/3990/3990 3993/3993/3993
f 3979/3979/3979 3985/3985/3985 3989/3989/3989
f 3989/3989/3989 3980/3980/3980 3979/3979/3979
f 3982/3982/3982 3983/3983/3983 3985/3985/3985
f 3985/3985/3985 3979/3979/3979 3982/3982/3982
f 4002/4002/4002 4005/4005/4005 4004/4004/4004
f 4004/4004/4004 4014/4014/4014 4002/4002/4002
f 3977/3977/3977 3988/3988/3988 3978/3978/3978
f 4099/4099/4099 4100/4100/4100 4101/4101/4101
f 4101/4101/4101 4102/4102/4102 4099/4099/4099
f 4103/4103/4103 4104/4104/4104 4105/4105/4105
f 4106/4106/4106 4107/4107/4107 4103/4103/4103
f 4103/4103/4103 4105/4105/4105 4106/4106/4106
f 4106/4106/4106 4099/4099/4099 4102/4102/4102
f 4102/4102/4102 4107/4107/4107 4106/4106/4106
f 4100/4100/4100 4108/4108/4108 4109/4109/4109
f 4109/4109/4109 4101/4101/4101 4100/4100/4100
f 4108/4108/4108 4110/4110/4110 4111/4111/4111
f 4111/4111/4111 4109/4109/4109 4108/4108/4108
f 4112/4112/4112 4111/4111/4111 4110/4110/4110
f 4113/4113/4113 4111/4111/4111 4112/4112/4112
f 3975/3975/3975 3987/3987/3987 3981/3981/3981
f 3979/3979/3979 3972/3972/3972 3981/3981/3981
f 4019/4019/4019 4018/4018/4018 3982/3982/3982
f 3982/3982/3982 3981/3981/3981 4019/4019/4019
f 4114/4114/4114 4115/4115/4115 4116/4116/4116
f 4116/4116/4116 4117/4117/4117 4114/4114/4114
f 4118/4118/4118 4114/4114/4114 4117/4117/4117
f 4117/4117/4117 4119/4119/4119 4118/4118/4118
f 4030/4030/4030 4029/4029/4029 3984/3984/3984
f 3984/3984/3984 3983/3983/3983 4030/4030/4030
f 4018/4018/4018 4030/4030/4030 3983/3983/3983
f 3983/3983/3983 3982/3982/3982 4018/4018/4018
f 4120/4120/4120 4118/4118/4118 4119/4119/4119
f 4119/4119/4119 4121/4121/4121 4120/4120/4120
f 4029/4029/4029 4037/4037/4037 4015/4015/4015
f 4015/4015/4015 3984/3984/3984 4029/4029/4029
f 4121/4121/4121 4122/4122/4122 4123/4123/4123
f 4123/4123/4123 4120/4120/4120 4121/4121/4121
f 4124/4124/4124 4125/4125/4125 4126/4126/4126
f 4127/4127/4127 4128/4128/4128 4129/4129/4129
f 4129/4129/4129 4130/4130/4130 4127/4127/4127
f 4128/4128/4128 4126/4126/4126 4131/4131/4131
f 4131/4131/4131 4129/4129/4129 4128/4128/4128
f 4125/4125/4125 4131/4131/4131 4126/4126/4126
f 4130/4130/4130 4132/4132/4132 4127/4127/4127
f 4133/4133/4133 4127/4127/4127 4132/4132/4132
f 4134/4134/4134 4135/4135/4135 4136/4136/4136
f 4137/4137/4137 4138/4138/4138 4139/4139/4139
f 4124/4124/4124 4126/4126/4126 4140/4140/4140
f 4127/4127/4127 4133/4133/4133 4140/4140/4140
f 4141/4141/4141 4124/4124/4124 4140/4140/4140
f 4133/4133/4133 4142/4142/4142 4140/4140/4140
f 4140/4140/4140 4128/4128/4128 4127/4127/4127
f 4140/4140/4140 4126/4126/4126 4128/4128/4128
f 4143/4143/4143 4144/4144/4144 4145/4145/4145
f 4146/4146/4146 4147/4147/4147 4148/4148/4148
f 4149/4149/4149 4150/4150/4150 4151/4151/4151
f 4151/4151/4151 4152/4152/4152 4149/4149/4149
f 4153/4153/4153 4149/4149/4149 4152/4152/4152
f 4152/4152/4152 4154/4154/4154 4153/4153/4153
f 4154/4154/4154 4155/4155/4155 4153/4153/4153
f 4156/4156/4156 4157/4157/4157 4150/4150/4150
f 4157/4157/4157 4151/4151/4151 4150/4150/4150
f 4155/4155/4155 4158/4158/4158 4153/4153/4153
f 4142/4142/4142 4146/4146/4146 4148/4148/4148
f 4144/4144/4144 4141/4141/4141 4145/4145/4145
f 4150/4150/4150 4148/4148/4148 4147/4147/4147
f 4147/4147/4147 4159/4159/4159 4150/4150/4150
f 4159/4159/4159 4134/4134/4134 4150/4150/4150
f 4145/4145/4145 4153/4153/4153 4160/4160/4160
f 4160/4160/4160 4143/4143/4143 4145/4145/4145
f 4161/4161/4161 4160/4160/4160 4153/4153/4153
f 4141/4141/4141 4140/4140/4140 4145/4145/4145
f 4140/4140/4140 4142/4142/4142 4148/4148/4148
f 4148/4148/4148 4150/4150/4150 4149/4149/4149
f 4153/4153/4153 4145/4145/4145 4149/4149/4149
f 4145/4145/4145 4140/4140/4140 4149/4149/4149
f 4140/4140/4140 4148/4148/4148 4149/4149/4149
f 4156/4156/4156 4150/4150/4150 4134/4134/4134
f 4134/4134/4134 4136/4136/4136 4156/4156/4156
f 4139/4139/4139 4161/4161/4161 4153/4153/4153
f 4153/4153/4153 4158/4158/4158 4139/4139/4139
f 4162/4162/4162 4163/4163/4163 4164/4164/4164
f 4165/4165/4165 4166/4166/4166 4167/4167/4167
f 4167/4167/4167 4168/4168/4168 4165/4165/4165
f 4169/4169/4169 4170/4170/4170 4171/4171/4171
f 4171/4171/4171 4172/4172/4172 4169/4169/4169
f 4173/4173/4173 4174/4174/4174 4175/4175/4175
f 4176/4176/4176 4169/4169/4169 4172/4172/4172
f 4172/4172/4172 4177/4177/4177 4176/4176/4176
f 4169/4169/4169 4178/4178/4178 4170/4170/4170
f 4179/4179/4179 4178/4178/4178 4176/4176/4176
f 4180/4180/4180 4181/4181/4181 4174/4174/4174
f 4174/4174/4174 4182/4182/4182 4180/4180/4180
f 4165/4165/4165 4168/4168/4168 4171/4171/4171
f 4171/4171/4171 4170/4170/4170 4165/4165/4165
f 4183/4183/4183 4165/4165/4165 4170/4170/4170
f 4170/4170/4170 4184/4184/4184 4183/4183/4183
f 4185/4185/4185 4174/4174/4174 4181/4181/4181
f 4181/4181/4181 4186/4186/4186 4185/4185/4185
f 4187/4187/4187 4188/4188/4188 4189/4189/4189
f 4189/4189/4189 4190/4190/4190 4187/4187/4187
f 4191/4191/4191 4192/4192/4192 4193/4193/4193
f 4193/4193/4193 4194/4194/4194 4191/4191/4191
f 4194/4194/4194 4193/4193/4193 4195/4195/4195
f 4195/4195/4195 4196/4196/4196 4194/4194/4194
f 4197/4197/4197 4198/4198/4198 4199/4199/4199
f 4200/4200/4200 4201/4201/4201 4202/4202/4202
f 4202/4202/4202 4203/4203/4203 4200/4200/4200
f 4204/4204/4204 4205/4205/4205 4196/4196/4196
f 4196/4196/4196 4195/4195/4195 4204/4204/4204
f 4206/4206/4206 4166/4166/4166 4165/4165/4165
f 4165/4165/4165 4183/4183/4183 4206/4206/4206
f 4207/4207/4207 4208/4208/4208 4205/4205/4205
f 4205/4205/4205 4204/4204/4204 4207/4207/4207
f 4166/4166/4166 4209/4209/4209 4210/4210/4210
f 4210/4210/4210 4167/4167/4167 4166/4166/4166
f 4198/4198/4198 4197/4197/4197 4211/4211/4211
f 4174/4174/4174 4173/4173/4173 4212/4212/4212
f 4212/4212/4212 4182/4182/4182 4174/4174/4174
f 4213/4213/4213 4214/4214/4214 4215/4215/4215
f 4215/4215/4215 4216/4216/4216 4213/4213/4213
f 4217/4217/4217 4218/4218/4218 4219/4219/4219
f 4220/4220/4220 4221/4221/4221 4214/4214/4214
f 4214/4214/4214 4213/4213/4213 4220/4220/4220
f 4222/4222/4222 4223/4223/4223 4221/4221/4221
f 4221/4221/4221 4220/4220/4220 4222/4222/4222
f 4224/4224/4224 4225/4225/4225 4226/4226/4226
f 4226/4226/4226 4227/4227/4227 4224/4224/4224
f 4216/4216/4216 4215/4215/4215 4225/4225/4225
f 4225/4225/4225 4224/4224/4224 4216/4216/4216
f 4228/4228/4228 4229/4229/4229 4230/4230/4230
f 4231/4231/4231 4232/4232/4232 4233/4233/4233
f 4229/4229/4229 4228/4228/4228 4223/4223/4223
f 4223/4223/4223 4222/4222/4222 4229/4229/4229
f 4234/4234/4234 4227/4227/4227 4226/4226/4226
f 4235/4235/4235 4213/4213/4213 4216/4216/4216
f 4216/4216/4216 4236/4236/4236 4235/4235/4235
f 4229/4229/4229 4237/4237/4237 4238/4238/4238
f 4239/4239/4239 4220/4220/4220 4213/4213/4213
f 4213/4213/4213 4235/4235/4235 4239/4239/4239
f 4240/4240/4240 4222/4222/4222 4220/4220/4220
f 4220/4220/4220 4239/4239/4239 4240/4240/4240
f 4241/4241/4241 4224/4224/4224 4227/4227/4227
f 4227/4227/4227 4242/4242/4242 4241/4241/4241
f 4236/4236/4236 4216/4216/4216 4224/4224/4224
f 4224/4224/4224 4241/4241/4241 4236/4236/4236
f 4243/4243/4243 4242/4242/4242 4227/4227/4227
f 4237/4237/4237 4229/4229/4229 4222/4222/4222
f 4222/4222/4222 4240/4240/4240 4237/4237/4237
f 4244/4244/4244 4245/4245/4245 4246/4246/4246
f 4247/4247/4247 4248/4248/4248 4249/4249/4249
f 4250/4250/4250 4251/4251/4251 4252/4252/4252
f 4252/4252/4252 4253/4253/4253 4250/4250/4250
f 4254/4254/4254 4235/4235/4235 4236/4236/4236
f 4236/4236/4236 4255/4255/4255 4254/4254/4254
f 4256/4256/4256 4257/4257/4257 4238/4238/4238
f 4238/4238/4238 4258/4258/4258 4256/4256/4256
f 4258/4258/4258 4238/4238/4238 4237/4237/4237
f 4237/4237/4237 4259/4259/4259 4258/4258/4258
f 4260/4260/4260 4239/4239/4239 4235/4235/4235
f 4235/4235/4235 4254/4254/4254 4260/4260/4260
f 4261/4261/4261 4240/4240/4240 4239/4239/4239
f 4239/4239/4239 4260/4260/4260 4261/4261/4261
f 4262/4262/4262 4241/4241/4241 4242/4242/4242
f 4242/4242/4242 4263/4263/4263 4262/4262/4262
f 4255/4255/4255 4236/4236/4236 4241/4241/4241
f 4241/4241/4241 4262/4262/4262 4255/4255/4255
f 4264/4264/4264 4243/4243/4243 4265/4265/4265
f 4265/4265/4265 4266/4266/4266 4264/4264/4264
f 4263/4263/4263 4242/4242/4242 4243/4243/4243
f 4243/4243/4243 4264/4264/4264 4263/4263/4263
f 4259/4259/4259 4237/4237/4237 4240/4240/4240
f 4240/4240/4240 4261/4261/4261 4259/4259/4259
f 4267/4267/4267 4268/4268/4268 4269/4269/4269
f 4269/4269/4269 4270/4270/4270 4267/4267/4267
f 4271/4271/4271 4272/4272/4272 4273/4273/4273
f 4273/4273/4273 4274/4274/4274 4271/4271/4271
f 4275/4275/4275 4273/4273/4273 4276/4276/4276
f 4276/4276/4276 4277/4277/4277 4275/4275/4275
f 4277/4277/4277 4276/4276/4276 4268/4268/4268
f 4268/4268/4268 4267/4267/4267 4277/4277/4277
f 4278/4278/4278 4279/4279/4279 4280/4280/4280
f 4280/4280/4280 4281/4281/4281 4278/4278/4278
f 4281/4281/4281 4280/4280/4280 4272/4272/4272
f 4272/4272/4272 4271/4271/4271 4281/4281/4281
f 4282/4282/4282 4283/4283/4283 4279/4279/4279
f 4279/4279/4279 4278/4278/4278 4282/4282/4282
f 4270/4270/4270 4269/4269/4269 4284/4284/4284
f 4284/4284/4284 4285/4285/4285 4270/4270/4270
f 4286/4286/4286 4212/4212/4212 4173/4173/4173
f 4173/4173/4173 4287/4287/4287 4286/4286/4286
f 4288/4288/4288 4210/4210/4210 4209/4209/4209
f 4209/4209/4209 4289/4289/4289 4288/4288/4288
f 4166/4166/4166 4290/4290/4290 4209/4209/4209
f 4206/4206/4206 4290/4290/4290 4166/4166/4166
f 4291/4291/4291 4289/4289/4289 4209/4209/4209
f 4209/4209/4209 4290/4290/4290 4291/4291/4291
f 4292/4292/4292 4293/4293/4293 4294/4294/4294
f 4294/4294/4294 4295/4295/4295 4292/4292/4292
f 4188/4188/4188 4187/4187/4187 4201/4201/4201
f 4201/4201/4201 4200/4200/4200 4188/4188/4188
f 4176/4176/4176 4177/4177/4177 4186/4186/4186
f 4186/4186/4186 4181/4181/4181 4176/4176/4176
f 4179/4179/4179 4176/4176/4176 4181/4181/4181
f 4181/4181/4181 4180/4180/4180 4179/4179/4179
f 4198/4198/4198 4211/4211/4211 4203/4203/4203
f 4203/4203/4203 4202/4202/4202 4198/4198/4198
f 4175/4175/4175 4174/4174/4174 4185/4185/4185
f 4296/4296/4296 4297/4297/4297 4298/4298/4298
f 4298/4298/4298 4299/4299/4299 4296/4296/4296
f 4300/4300/4300 4301/4301/4301 4302/4302/4302
f 4303/4303/4303 4301/4301/4301 4300/4300/4300
f 4300/4300/4300 4304/4304/4304 4303/4303/4303
f 4303/4303/4303 4304/4304/4304 4297/4297/4297
f 4297/4297/4297 4296/4296/4296 4303/4303/4303
f 4299/4299/4299 4298/4298/4298 4305/4305/4305
f 4305/4305/4305 4306/4306/4306 4299/4299/4299
f 4306/4306/4306 4305/4305/4305 4307/4307/4307
f 4307/4307/4307 4308/4308/4308 4306/4306/4306
f 4309/4309/4309 4308/4308/4308 4307/4307/4307
f 4310/4310/4310 4309/4309/4309 4307/4307/4307
f 4170/4170/4170 4178/4178/4178 4184/4184/4184
f 4176/4176/4176 4178/4178/4178 4169/4169/4169
f 4214/4214/4214 4178/4178/4178 4179/4179/4179
f 4179/4179/4179 4215/4215/4215 4214/4214/4214
f 4311/4311/4311 4312/4312/4312 4313/4313/4313
f 4313/4313/4313 4314/4314/4314 4311/4311/4311
f 4315/4315/4315 4316/4316/4316 4312/4312/4312
f 4312/4312/4312 4311/4311/4311 4315/4315/4315
f 4225/4225/4225 4180/4180/4180 4182/4182/4182
f 4182/4182/4182 4226/4226/4226 4225/4225/4225
f 4215/4215/4215 4179/4179/4179 4180/4180/4180
f 4180/4180/4180 4225/4225/4225 4215/4215/4215
f 4317/4317/4317 4318/4318/4318 4316/4316/4316
f 4316/4316/4316 4315/4315/4315 4317/4317/4317
f 4226/4226/4226 4182/4182/4182 4212/4212/4212
f 4212/4212/4212 4234/4234/4234 4226/4226/4226
f 4318/4318/4318 4317/4317/4317 4319/4319/4319
f 4319/4319/4319 4320/4320/4320 4318/4318/4318
f 4321/4321/4321 4322/4322/4322 4323/4323/4323
f 4324/4324/4324 4325/4325/4325 4326/4326/4326
f 4326/4326/4326 4327/4327/4327 4324/4324/4324
f 4327/4327/4327 4326/4326/4326 4328/4328/4328
f 4328/4328/4328 4322/4322/4322 4327/4327/4327
f 4323/4323/4323 4322/4322/4322 4328/4328/4328
f 4325/4325/4325 4324/4324/4324 4329/4329/4329
f 4330/4330/4330 4329/4329/4329 4324/4324/4324
f 4331/4331/4331 4332/4332/4332 4333/4333/4333
f 4334/4334/4334 4335/4335/4335 4336/4336/4336
f 4321/4321/4321 4337/4337/4337 4322/4322/4322
f 4324/4324/4324 4337/4337/4337 4330/4330/4330
f 4338/4338/4338 4337/4337/4337 4321/4321/4321
f 4330/4330/4330 4337/4337/4337 4339/4339/4339
f 4337/4337/4337 4324/4324/4324 4327/4327/4327
f 4337/4337/4337 4327/4327/4327 4322/4322/4322
f 4340/4340/4340 4341/4341/4341 4342/4342/4342
f 4343/4343/4343 4344/4344/4344 4345/4345/4345
f 4346/4346/4346 4347/4347/4347 4348/4348/4348
f 4348/4348/4348 4349/4349/4349 4346/4346/4346
f 4350/4350/4350 4351/4351/4351 4347/4347/4347
f 4347/4347/4347 4346/4346/4346 4350/4350/4350
f 4351/4351/4351 4350/4350/4350 4352/4352/4352
f 4353/4353/4353 4349/4349/4349 4354/4354/4354
f 4354/4354/4354 4349/4349/4349 4348/4348/4348
f 4352/4352/4352 4350/4350/4350 4355/4355/4355
f 4339/4339/4339 4344/4344/4344 4343/4343/4343
f 4342/4342/4342 4341/4341/4341 4338/4338/4338
f 4349/4349/4349 4356/4356/4356 4345/4345/4345
f 4345/4345/4345 4344/4344/4344 4349/4349/4349
f 4356/4356/4356 4349/4349/4349 4331/4331/4331
f 4341/4341/4341 4340/4340/4340 4357/4357/4357
f 4357/4357/4357 4350/4350/4350 4341/4341/4341
f 4358/4358/4358 4350/4350/4350 4357/4357/4357
f 4338/4338/4338 4341/4341/4341 4337/4337/4337
f 4337/4337/4337 4344/4344/4344 4339/4339/4339
f 4344/4344/4344 4346/4346/4346 4349/4349/4349
f 4350/4350/4350 4346/4346/4346 4341/4341/4341
f 4341/4341/4341 4346/4346/4346 4337/4337/4337
f 4337/4337/4337 4346/4346/4346 4344/4344/4344
f 4353/4353/4353 4332/4332/4332 4331/4331/4331
f 4331/4331/4331 4349/4349/4349 4353/4353/4353
f 4335/4335/4335 4355/4355/4355 4350/4350/4350
f 4350/4350/4350 4358/4358/4358 4335/4335/4335
f 4359/4359/4359 4360/4360/4360 4361/4361/4361
f 4362/4362/4362 4363/4363/4363 4364/4364/4364
f 4364/4364/4364 4365/4365/4365 4362/4362/4362
f 4366/4366/4366 4363/4363/4363 4362/4362/4362
f 4362/4362/4362 4367/4367/4367 4366/4366/4366
f 4368/4368/4368 4369/4369/4369 4370/4370/4370
f 4370/4370/4370 4371/4371/4371 4368/4368/4368
f 4372/4372/4372 4373/4373/4373 4370/4370/4370
f 4370/4370/4370 4369/4369/4369 4372/4372/4372
f 4374/4374/4374 4375/4375/4375 4376/4376/4376
f 4376/4376/4376 4377/4377/4377 4374/4374/4374
f 4378/4378/4378 4379/4379/4379 4375/4375/4375
f 4375/4375/4375 4374/4374/4374 4378/4378/4378
f 4380/4380/4380 4381/4381/4381 4382/4382/4382
f 4382/4382/4382 4383/4383/4383 4380/4380/4380
f 4384/4384/4384 4385/4385/4385 4386/4386/4386
f 4386/4386/4386 4387/4387/4387 4384/4384/4384
f 4384/4384/4384 4388/4388/4388 4389/4389/4389
f 4389/4389/4389 4385/4385/4385 4384/4384/4384
f 4390/4390/4390 4389/4389/4389 4388/4388/4388
f 4391/4391/4391 4392/4392/4392 4393/4393/4393
f 4393/4393/4393 4394/4394/4394 4391/4391/4391
f 4367/4367/4367 4393/4393/4393 4392/4392/4392
f 4392/4392/4392 4366/4366/4366 4367/4367/4367
f 4391/4391/4391 4394/4394/4394 4395/4395/4395
f 4395/4395/4395 4396/4396/4396 4391/4391/4391
f 4388/4388/4388 4396/4396/4396 4395/4395/4395
f 4395/4395/4395 4390/4390/4390 4388/4388/4388
f 4381/4381/4381 4397/4397/4397 4398/4398/4398
f 4398/4398/4398 4382/4382/4382 4381/4381/4381
f 4399/4399/4399 4368/4368/4368 4371/4371/4371
f 4364/4364/4364 4368/4368/4368 4399/4399/4399
f 4399/4399/4399 4365/4365/4365 4364/4364/4364
f 4400/4400/4400 4401/4401/4401 4373/4373/4373
f 4373/4373/4373 4372/4372/4372 4400/4400/4400
f 4402/4402/4402 4403/4403/4403 4364/4364/4364
f 4364/4364/4364 4363/4363/4363 4402/4402/4402
f 4404/4404/4404 4402/4402/4402 4363/4363/4363
f 4363/4363/4363 4366/4366/4366 4404/4404/4404
f 4405/4405/4405 4406/4406/4406 4369/4369/4369
f 4369/4369/4369 4368/4368/4368 4405/4405/4405
f 4407/4407/4407 4372/4372/4372 4369/4369/4369
f 4369/4369/4369 4406/4406/4406 4407/4407/4407
f 4408/4408/4408 4374/4374/4374 4377/4377/4377
f 4377/4377/4377 4409/4409/4409 4408/4408/4408
f 4410/4410/4410 4378/4378/4378 4374/4374/4374
f 4374/4374/4374 4408/4408/4408 4410/4410/4410
f 4411/4411/4411 4381/4381/4381 4380/4380/4380
f 4380/4380/4380 4412/4412/4412 4411/4411/4411
f 4413/4413/4413 4384/4384/4384 4387/4387/4387
f 4387/4387/4387 4414/4414/4414 4413/4413/4413
f 4413/4413/4413 4415/4415/4415 4388/4388/4388
f 4388/4388/4388 4384/4384/4384 4413/4413/4413
f 4416/4416/4416 4417/4417/4417 4392/4392/4392
f 4392/4392/4392 4391/4391/4391 4416/4416/4416
f 4417/4417/4417 4404/4404/4404 4366/4366/4366
f 4366/4366/4366 4392/4392/4392 4417/4417/4417
f 4416/4416/4416 4391/4391/4391 4396/4396/4396
f 4396/4396/4396 4418/4418/4418 4416/4416/4416
f 4415/4415/4415 4418/4418/4418 4396/4396/4396
f 4396/4396/4396 4388/4388/4388 4415/4415/4415
f 4397/4397/4397 4419/4419/4419 4414/4414/4414
f 4414/4414/4414 4387/4387/4387 4397/4397/4397
f 4403/4403/4403 4405/4405/4405 4368/4368/4368
f 4368/4368/4368 4364/4364/4364 4403/4403/4403
f 4420/4420/4420 4400/4400/4400 4372/4372/4372
f 4372/4372/4372 4407/4407/4407 4420/4420/4420
f 4421/4421/4421 4422/4422/4422 4423/4423/4423
f 4423/4423/4423 4424/4424/4424 4421/4421/4421
f 4425/4425/4425 4426/4426/4426 4422/4422/4422
f 4422/4422/4422 4421/4421/4421 4425/4425/4425
f 4427/4427/4427 4428/4428/4428 4429/4429/4429
f 4429/4429/4429 4430/4430/4430 4427/4427/4427
f 4431/4431/4431 4432/4432/4432 4433/4433/4433
f 4433/4433/4433 4434/4434/4434 4431/4431/4431
f 4431/4431/4431 4434/4434/4434 4426/4426/4426
f 4426/4426/4426 4425/4425/4425 4431/4431/4431
f 4432/4432/4432 4435/4435/4435 4436/4436/4436
f 4436/4436/4436 4433/4433/4433 4432/4432/4432
f 4436/4436/4436 4430/4430/4430 4437/4437/4437
f 4437/4437/4437 4438/4438/4438 4436/4436/4436
f 4424/4424/4424 4423/4423/4423 4439/4439/4439
f 4439/4439/4439 4440/4440/4440 4424/4424/4424
f 4441/4441/4441 4442/4442/4442 4443/4443/4443
f 4443/4443/4443 4444/4444/4444 4441/4441/4441
f 4441/4441/4441 4444/4444/4444 4445/4445/4445
f 4445/4445/4445 4446/4446/4446 4441/4441/4441
f 4447/4447/4447 4448/4448/4448 4449/4449/4449
f 4449/4449/4449 4450/4450/4450 4447/4447/4447
f 4446/4446/4446 4445/4445/4445 4448/4448/4448
f 4448/4448/4448 4447/4447/4447 4446/4446/4446
f 4450/4450/4450 4449/4449/4449 4438/4438/4438
f 4438/4438/4438 4451/4451/4451 4450/4450/4450
f 4451/4451/4451 4438/4438/4438 4437/4437/4437
f 4437/4437/4437 4452/4452/4452 4451/4451/4451
f 4442/4442/4442 4453/4453/4453 4454/4454/4454
f 4454/4454/4454 4443/4443/4443 4442/4442/4442
f 4403/4403/4403 4402/4402/4402 4455/4455/4455
f 4455/4455/4455 4456/4456/4456 4403/4403/4403
f 4402/4402/4402 4404/4404/4404 4457/4457/4457
f 4457/4457/4457 4455/4455/4455 4402/4402/4402
f 4415/4415/4415 4413/4413/4413 4458/4458/4458
f 4416/4416/4416 4459/4459/4459 4460/4460/4460
f 4460/4460/4460 4417/4417/4417 4416/4416/4416
f 4457/4457/4457 4404/4404/4404 4417/4417/4417
f 4417/4417/4417 4460/4460/4460 4457/4457/4457
f 4418/4418/4418 4461/4461/4461 4459/4459/4459
f 4459/4459/4459 4416/4416/4416 4418/4418/4418
f 4461/4461/4461 4418/4418/4418 4415/4415/4415
f 4415/4415/4415 4458/4458/4458 4461/4461/4461
f 4405/4405/4405 4403/4403/4403 4456/4456/4456
f 4456/4456/4456 4462/4462/4462 4405/4405/4405
f 4413/4413/4413 4414/4414/4414 4428/4428/4428
f 4428/4428/4428 4414/4414/4414 4419/4419/4419
f 4419/4419/4419 4429/4429/4429 4428/4428/4428
f 4452/4452/4452 4437/4437/4437 4463/4463/4463
f 4463/4463/4463 4464/4464/4464 4452/4452/4452
f 4464/4464/4464 4463/4463/4463 4411/4411/4411
f 4411/4411/4411 4465/4465/4465 4464/4464/4464
f 4466/4466/4466 4454/4454/4454 4453/4453/4453
f 4453/4453/4453 4467/4467/4467 4466/4466/4466
f 4439/4439/4439 4468/4468/4468 4469/4469/4469
f 4469/4469/4469 4440/4440/4440 4439/4439/4439
f 4406/4406/4406 4405/4405/4405 4462/4462/4462
f 4462/4462/4462 4470/4470/4470 4406/4406/4406
f 4397/4397/4397 4387/4387/4387 4386/4386/4386
f 4386/4386/4386 4398/4398/4398 4397/4397/4397
f 4419/4419/4419 4397/4397/4397 4381/4381/4381
f 4381/4381/4381 4411/4411/4411 4419/4419/4419
f 4422/4422/4422 4444/4444/4444 4443/4443/4443
f 4443/4443/4443 4423/4423/4423 4422/4422/4422
f 4426/4426/4426 4445/4445/4445 4444/4444/4444
f 4444/4444/4444 4422/4422/4422 4426/4426/4426
f 4430/4430/4430 4429/4429/4429 4463/4463/4463
f 4463/4463/4463 4437/4437/4437 4430/4430/4430
f 4434/4434/4434 4433/4433/4433 4449/4449/4449
f 4449/4449/4449 4448/4448/4448 4434/4434/4434
f 4426/4426/4426 4434/4434/4434 4448/4448/4448
f 4448/4448/4448 4445/4445/4445 4426/4426/4426
f 4436/4436/4436 4438/4438/4438 4449/4449/4449
f 4449/4449/4449 4433/4433/4433 4436/4436/4436
f 4430/4430/4430 4436/4436/4436 4435/4435/4435
f 4435/4435/4435 4427/4427/4427 4430/4430/4430
f 4423/4423/4423 4443/4443/4443 4454/4454/4454
f 4454/4454/4454 4439/4439/4439 4423/4423/4423
f 4429/4429/4429 4419/4419/4419 4411/4411/4411
f 4411/4411/4411 4463/4463/4463 4429/4429/4429
f 4468/4468/4468 4439/4439/4439 4454/4454/4454
f 4454/4454/4454 4466/4466/4466 4468/4468/4468
f 4401/4401/4401 4400/4400/4400 4377/4377/4377
f 4377/4377/4377 4376/4376/4376 4401/4401/4401
f 4400/4400/4400 4420/4420/4420 4409/4409/4409
f 4409/4409/4409 4377/4377/4377 4400/4400/4400
f 4471/4471/4471 4472/4472/4472 4473/4473/4473
f 4473/4473/4473 4474/4474/4474 4471/4471/4471
f 4475/4475/4475 4476/4476/4476 4477/4477/4477
f 4477/4477/4477 4478/4478/4478 4475/4475/4475
f 4479/4479/4479 4478/4478/4478 4477/4477/4477
f 4477/4477/4477 4480/4480/4480 4479/4479/4479
f 4481/4481/4481 4482/4482/4482 4483/4483/4483
f 4483/4483/4483 4484/4484/4484 4481/4481/4481
f 4485/4485/4485 4481/4481/4481 4484/4484/4484
f 4484/4484/4484 4486/4486/4486 4485/4485/4485
f 4487/4487/4487 4485/4485/4485 4486/4486/4486
f 4486/4486/4486 4488/4488/4488 4487/4487/4487
f 4489/4489/4489 4487/4487/4487 4488/4488/4488
f 4488/4488/4488 4490/4490/4490 4489/4489/4489
f 4489/4489/4489 4490/4490/4490 4491/4491/4491
f 4491/4491/4491 4492/4492/4492 4489/4489/4489
f 4493/4493/4493 4492/4492/4492 4491/4491/4491
f 4491/4491/4491 4494/4494/4494 4493/4493/4493
f 4495/4495/4495 4493/4493/4493 4494/4494/4494
f 4494/4494/4494 4496/4496/4496 4495/4495/4495
f 4495/4495/4495 4496/4496/4496 4497/4497/4497
f 4497/4497/4497 4498/4498/4498 4495/4495/4495
f 4498/4498/4498 4497/4497/4497 4499/4499/4499
f 4499/4499/4499 4500/4500/4500 4498/4498/4498
f 4501/4501/4501 4502/4502/4502 4503/4503/4503
f 4503/4503/4503 4504/4504/4504 4501/4501/4501
f 4472/4472/4472 4471/4471/4471 4505/4505/4505
f 4505/4505/4505 4506/4506/4506 4472/4472/4472
f 4507/4507/4507 4508/4508/4508 4502/4502/4502
f 4502/4502/4502 4501/4501/4501 4507/4507/4507
f 4479/4479/4479 4480/4480/4480 4509/4509/4509
f 4480/4480/4480 4483/4483/4483 4482/4482/4482
f 4482/4482/4482 4509/4509/4509 4480/4480/4480
f 4510/4510/4510 4511/4511/4511 4476/4476/4476
f 4476/4476/4476 4475/4475/4475 4510/4510/4510
f 4481/4481/4481 4362/4362/4362 4365/4365/4365
f 4365/4365/4365 4482/4482/4482 4481/4481/4481
f 4481/4481/4481 4485/4485/4485 4367/4367/4367
f 4367/4367/4367 4362/4362/4362 4481/4481/4481
f 4478/4478/4478 4479/4479/4479 4371/4371/4371
f 4371/4371/4371 4370/4370/4370 4478/4478/4478
f 4475/4475/4475 4478/4478/4478 4370/4370/4370
f 4370/4370/4370 4373/4373/4373 4475/4475/4475
f 4474/4474/4474 4376/4376/4376 4375/4375/4375
f 4375/4375/4375 4471/4471/4471 4474/4474/4474
f 4471/4471/4471 4375/4375/4375 4379/4379/4379
f 4379/4379/4379 4505/4505/4505 4471/4471/4471
f 4501/4501/4501 4504/4504/4504 4383/4383/4383
f 4383/4383/4383 4382/4382/4382 4501/4501/4501
f 4498/4498/4498 4500/4500/4500 4386/4386/4386
f 4386/4386/4386 4385/4385/4385 4498/4498/4498
f 4495/4495/4495 4498/4498/4498 4385/4385/4385
f 4385/4385/4385 4389/4389/4389 4495/4495/4495
f 4493/4493/4493 4495/4495/4495 4389/4389/4389
f 4389/4389/4389 4390/4390/4390 4493/4493/4493
f 4487/4487/4487 4489/4489/4489 4394/4394/4394
f 4394/4394/4394 4393/4393/4393 4487/4487/4487
f 4485/4485/4485 4487/4487/4487 4393/4393/4393
f 4393/4393/4393 4367/4367/4367 4485/4485/4485
f 4489/4489/4489 4492/4492/4492 4395/4395/4395
f 4395/4395/4395 4394/4394/4394 4489/4489/4489
f 4492/4492/4492 4493/4493/4493 4390/4390/4390
f 4390/4390/4390 4395/4395/4395 4492/4492/4492
f 4501/4501/4501 4382/4382/4382 4398/4398/4398
f 4398/4398/4398 4507/4507/4507 4501/4501/4501
f 4479/4479/4479 4509/4509/4509 4399/4399/4399
f 4399/4399/4399 4371/4371/4371 4479/4479/4479
f 4509/4509/4509 4482/4482/4482 4365/4365/4365
f 4365/4365/4365 4399/4399/4399 4509/4509/4509
f 4401/4401/4401 4510/4510/4510 4475/4475/4475
f 4475/4475/4475 4373/4373/4373 4401/4401/4401
f 4507/4507/4507 4500/4500/4500 4499/4499/4499
f 4499/4499/4499 4508/4508/4508 4507/4507/4507
f 4398/4398/4398 4386/4386/4386 4500/4500/4500
f 4500/4500/4500 4507/4507/4507 4398/4398/4398
f 4511/4511/4511 4510/4510/4510 4474/4474/4474
f 4474/4474/4474 4473/4473/4473 4511/4511/4511
f 4401/4401/4401 4376/4376/4376 4474/4474/4474
f 4474/4474/4474 4510/4510/4510 4401/4401/4401
f 4456/4456/4456 4455/4455/4455 4421/4421/4421
f 4421/4421/4421 4424/4424/4424 4456/4456/4456
f 4421/4421/4421 4455/4455/4455 4457/4457/4457
f 4457/4457/4457 4425/4425/4425 4421/4421/4421
f 4427/4427/4427 4458/4458/4458 4413/4413/4413
f 4413/4413/4413 4428/4428/4428 4427/4427/4427
f 4431/4431/4431 4460/4460/4460 4459/4459/4459
f 4459/4459/4459 4432/4432/4432 4431/4431/4431
f 4425/4425/4425 4457/4457/4457 4460/4460/4460
f 4460/4460/4460 4431/4431/4431 4425/4425/4425
f 4432/4432/4432 4459/4459/4459 4461/4461/4461
f 4461/4461/4461 4435/4435/4435 4432/4432/4432
f 4435/4435/4435 4461/4461/4461 4458/4458/4458
f 4458/4458/4458 4427/4427/4427 4435/4435/4435
f 4462/4462/4462 4456/4456/4456 4424/4424/4424
f 4424/4424/4424 4440/4440/4440 4462/4462/4462
f 4470/4470/4470 4462/4462/4462 4440/4440/4440
f 4440/4440/4440 4469/4469/4469 4470/4470/4470
f 4512/4512/4512 4513/4513/4513 4514/4514/4514
f 4514/4514/4514 4515/4515/4515 4512/4512/4512
f 4516/4516/4516 4517/4517/4517 4512/4512/4512
f 4512/4512/4512 4515/4515/4515 4516/4516/4516
f 4518/4518/4518 4519/4519/4519 4520/4520/4520
f 4520/4520/4520 4521/4521/4521 4518/4518/4518
f 4522/4522/4522 4521/4521/4521 4520/4520/4520
f 4520/4520/4520 4523/4523/4523 4522/4522/4522
f 4524/4524/4524 4525/4525/4525 4526/4526/4526
f 4526/4526/4526 4527/4527/4527 4524/4524/4524
f 4528/4528/4528 4524/4524/4524 4527/4527/4527
f 4527/4527/4527 4529/4529/4529 4528/4528/4528
f 4530/4530/4530 4531/4531/4531 4532/4532/4532
f 4532/4532/4532 4533/4533/4533 4530/4530/4530
f 4534/4534/4534 4535/4535/4535 4536/4536/4536
f 4536/4536/4536 4537/4537/4537 4534/4534/4534
f 4534/4534/4534 4537/4537/4537 4538/4538/4538
f 4538/4538/4538 4539/4539/4539 4534/4534/4534
f 4540/4540/4540 4539/4539/4539 4538/4538/4538
f 4541/4541/4541 4542/4542/4542 4543/4543/4543
f 4543/4543/4543 4544/4544/4544 4541/4541/4541
f 4517/4517/4517 4516/4516/4516 4544/4544/4544
f 4544/4544/4544 4543/4543/4543 4517/4517/4517
f 4541/4541/4541 4545/4545/4545 4546/4546/4546
f 4546/4546/4546 4542/4542/4542 4541/4541/4541
f 4539/4539/4539 4540/4540/4540 4546/4546/4546
f 4546/4546/4546 4545/4545/4545 4539/4539/4539
f 4533/4533/4533 4532/4532/4532 4547/4547/4547
f 4547/4547/4547 4548/4548/4548 4533/4533/4533
f 4549/4549/4549 4519/4519/4519 4518/4518/4518
f 4514/4514/4514 4513/4513/4513 4549/4549/4549
f 4549/4549/4549 4518/4518/4518 4514/4514/4514
f 4550/4550/4550 4522/4522/4522 4523/4523/4523
f 4523/4523/4523 4551/4551/4551 4550/4550/4550
f 4552/4552/4552 4515/4515/4515 4514/4514/4514
f 4514/4514/4514 4553/4553/4553 4552/4552/4552
f 4554/4554/4554 4516/4516/4516 4515/4515/4515
f 4515/4515/4515 4552/4552/4552 4554/4554/4554
f 4555/4555/4555 4518/4518/4518 4521/4521/4521
f 4521/4521/4521 4556/4556/4556 4555/4555/4555
f 4557/4557/4557 4556/4556/4556 4521/4521/4521
f 4521/4521/4521 4522/4522/4522 4557/4557/4557
f 4558/4558/4558 4559/4559/4559 4525/4525/4525
f 4525/4525/4525 4524/4524/4524 4558/4558/4558
f 4560/4560/4560 4558/4558/4558 4524/4524/4524
f 4524/4524/4524 4528/4528/4528 4560/4560/4560
f 4561/4561/4561 4562/4562/4562 4530/4530/4530
f 4530/4530/4530 4533/4533/4533 4561/4561/4561
f 4563/4563/4563 4564/4564/4564 4535/4535/4535
f 4535/4535/4535 4534/4534/4534 4563/4563/4563
f 4563/4563/4563 4534/4534/4534 4539/4539/4539
f 4539/4539/4539 4565/4565/4565 4563/4563/4563
f 4566/4566/4566 4541/4541/4541 4544/4544/4544
f 4544/4544/4544 4567/4567/4567 4566/4566/4566
f 4567/4567/4567 4544/4544/4544 4516/4516/4516
f 4516/4516/4516 4554/4554/4554 4567/4567/4567
f 4566/4566/4566 4568/4568/4568 4545/4545/4545
f 4545/4545/4545 4541/4541/4541 4566/4566/4566
f 4565/4565/4565 4539/4539/4539 4545/4545/4545
f 4545/4545/4545 4568/4568/4568 4565/4565/4565
f 4548/4548/4548 4535/4535/4535 4564/4564/4564
f 4564/4564/4564 4569/4569/4569 4548/4548/4548
f 4553/4553/4553 4514/4514/4514 4518/4518/4518
f 4518/4518/4518 4555/4555/4555 4553/4553/4553
f 4570/4570/4570 4557/4557/4557 4522/4522/4522
f 4522/4522/4522 4550/4550/4550 4570/4570/4570
f 4571/4571/4571 4572/4572/4572 4573/4573/4573
f 4573/4573/4573 4574/4574/4574 4571/4571/4571
f 4575/4575/4575 4571/4571/4571 4574/4574/4574
f 4574/4574/4574 4576/4576/4576 4575/4575/4575
f 4577/4577/4577 4578/4578/4578 4579/4579/4579
f 4579/4579/4579 4580/4580/4580 4577/4577/4577
f 4581/4581/4581 4582/4582/4582 4583/4583/4583
f 4583/4583/4583 4584/4584/4584 4581/4581/4581
f 4581/4581/4581 4575/4575/4575 4576/4576/4576
f 4576/4576/4576 4582/4582/4582 4581/4581/4581
f 4584/4584/4584 4583/4583/4583 4585/4585/4585
f 4585/4585/4585 4586/4586/4586 4584/4584/4584
f 4585/4585/4585 4587/4587/4587 4588/4588/4588
f 4588/4588/4588 4578/4578/4578 4585/4585/4585
f 4572/4572/4572 4589/4589/4589 4590/4590/4590
f 4590/4590/4590 4573/4573/4573 4572/4572/4572
f 4591/4591/4591 4592/4592/4592 4593/4593/4593
f 4593/4593/4593 4594/4594/4594 4591/4591/4591
f 4591/4591/4591 4595/4595/4595 4596/4596/4596
f 4596/4596/4596 4592/4592/4592 4591/4591/4591
f 4597/4597/4597 4598/4598/4598 4599/4599/4599
f 4599/4599/4599 4600/4600/4600 4597/4597/4597
f 4595/4595/4595 4597/4597/4597 4600/4600/4600
f 4600/4600/4600 4596/4596/4596 4595/4595/4595
f 4598/4598/4598 4601/4601/4601 4587/4587/4587
f 4587/4587/4587 4599/4599/4599 4598/4598/4598
f 4601/4601/4601 4602/4602/4602 4588/4588/4588
f 4588/4588/4588 4587/4587/4587 4601/4601/4601
f 4594/4594/4594 4593/4593/4593 4603/4603/4603
f 4603/4603/4603 4604/4604/4604 4594/4594/4594
f 4553/4553/4553 4605/4605/4605 4606/4606/4606
f 4606/4606/4606 4552/4552/4552 4553/4553/4553
f 4552/4552/4552 4606/4606/4606 4607/4607/4607
f 4607/4607/4607 4554/4554/4554 4552/4552/4552
f 4565/4565/4565 4608/4608/4608 4563/4563/4563
f 4566/4566/4566 4567/4567/4567 4609/4609/4609
f 4609/4609/4609 4610/4610/4610 4566/4566/4566
f 4607/4607/4607 4609/4609/4609 4567/4567/4567
f 4567/4567/4567 4554/4554/4554 4607/4607/4607
f 4568/4568/4568 4566/4566/4566 4610/4610/4610
f 4610/4610/4610 4611/4611/4611 4568/4568/4568
f 4611/4611/4611 4608/4608/4608 4565/4565/4565
f 4565/4565/4565 4568/4568/4568 4611/4611/4611
f 4555/4555/4555 4612/4612/4612 4605/4605/4605
f 4605/4605/4605 4553/4553/4553 4555/4555/4555
f 4563/4563/4563 4580/4580/4580 4564/4564/4564
f 4580/4580/4580 4579/4579/4579 4569/4569/4569
f 4569/4569/4569 4564/4564/4564 4580/4580/4580
f 4602/4602/4602 4613/4613/4613 4614/4614/4614
f 4614/4614/4614 4588/4588/4588 4602/4602/4602
f 4613/4613/4613 4615/4615/4615 4561/4561/4561
f 4561/4561/4561 4614/4614/4614 4613/4613/4613
f 4616/4616/4616 4617/4617/4617 4604/4604/4604
f 4604/4604/4604 4603/4603/4603 4616/4616/4616
f 4590/4590/4590 4589/4589/4589 4618/4618/4618
f 4618/4618/4618 4619/4619/4619 4590/4590/4590
f 4556/4556/4556 4620/4620/4620 4612/4612/4612
f 4612/4612/4612 4555/4555/4555 4556/4556/4556
f 4548/4548/4548 4547/4547/4547 4536/4536/4536
f 4536/4536/4536 4535/4535/4535 4548/4548/4548
f 4569/4569/4569 4561/4561/4561 4533/4533/4533
f 4533/4533/4533 4548/4548/4548 4569/4569/4569
f 4574/4574/4574 4573/4573/4573 4593/4593/4593
f 4593/4593/4593 4592/4592/4592 4574/4574/4574
f 4576/4576/4576 4574/4574/4574 4592/4592/4592
f 4592/4592/4592 4596/4596/4596 4576/4576/4576
f 4578/4578/4578 4588/4588/4588 4614/4614/4614
f 4614/4614/4614 4579/4579/4579 4578/4578/4578
f 4582/4582/4582 4600/4600/4600 4599/4599/4599
f 4599/4599/4599 4583/4583/4583 4582/4582/4582
f 4576/4576/4576 4596/4596/4596 4600/4600/4600
f 4600/4600/4600 4582/4582/4582 4576/4576/4576
f 4585/4585/4585 4583/4583/4583 4599/4599/4599
f 4599/4599/4599 4587/4587/4587 4585/4585/4585
f 4578/4578/4578 4577/4577/4577 4586/4586/4586
f 4586/4586/4586 4585/4585/4585 4578/4578/4578
f 4573/4573/4573 4590/4590/4590 4603/4603/4603
f 4603/4603/4603 4593/4593/4593 4573/4573/4573
f 4579/4579/4579 4614/4614/4614 4561/4561/4561
f 4561/4561/4561 4569/4569/4569 4579/4579/4579
f 4619/4619/4619 4616/4616/4616 4603/4603/4603
f 4603/4603/4603 4590/4590/4590 4619/4619/4619
f 4551/4551/4551 4526/4526/4526 4525/4525/4525
f 4525/4525/4525 4550/4550/4550 4551/4551/4551
f 4550/4550/4550 4525/4525/4525 4559/4559/4559
f 4559/4559/4559 4570/4570/4570 4550/4550/4550
f 4621/4621/4621 4622/4622/4622 4623/4623/4623
f 4623/4623/4623 4624/4624/4624 4621/4621/4621
f 4625/4625/4625 4626/4626/4626 4627/4627/4627
f 4627/4627/4627 4628/4628/4628 4625/4625/4625
f 4629/4629/4629 4630/4630/4630 4627/4627/4627
f 4627/4627/4627 4626/4626/4626 4629/4629/4629
f 4631/4631/4631 4632/4632/4632 4633/4633/4633
f 4633/4633/4633 4634/4634/4634 4631/4631/4631
f 4635/4635/4635 4636/4636/4636 4632/4632/4632
f 4632/4632/4632 4631/4631/4631 4635/4635/4635
f 4637/4637/4637 4638/4638/4638 4636/4636/4636
f 4636/4636/4636 4635/4635/4635 4637/4637/4637
f 4639/4639/4639 4640/4640/4640 4638/4638/4638
f 4638/4638/4638 4637/4637/4637 4639/4639/4639
f 4639/4639/4639 4641/4641/4641 4642/4642/4642
f 4642/4642/4642 4640/4640/4640 4639/4639/4639
f 4643/4643/4643 4644/4644/4644 4642/4642/4642
f 4642/4642/4642 4641/4641/4641 4643/4643/4643
f 4645/4645/4645 4646/4646/4646 4644/4644/4644
f 4644/4644/4644 4643/4643/4643 4645/4645/4645
f 4645/4645/4645 4647/4647/4647 4648/4648/4648
f 4648/4648/4648 4646/4646/4646 4645/4645/4645
f 4647/4647/4647 4649/4649/4649 4650/4650/4650
f 4650/4650/4650 4648/4648/4648 4647/4647/4647
f 4651/4651/4651 4652/4652/4652 4653/4653/4653
f 4653/4653/4653 4654/4654/4654 4651/4651/4651
f 4624/4624/4624 4655/4655/4655 4656/4656/4656
f 4656/4656/4656 4621/4621/4621 4624/4624/4624
f 4657/4657/4657 4651/4651/4651 4654/4654/4654
f 4654/4654/4654 4658/4658/4658 4657/4657/4657
f 4629/4629/4629 4659/4659/4659 4630/4630/4630
f 4630/4630/4630 4659/4659/4659 4634/4634/4634
f 4634/4634/4634 4633/4633/4633 4630/4630/4630
f 4660/4660/4660 4625/4625/4625 4628/4628/4628
f 4628/4628/4628 4661/4661/4661 4660/4660/4660
f 4631/4631/4631 4634/4634/4634 4513/4513/4513
f 4513/4513/4513 4512/4512/4512 4631/4631/4631
f 4631/4631/4631 4512/4512/4512 4517/4517/4517
f 4517/4517/4517 4635/4635/4635 4631/4631/4631
f 4626/4626/4626 4520/4520/4520 4519/4519/4519
f 4519/4519/4519 4629/4629/4629 4626/4626/4626
f 4625/4625/4625 4523/4523/4523 4520/4520/4520
f 4520/4520/4520 4626/4626/4626 4625/4625/4625
f 4622/4622/4622 4621/4621/4621 4527/4527/4527
f 4527/4527/4527 4526/4526/4526 4622/4622/4622
f 4621/4621/4621 4656/4656/4656 4529/4529/4529
f 4529/4529/4529 4527/4527/4527 4621/4621/4621
f 4651/4651/4651 4532/4532/4532 4531/4531/4531
f 4531/4531/4531 4652/4652/4652 4651/4651/4651
f 4647/4647/4647 4537/4537/4537 4536/4536/4536
f 4536/4536/4536 4649/4649/4649 4647/4647/4647
f 4645/4645/4645 4538/4538/4538 4537/4537/4537
f 4537/4537/4537 4647/4647/4647 4645/4645/4645
f 4643/4643/4643 4540/4540/4540 4538/4538/4538
f 4538/4538/4538 4645/4645/4645 4643/4643/4643
f 4637/4637/4637 4543/4543/4543 4542/4542/4542
f 4542/4542/4542 4639/4639/4639 4637/4637/4637
f 4635/4635/4635 4517/4517/4517 4543/4543/4543
f 4543/4543/4543 4637/4637/4637 4635/4635/4635
f 4639/4639/4639 4542/4542/4542 4546/4546/4546
f 4546/4546/4546 4641/4641/4641 4639/4639/4639
f 4641/4641/4641 4546/4546/4546 4540/4540/4540
f 4540/4540/4540 4643/4643/4643 4641/4641/4641
f 4651/4651/4651 4657/4657/4657 4547/4547/4547
f 4547/4547/4547 4532/4532/4532 4651/4651/4651
f 4629/4629/4629 4519/4519/4519 4549/4549/4549
f 4549/4549/4549 4659/4659/4659 4629/4629/4629
f 4659/4659/4659 4549/4549/4549 4513/4513/4513
f 4513/4513/4513 4634/4634/4634 4659/4659/4659
f 4551/4551/4551 4523/4523/4523 4625/4625/4625
f 4625/4625/4625 4660/4660/4660 4551/4551/4551
f 4657/4657/4657 4658/4658/4658 4650/4650/4650
f 4650/4650/4650 4649/4649/4649 4657/4657/4657
f 4547/4547/4547 4657/4657/4657 4649/4649/4649
f 4649/4649/4649 4536/4536/4536 4547/4547/4547
f 4661/4661/4661 4623/4623/4623 4622/4622/4622
f 4622/4622/4622 4660/4660/4660 4661/4661/4661
f 4551/4551/4551 4660/4660/4660 4622/4622/4622
f 4622/4622/4622 4526/4526/4526 4551/4551/4551
f 4605/4605/4605 4572/4572/4572 4571/4571/4571
f 4571/4571/4571 4606/4606/4606 4605/4605/4605
f 4571/4571/4571 4575/4575/4575 4607/4607/4607
f 4607/4607/4607 4606/4606/4606 4571/4571/4571
f 4577/4577/4577 4580/4580/4580 4563/4563/4563
f 4563/4563/4563 4608/4608/4608 4577/4577/4577
f 4581/4581/4581 4584/4584/4584 4610/4610/4610
f 4610/4610/4610 4609/4609/4609 4581/4581/4581
f 4575/4575/4575 4581/4581/4581 4609/4609/4609
f 4609/4609/4609 4607/4607/4607 4575/4575/4575
f 4584/4584/4584 4586/4586/4586 4611/4611/4611
f 4611/4611/4611 4610/4610/4610 4584/4584/4584
f 4586/4586/4586 4577/4577/4577 4608/4608/4608
f 4608/4608/4608 4611/4611/4611 4586/4586/4586
f 4612/4612/4612 4589/4589/4589 4572/4572/4572
f 4572/4572/4572 4605/4605/4605 4612/4612/4612
f 4620/4620/4620 4618/4618/4618 4589/4589/4589
f 4589/4589/4589 4612/4612/4612 4620/4620/4620
f 2251/2251/2251 2252/2252/2252 2253/2253/2253
f 2253/2253/2253 2254/2254/2254 2251/2251/2251
f 2255/2255/2255 2256/2256/2256 2257/2257/2257
f 2257/2257/2257 2258/2258/2258 2255/2255/2255
f 2259/2259/2259 2260/2260/2260 2261/2261/2261
f 2261/2261/2261 2254/2254/2254 2259/2259/2259
f 2262/2262/2262 2251/2251/2251 2254/2254/2254
f 2254/2254/2254 2261/2261/2261 2262/2262/2262
f 2258/2258/2258 2257/2257/2257 2263/2263/2263
f 2263/2263/2263 2264/2264/2264 2258/2258/2258
f 2252/2252/2252 2270/2270/2270 2271/2271/2271
f 2271/2271/2271 2253/2253/2253 2252/2252/2252
f 2272/2272/2272 2259/2259/2259 2254/2254/2254
f 2254/2254/2254 2253/2253/2253 2272/2272/2272
f 2277/2277/2277 2278/2278/2278 2279/2279/2279
f 2279/2279/2279 2280/2280/2280 2277/2277/2277
f 2291/2291/2291 2292/2292/2292 2258/2258/2258
f 2258/2258/2258 2264/2264/2264 2291/2291/2291
f 2258/2258/2258 2292/2292/2292 2293/2293/2293
f 2293/2293/2293 2255/2255/2255 2258/2258/2258
f 2262/2262/2262 2263/2263/2263 2257/2257/2257
f 2257/2257/2257 2251/2251/2251 2262/2262/2262
f 2320/2320/2320 2321/2321/2321 2322/2322/2322
f 2322/2322/2322 2323/2323/2323 2320/2320/2320
f 2260/2260/2260 2259/2259/2259 2321/2321/2321
f 2321/2321/2321 2339/2339/2339 2260/2260/2260
f 2321/2321/2321 2320/2320/2320 2340/2340/2340
f 2340/2340/2340 2339/2339/2339 2321/2321/2321
f 2277/2277/2277 2280/2280/2280 2341/2341/2341
f 2341/2341/2341 2342/2342/2342 2277/2277/2277
f 2253/2253/2253 2271/2271/2271 2330/2330/2330
f 2330/2330/2330 2272/2272/2272 2253/2253/2253
f 2341/2341/2341 2338/2338/2338 2337/2337/2337
f 2337/2337/2337 2342/2342/2342 2341/2341/2341
f 2330/2330/2330 2319/2319/2319 2322/2322/2322
f 2322/2322/2322 2272/2272/2272 2330/2330/2330
f 2347/2347/2347 2270/2270/2270 2252/2252/2252
f 2252/2252/2252 2256/2256/2256 2347/2347/2347
f 2293/2293/2293 2349/2349/2349 2350/2350/2350
f 2350/2350/2350 2255/2255/2255 2293/2293/2293
f 2323/2323/2323 2322/2322/2322 2319/2319/2319
f 2319/2319/2319 2318/2318/2318 2323/2323/2323
f 2256/2256/2256 2255/2255/2255 2350/2350/2350
f 2350/2350/2350 2347/2347/2347 2256/2256/2256
f 2256/2256/2256 2252/2252/2252 2251/2251/2251
f 2251/2251/2251 2257/2257/2257 2256/2256/2256
f 2272/2272/2272 2322/2322/2322 2321/2321/2321
f 2321/2321/2321 2259/2259/2259 2272/2272/2272
f 2340/2340/2340 2320/2320/2320 2280/2280/2280
f 2280/2280/2280 2279/2279/2279 2340/2340/2340
f 2341/2341/2341 2280/2280/2280 2320/2320/2320
f 2320/2320/2320 2323/2323/2323 2341/2341/2341
f 2323/2323/2323 2318/2318/2318 2338/2338/2338
f 2338/2338/2338 2341/2341/2341 2323/2323/2323
f 2455/2455/2455 2456/2456/2456 2457/2457/2457
f 2457/2457/2457 2458/2458/2458 2455/2455/2455
f 2459/2459/2459 2460/2460/2460 2461/2461/2461
f 2461/2461/2461 2462/2462/2462 2459/2459/2459
f 2463/2463/2463 2456/2456/2456 2464/2464/2464
f 2464/2464/2464 2465/2465/2465 2463/2463/2463
f 2466/2466/2466 2464/2464/2464 2456/2456/2456
f 2456/2456/2456 2455/2455/2455 2466/2466/2466
f 2460/2460/2460 2467/2467/2467 2468/2468/2468
f 2468/2468/2468 2461/2461/2461 2460/2460/2460
f 2458/2458/2458 2457/2457/2457 2474/2474/2474
f 2474/2474/2474 2475/2475/2475 2458/2458/2458
f 2476/2476/2476 2457/2457/2457 2456/2456/2456
f 2456/2456/2456 2463/2463/2463 2476/2476/2476
f 2481/2481/2481 2482/2482/2482 2483/2483/2483
f 2483/2483/2483 2484/2484/2484 2481/2481/2481
f 2495/2495/2495 2467/2467/2467 2460/2460/2460
f 2460/2460/2460 2496/2496/2496 2495/2495/2495
f 2460/2460/2460 2459/2459/2459 2497/2497/2497
f 2497/2497/2497 2496/2496/2496 2460/2460/2460
f 2466/2466/2466 2455/2455/2455 2461/2461/2461
f 2461/2461/2461 2468/2468/2468 2466/2466/2466
f 2524/2524/2524 2525/2525/2525 2526/2526/2526
f 2526/2526/2526 2527/2527/2527 2524/2524/2524
f 2465/2465/2465 2543/2543/2543 2527/2527/2527
f 2527/2527/2527 2463/2463/2463 2465/2465/2465
f 2527/2527/2527 2543/2543/2543 2544/2544/2544
f 2544/2544/2544 2524/2524/2524 2527/2527/2527
f 2481/2481/2481 2545/2545/2545 2546/2546/2546
f 2546/2546/2546 2482/2482/2482 2481/2481/2481
f 2457/2457/2457 2476/2476/2476 2534/2534/2534
f 2534/2534/2534 2474/2474/2474 2457/2457/2457
f 2546/2546/2546 2545/2545/2545 2542/2542/2542
f 2542/2542/2542 2541/2541/2541 2546/2546/2546
f 2534/2534/2534 2476/2476/2476 2526/2526/2526
f 2526/2526/2526 2522/2522/2522 2534/2534/2534
f 2551/2551/2551 2462/2462/2462 2458/2458/2458
f 2458/2458/2458 2475/2475/2475 2551/2551/2551
f 2497/2497/2497 2459/2459/2459 2553/2553/2553
f 2553/2553/2553 2554/2554/2554 2497/2497/2497
f 2525/2525/2525 2523/2523/2523 2522/2522/2522
f 2522/2522/2522 2526/2526/2526 2525/2525/2525
f 2462/2462/2462 2551/2551/2551 2553/2553/2553
f 2553/2553/2553 2459/2459/2459 2462/2462/2462
f 2462/2462/2462 2461/2461/2461 2455/2455/2455
f 2455/2455/2455 2458/2458/2458 2462/2462/2462
f 2476/2476/2476 2463/2463/2463 2527/2527/2527
f 2527/2527/2527 2526/2526/2526 2476/2476/2476
f 2544/2544/2544 2483/2483/2483 2482/2482/2482
f 2482/2482/2482 2524/2524/2524 2544/2544/2544
f 2546/2546/2546 2525/2525/2525 2524/2524/2524
f 2524/2524/2524 2482/2482/2482 2546/2546/2546
f 2525/2525/2525 2546/2546/2546 2541/2541/2541
f 2541/2541/2541 2523/2523/2523 2525/2525/2525

# object SteelMaleBody
# 502 vertices
# 502 texture coordinates
# 0 normals
# 864 triangles
v 1.23598 0.0499255 -1.22735
v 1.25417 -0.0450274 -1.11023
v 1.43639 -0.0832844 -1.226
v 1.36524 0.0449828 -1.34058
v 1.28285 -0.221793 -1.04286
v 1.45701 -0.250957 -1.17068
v 1.43068 -0.411234 -1.1666
v 1.25464 -0.384325 -1.02874
v 1.68572 -0.438221 -1.55697
v 1.5778 -0.430357 -1.3695
v 1.50682 -0.548558 -1.39831
v 1.5985 -0.570236 -1.55993
v 1.63925 -0.0110517 -1.97792
v 1.75821 -0.125574 -1.95482
v 1.81294 -0.119877 -2.11511
v 1.69138 -0.00264102 -2.13158
v 1.81981 -0.285692 -1.92531
v 1.89755 -0.2748 -2.09742
v 1.19906 -0.520775 -1.10991
v 1.37596 -0.530733 -1.22652
v 1.70647 -0.27327 -1.56763
v 1.60134 -0.266148 -1.37244
v 1.92085 -0.454415 -2.0878
v 1.81014 -0.453493 -1.91741
v 1.5312 0.0609002 -2.14612
v 1.4992 0.0568062 -1.9922
v 1.15492 -0.451728 -2.39067
v 1.16501 -0.46628 -2.22053
v 1.1292 -0.663649 -2.20392
v 1.0187 -0.571693 -2.38572
v 1.94133 0.0550108 -2.89464
v 1.83696 0.00681469 -2.95409
v 1.68533 0.0443841 -2.70732
v 1.8178 0.0748981 -2.65489
v 1.93655 0.0200176 -2.60207
v 2.03344 -0.101848 -2.55222
v 2.11366 -0.0942856 -2.76902
v 2.03677 0.00929759 -2.82236
v 1.85665 -0.664786 -2.66249
v 2.00974 -0.630898 -2.90732
v 2.14662 -0.583651 -2.84412
v 2.03162 -0.592802 -2.60972
v 2.32027 0.0170607 -3.10317
v 2.20821 0.0578573 -3.16213
v 2.1247 0.0157456 -3.00255
v 2.22082 -0.0517409 -2.95279
v 1.80912 0.0222964 -2.36154
v 1.91385 -0.105673 -2.32179
v 2.00301 -0.26146 -2.29978
v 2.1126 -0.257309 -2.53217
v 2.20597 -0.254148 -2.78162
v 2.13121 -0.598855 -3.30739
v 2.11801 -0.636383 -3.14388
v 1.97445 -0.561949 -3.20209
v 2.05837 -0.526797 -3.40372
v 2.49388 -0.280854 -3.12409
v 2.42069 -0.424275 -3.13367
v 2.48139 -0.404755 -3.24064
v 1.67819 0.0866663 -2.39287
v 1.75154 -0.468637 -3.02143
v 1.85415 -0.600924 -2.98476
v 1.66954 -0.654215 -2.74254
v 1.57208 -0.489278 -2.79168
v 1.16899 -0.305512 -2.27101
v 1.16139 -0.285798 -2.40319
v 1.12453 -0.0705219 -2.40093
v 1.13489 -0.0980711 -2.24546
v 1.26418 0.136155 -1.43421
v 1.16708 0.136334 -1.30987
v 1.47751 0.0324073 -1.5015
v 1.35251 0.126943 -1.58813
v 1.5639 -0.101185 -1.42255
v 2.15681 0.0534179 -3.41709
v 2.20646 0.11629 -3.63116
v 2.09398 -0.0247197 -3.71994
v 2.01953 -0.069592 -3.47418
v 2.2722 0.132354 -3.34262
v 2.33258 0.206132 -3.56165
v 2.35687 0.118927 -4.15511
v 2.21808 0.0377092 -3.93146
v 2.30832 0.17832 -3.85334
v 2.41594 0.243345 -4.07926
v 2.27334 -0.633424 -3.39183
v 2.37913 -0.598836 -3.33884
v 2.30727 -0.612565 -3.20428
v 2.20722 -0.638681 -3.25336
v 2.42619 0.257706 -3.78988
v 2.5908 0.257822 -3.7355
v 2.66737 0.33479 -3.96923
v 2.51849 0.32498 -4.01324
v 2.77311 -0.117424 -4.11099
v 2.82355 0.0414409 -4.03285
v 2.761 -0.0718739 -3.75359
v 2.68509 -0.253317 -3.82233
v 2.59061 0.404306 -4.22998
v 2.50723 0.313998 -4.31102
v 2.08479 -0.238616 -3.78374
v 2.21995 -0.420295 -3.76568
v 2.13097 -0.449615 -3.58349
v 2.0009 -0.29413 -3.59318
v 2.3801 -0.0262049 -4.21088
v 2.47754 -0.151052 -4.24519
v 2.33537 -0.323917 -3.9756
v 2.21782 -0.157989 -3.98972
v 2.35687 0.118927 -4.15511
v 2.49122 0.188335 -4.39291
v 2.53553 0.0719427 -4.45685
v 2.01953 -0.069592 -3.47418
v 2.09398 -0.0247197 -3.71994
v 2.21808 0.0377092 -3.93146
v 2.51276 -0.350041 -3.86491
v 2.64681 -0.182178 -4.19432
v 2.77102 -0.0447804 -4.44948
v 2.86236 0.00118072 -4.37161
v 2.0429 0.0183573 -3.072
v 1.95457 -0.0256174 -3.12763
v 2.65143 0.0565315 -3.48494
v 2.50915 0.19729 -3.49943
v 2.42339 0.115934 -3.27793
v 2.57241 -0.0148066 -3.26375
v 1.94225 -0.373415 -3.41331
v 2.89366 0.127419 -4.28257
v 2.86004 0.295091 -4.19545
v 2.80149 0.220378 -3.97209
v 2.73056 0.414365 -4.17563
v 2.72857 0.134278 -3.72216
v 2.60252 -0.204645 -3.3206
v 2.68724 -0.148767 -3.5251
v 2.45653 -0.100816 -3.08003
v 2.49122 0.188335 -4.39291
v 2.47876 -0.454671 -3.44148
v 2.42826 -0.497809 -3.30068
v 2.43109 -0.526972 -3.48439
v 2.32492 -0.544707 -3.52365
v 2.16865 -0.594736 -3.42821
v 2.23456 -0.51668 -3.54946
v 2.36621 -0.524311 -3.17983
v 1.48631 -0.690568 -2.44127
v 1.37309 -0.52085 -2.50664
v 1.33807 -0.69712 -2.10488
v 1.33854 -0.738672 -1.86165
v 1.14539 -0.781763 -1.83924
v 1.20846 -0.677219 -2.02694
v 1.16324 -0.699694 -2.04493
v 1.18011 -0.478421 -2.12512
v 1.23604 -0.529067 -2.19155
v 1.23894 -0.279006 -2.25582
v 1.19107 -0.300425 -2.19545
v 1.2076 -0.145325 -2.1583
v 1.13489 -0.0980711 -2.24546
v 1.12453 -0.0705219 -2.40093
v 1.02246 0.160073 -2.3563
v 1.05684 0.106144 -2.19434
v 1.09904 0.112067 -2.05244
v 1.1779 -0.0785995 -2.10007
v 1.1779 -0.0785995 -2.10007
v 1.20672 0.127517 -1.96908
v 1.08191 0.273265 -1.92193
v 1.17513 0.217366 -1.84848
v 1.9406 -0.166635 -3.3203
v 1.23951 0.0416683 -2.04267
v 1.5758 -0.0936456 -2.76418
v 1.54842 -0.302895 -2.78935
v 1.36437 -0.306501 -2.51646
v 1.41065 -0.0708687 -2.49839
v 1.75118 -0.111903 -2.98978
v 1.72596 -0.295651 -3.01598
v 1.72965 -0.596829 -1.9234
v 1.81682 -0.623502 -2.11269
v 1.92488 -0.632315 -2.34324
v 1.69462 -0.73566 -2.38425
v 1.55287 -0.699628 -1.91486
v 1.59453 -0.735879 -2.12024
v 1.13967 -0.644424 -1.2381
v 1.31978 -0.623769 -1.34116
v 1.66108 -0.580703 -1.73701
v 1.50573 -0.681477 -1.71766
v 1.11869 -0.723534 -1.41092
v 1.30814 -0.686669 -1.48789
v 1.75359 -0.445599 -1.74024
v 1.76875 -0.281507 -1.75452
v 1.43436 -0.617559 -1.42593
v 1.46541 -0.651878 -1.54497
v 1.55674 0.0166202 -1.67723
v 1.42701 0.107413 -1.7397
v 1.65444 -0.113456 -1.61274
v 1.71157 -0.124399 -1.79075
v 1.60479 -0.000457311 -1.83815
v 1.3209 -0.736508 -1.66956
v 1.12059 -0.777885 -1.60894
v 0.905234 -0.773502 -1.36139
v 0.900708 -0.838334 -1.5666
v 1.0398 0.260214 -1.5623
v 0.939802 0.352477 -1.60832
v 0.869194 0.342024 -1.47096
v 0.967526 0.252238 -1.43793
v 1.47321 0.0820397 -1.87756
v 1.52801 0.0675309 -2.43388
v 1.2076 -0.145325 -2.1583
v 1.26345 -0.00990688 -2.11662
v 1.2951 -0.0413645 -2.23551
v 1.23894 -0.279006 -2.25582
v 1.41702 0.0536619 -2.20812
v 1.38034 0.0508952 -2.09836
v 1.36058 0.0783187 -2.00681
v 1.33747 0.131189 -1.91513
v 1.2275 0.190306 -1.65381
v 1.2925 0.170172 -1.79072
v 1.15481 0.195999 -1.5069
v 2.03526 -0.452977 -2.30275
v 2.14006 -0.444631 -2.54952
v 2.21357 -0.442888 -2.78523
v 1.1005 -0.0120323 -2.60442
v 1.0997 -0.263908 -2.59103
v 1.1005 -0.0120323 -2.60442
v 1.00712 0.243739 -2.56007
v 0.956492 -0.509212 -2.61017
v 0.835567 -0.674639 -2.29586
v 0.914134 -0.700714 -2.07783
v 0.76084 -0.65611 -2.55559
v 1.018 0.265976 -2.1413
v 0.962479 0.478548 -2.323
v 0.892091 0.636886 -2.12646
v 1.01342 0.417495 -2.0132
v 1.1084 0.252178 -1.70425
v 1.01404 0.343092 -1.75977
v 2.27372 -0.575614 -3.0642
v 1.89513 -0.119949 -3.15569
v 1.86554 -0.262883 -3.19574
v 2.33061 -0.169385 -2.94543
v 1.86554 -0.262883 -3.19574
v 1.8805 -0.430707 -3.23139
v 1.72596 -0.295651 -3.01598
v 2.32737 -0.432206 -2.99788
v 1.07368 0.195961 -1.3824
v 2.53917 -0.357906 -3.39144
v 2.35538 -0.296297 -2.96284
v 2.63235 -0.0181372 -4.47797
v 1.54842 -0.302895 -2.78935
v 1.36437 -0.306501 -2.51646
v 2.49776 -0.448444 -3.60482
v 2.35384 -0.456873 -3.65797
v 2.10983 0.00819275 -3.2325
v 2.02971 -0.0561205 -3.27341
v 1.9406 -0.166635 -3.3203
v 0.91513 -0.850495 -1.79248
v 2.60423 -0.31705 -3.58482
v 0.914034 0.476515 -1.82871
v 0.758841 0.444706 -1.51075
v 0.830399 0.468678 -1.66667
v 0.898766 0.509466 -2.52299
v -1.23593 0.0499255 -1.22735
v -1.36519 0.0449828 -1.34058
v -1.43634 -0.0832844 -1.226
v -1.25412 -0.0450274 -1.11023
v -1.45696 -0.250957 -1.17068
v -1.2828 -0.221793 -1.04286
v -1.43063 -0.411234 -1.1666
v -1.25459 -0.384325 -1.02874
v -1.68567 -0.438221 -1.55697
v -1.59845 -0.570236 -1.55993
v -1.50676 -0.548558 -1.39831
v -1.57775 -0.430357 -1.3695
v -1.6392 -0.0110517 -1.97792
v -1.69133 -0.00264103 -2.13158
v -1.81288 -0.119877 -2.11511
v -1.75816 -0.125574 -1.95482
v -1.81976 -0.285692 -1.92531
v -1.8975 -0.2748 -2.09742
v -1.37591 -0.530733 -1.22652
v -1.19901 -0.520775 -1.10991
v -1.60128 -0.266148 -1.37244
v -1.70642 -0.27327 -1.56763
v -1.81009 -0.453493 -1.91741
v -1.9208 -0.454415 -2.0878
v -1.49915 0.0568062 -1.9922
v -1.53115 0.0609003 -2.14612
v -1.1044 -0.378988 -2.39444
v -1.01463 -0.541434 -2.38637
v -1.07218 -0.56005 -2.2148
v -1.16496 -0.46628 -2.22053
v -1.94128 0.0550108 -2.89464
v -1.81775 0.0748981 -2.65489
v -1.68528 0.0443842 -2.70732
v -1.83691 0.00681469 -2.95409
v -1.9365 0.0200176 -2.60207
v -2.03672 0.00929759 -2.82236
v -2.11361 -0.0942856 -2.76902
v -2.03339 -0.101848 -2.55222
v -1.8566 -0.664786 -2.66249
v -2.03156 -0.592802 -2.60972
v -2.14657 -0.583651 -2.84412
v -2.00969 -0.630898 -2.90732
v -2.32022 0.0170607 -3.10317
v -2.22077 -0.0517409 -2.95279
v -2.12465 0.0157456 -3.00255
v -2.20816 0.0578573 -3.16213
v -1.9138 -0.105673 -2.32179
v -1.80906 0.0222964 -2.36154
v -2.00296 -0.26146 -2.29978
v -2.11255 -0.257309 -2.53217
v -2.20592 -0.254148 -2.78162
v -2.13116 -0.598855 -3.30739
v -2.05832 -0.526797 -3.40372
v -1.9744 -0.561949 -3.20209
v -2.11796 -0.636383 -3.14388
v -2.49382 -0.280854 -3.12409
v -2.48134 -0.404755 -3.24064
v -2.42063 -0.424275 -3.13367
v -1.67814 0.0866663 -2.39287
v -1.75149 -0.468637 -3.02143
v -1.57202 -0.489278 -2.79168
v -1.66949 -0.654215 -2.74254
v -1.8541 -0.600924 -2.98476
v -1.16894 -0.305512 -2.27101
v -1.13484 -0.0980711 -2.24546
v -1.12448 -0.0705219 -2.40093
v -1.12295 -0.238958 -2.40676
v -1.16703 0.136334 -1.30987
v -1.26413 0.136155 -1.43421
v -1.47746 0.0324073 -1.5015
v -1.35246 0.126943 -1.58813
v -1.56385 -0.101185 -1.42255
v -2.15676 0.0534179 -3.41709
v -2.01948 -0.069592 -3.47418
v -2.09393 -0.0247197 -3.71994
v -2.2064 0.11629 -3.63116
v -2.33253 0.206132 -3.56165
v -2.27215 0.132354 -3.34262
v -2.35682 0.118927 -4.15511
v -2.41589 0.243345 -4.07926
v -2.30827 0.17832 -3.85334
v -2.21803 0.0377092 -3.93146
v -2.27329 -0.633424 -3.39183
v -2.20717 -0.638681 -3.25336
v -2.30722 -0.612565 -3.20428
v -2.37908 -0.598836 -3.33884
v -2.42614 0.257706 -3.78988
v -2.51844 0.32498 -4.01324
v -2.66732 0.33479 -3.96923
v -2.59075 0.257822 -3.7355
v -2.77306 -0.117424 -4.11099
v -2.68504 -0.253317 -3.82233
v -2.76095 -0.0718739 -3.75359
v -2.8235 0.0414409 -4.03285
v -2.59056 0.404305 -4.22998
v -2.50717 0.313997 -4.31102
v -2.08474 -0.238616 -3.78374
v -2.00085 -0.29413 -3.59318
v -2.13092 -0.449615 -3.58349
v -2.2199 -0.420295 -3.76568
v -2.38005 -0.0262049 -4.21088
v -2.21777 -0.157989 -3.98972
v -2.33532 -0.323917 -3.9756
v -2.47749 -0.151052 -4.24519
v -2.53547 0.0719424 -4.45685
v -2.49117 0.188335 -4.39291
v -2.35682 0.118927 -4.15511
v -2.09393 -0.0247197 -3.71994
v -2.01948 -0.069592 -3.47418
v -2.21803 0.0377092 -3.93146
v -2.51271 -0.350041 -3.86491
v -2.64676 -0.182178 -4.19432
v -2.8623 0.00118047 -4.37161
v -2.77097 -0.0447805 -4.44948
v -1.95452 -0.0256174 -3.12763
v -2.04285 0.0183573 -3.072
v -2.65138 0.0565315 -3.48494
v -2.57236 -0.0148066 -3.26375
v -2.42334 0.115934 -3.27793
v -2.5091 0.19729 -3.49943
v -1.9422 -0.373415 -3.41331
v -2.89361 0.127418 -4.28256
v -2.80143 0.220378 -3.97209
v -2.85999 0.295091 -4.19545
v -2.73051 0.414365 -4.17563
v -2.72852 0.134278 -3.72216
v -2.68719 -0.148767 -3.5251
v -2.60247 -0.204645 -3.3206
v -2.45648 -0.100816 -3.08003
v -2.49117 0.188335 -4.39291
v -2.47871 -0.454671 -3.44148
v -2.43104 -0.526972 -3.48439
v -2.42821 -0.497809 -3.30068
v -2.32487 -0.544707 -3.52365
v -2.23451 -0.51668 -3.54946
v -2.1686 -0.594736 -3.42821
v -2.36616 -0.524311 -3.17983
v -1.37303 -0.52085 -2.50664
v -1.48626 -0.690568 -2.44127
v -1.33802 -0.69712 -2.10488
v -1.20841 -0.677219 -2.02694
v -1.14534 -0.781763 -1.83924
v -1.33849 -0.738672 -1.86165
v -1.23599 -0.529067 -2.19155
v -1.18006 -0.478421 -2.12512
v -1.10536 -0.593424 -2.06223
v -1.23889 -0.279006 -2.25582
v -1.20755 -0.145325 -2.1583
v -1.19102 -0.300425 -2.19545
v -1.13484 -0.0980711 -2.24546
v -1.05679 0.106144 -2.19434
v -1.02241 0.160073 -2.3563
v -1.12448 -0.0705219 -2.40093
v -1.17785 -0.0785995 -2.10007
v -1.09898 0.112067 -2.05244
v -1.17785 -0.0785995 -2.10007
v -1.20667 0.127517 -1.96908
v -1.17508 0.217366 -1.84848
v -1.08186 0.273265 -1.92193
v -1.94055 -0.166635 -3.3203
v -1.23946 0.0416683 -2.04267
v -1.57575 -0.0936456 -2.76418
v -1.4106 -0.0708687 -2.49839
v -1.36432 -0.306501 -2.51646
v -1.54837 -0.302895 -2.78935
v -1.75113 -0.111903 -2.98978
v -1.72591 -0.295651 -3.01598
v -1.81677 -0.623502 -2.11269
v -1.7296 -0.596829 -1.9234
v -1.69457 -0.73566 -2.38425
v -1.92483 -0.632315 -2.34324
v -1.55282 -0.699628 -1.91486
v -1.59448 -0.735879 -2.12024
v -1.13962 -0.644424 -1.2381
v -1.31973 -0.623769 -1.34116
v -1.50568 -0.681477 -1.71766
v -1.66102 -0.580703 -1.73701
v -1.30809 -0.686669 -1.48789
v -1.11864 -0.723534 -1.41092
v -1.75354 -0.445599 -1.74024
v -1.7687 -0.281507 -1.75452
v -1.46536 -0.651878 -1.54497
v -1.43431 -0.617559 -1.42593
v -1.55669 0.0166202 -1.67723
v -1.42696 0.107413 -1.7397
v -1.65439 -0.113456 -1.61274
v -1.71152 -0.124399 -1.79075
v -1.60474 -0.000457299 -1.83815
v -1.32085 -0.736508 -1.66956
v -1.12054 -0.777885 -1.60894
v -0.900657 -0.838334 -1.5666
v -0.905183 -0.773502 -1.36139
v -1.03974 0.260214 -1.5623
v -0.967475 0.252238 -1.43793
v -0.869143 0.342024 -1.47096
v -0.939751 0.352477 -1.60832
v -1.47316 0.0820397 -1.87756
v -1.52796 0.0675309 -2.43388
v -1.20755 -0.145325 -2.1583
v -1.23889 -0.279006 -2.25582
v -1.29505 -0.0413645 -2.23551
v -1.2634 -0.00990689 -2.11662
v -1.41697 0.0536619 -2.20812
v -1.38029 0.0508952 -2.09836
v -1.33742 0.131189 -1.91513
v -1.36053 0.0783187 -2.00681
v -1.22745 0.190306 -1.65381
v -1.29245 0.170172 -1.79072
v -1.15476 0.195999 -1.5069
v -2.03521 -0.452977 -2.30275
v -2.14001 -0.444631 -2.54952
v -2.21352 -0.442888 -2.78523
v -1.07134 0.0140227 -2.60297
v -1.09284 -0.242732 -2.5895
v -1.00707 0.243739 -2.56007
v -1.07134 0.0140227 -2.60297
v -0.95955 -0.486664 -2.60804
v -0.843883 -0.652415 -2.29689
v -0.914277 -0.669433 -2.08217
v -0.777648 -0.647334 -2.55507
v -1.01795 0.265976 -2.1413
v -1.01337 0.417495 -2.0132
v -0.89204 0.636886 -2.12646
v -0.962428 0.478548 -2.323
v -1.10835 0.252178 -1.70425
v -1.01398 0.343092 -1.75977
v -2.27367 -0.575614 -3.0642
v -1.89508 -0.119949 -3.15569
v -1.86549 -0.262883 -3.19574
v -2.33056 -0.169385 -2.94543
v -1.86549 -0.262883 -3.19574
v -1.72591 -0.295651 -3.01598
v -1.88045 -0.430707 -3.23139
v -2.32732 -0.432206 -2.99788
v -1.07363 0.195961 -1.3824
v -2.53912 -0.357906 -3.39144
v -2.35533 -0.296297 -2.96284
v -2.6323 -0.0181376 -4.47797
v -1.54837 -0.302895 -2.78935
v -1.36432 -0.306501 -2.51646
v -2.4977 -0.448444 -3.60482
v -2.35379 -0.456873 -3.65797
v -2.10978 0.00819275 -3.2325
v -2.02965 -0.0561205 -3.27341
v -1.94055 -0.166635 -3.3203
v -0.875815 -0.739036 -1.82082
v -2.60418 -0.31705 -3.58482
v -0.913983 0.476515 -1.82871
v -0.75879 0.444706 -1.51075
v -0.830348 0.468678 -1.66667
v -0.898715 0.509466 -2.52299

vt 0.375 0.446777
vt 0.376709 0.458496
vt 0.350098 0.459473
vt 0.349121 0.444336
vt 0.380127 0.472168
vt 0.356201 0.475098
vt 0.358643 0.487793
vt 0.381592 0.48584
vt 0.321045 0.493164
vt 0.338867 0.490234
vt 0.343506 0.505127
vt 0.328369 0.509277
vt 0.264893 0.450684
vt 0.263184 0.466797
vt 0.249268 0.467285
vt 0.251465 0.45166
vt 0.268555 0.48291
vt 0.253174 0.484375
vt 0.384766 0.504639
vt 0.363281 0.503662
vt 0.311768 0.479004
vt 0.334961 0.477051
vt 0.260986 0.5
vt 0.280029 0.499023
vt 0.263184 0.429199
vt 0.271973 0.429199
vt 0.351562 0.651611
vt 0.342773 0.634521
vt 0.370605 0.626709
vt 0.380615 0.643555
vt 0.188721 0.429199
vt 0.186523 0.408691
vt 0.218628 0.414062
vt 0.218262 0.430176
vt 0.218018 0.45166
vt 0.217041 0.467773
vt 0.193848 0.466309
vt 0.191772 0.450684
vt 0.234863 0.540527
vt 0.204102 0.536865
vt 0.2052 0.515869
vt 0.232056 0.51709
vt 0.149048 0.459473
vt 0.149048 0.445312
vt 0.165527 0.449219
vt 0.166504 0.462891
vt 0.233032 0.452637
vt 0.2323 0.468262
vt 0.237305 0.48584
vt 0.220459 0.484863
vt 0.197144 0.484375
vt 0.158569 0.542969
vt 0.184204 0.534424
vt 0.179321 0.554443
vt 0.149902 0.552734
vt 0.148193 0.491211
vt 0.156494 0.501953
vt 0.146851 0.503174
vt 0.240967 0.431152
vt 0.194824 0.577393
vt 0.19873 0.558594
vt 0.234009 0.570068
vt 0.230103 0.589844
vt 0.329346 0.638184
vt 0.342529 0.653809
vt 0.311035 0.6604
vt 0.297852 0.645264
vt 0.350098 0.432617
vt 0.374756 0.434082
vt 0.325928 0.445312
vt 0.327637 0.430176
vt 0.328125 0.461426
vt 0.125244 0.421875
vt 0.10199 0.420898
vt 0.10199 0.397949
vt 0.122498 0.395508
vt 0.125244 0.442383
vt 0.10199 0.440918
vt 0.0491333 0.397949
vt 0.0784912 0.397949
vt 0.0784912 0.420898
vt 0.0491028 0.420898
vt 0.144409 0.533203
vt 0.144775 0.516357
vt 0.162109 0.518555
vt 0.161011 0.531738
vt 0.0784912 0.440918
vt 0.0784912 0.456543
vt 0.0491028 0.456543
vt 0.0491028 0.440918
vt 0.0491028 0.515869
vt 0.0491028 0.496582
vt 0.0784912 0.496582
vt 0.0784912 0.515869
vt 0.0126343 0.440918
vt 0.0126343 0.420898
vt 0.10199 0.570068
vt 0.10199 0.552734
vt 0.127686 0.552734
vt 0.124695 0.570068
vt 0.0491028 0.570068
vt 0.0491028 0.552734
vt 0.0784912 0.552734
vt 0.0784912 0.570068
vt 0.0491333 0.585938
vt 0.0126343 0.585938
vt 0.0126343 0.570068
vt 0.122498 0.591553
vt 0.10199 0.588623
vt 0.0784912 0.585938
vt 0.0784912 0.533936
vt 0.0491028 0.533936
vt 0.0126343 0.533936
vt 0.0126343 0.515869
vt 0.16626 0.425781
vt 0.166382 0.405273
vt 0.10199 0.474121
vt 0.10199 0.456543
vt 0.125366 0.45752
vt 0.126099 0.474121
vt 0.147461 0.569824
vt 0.0126343 0.496582
vt 0.0126343 0.474121
vt 0.0491028 0.474121
vt 0.0126343 0.456543
vt 0.0784912 0.474121
vt 0.127075 0.492188
vt 0.10199 0.494629
vt 0.147949 0.475586
vt 0.0126343 0.397949
vt 0.128296 0.512207
vt 0.146729 0.510254
vt 0.131836 0.518311
vt 0.130981 0.530029
vt 0.145264 0.54248
vt 0.128418 0.537598
vt 0.160522 0.509277
vt 0.255615 0.571289
vt 0.250732 0.593018
vt 0.303467 0.570312
vt 0.329102 0.562988
vt 0.364258 0.589844
vt 0.343994 0.597412
vt 0.359619 0.60498
vt 0.327148 0.614258
vt 0.307129 0.59375
vt 0.258789 0.621094
vt 0.302002 0.617432
vt 0.277344 0.625244
vt 0.304688 0.32666
vt 0.319336 0.311035
vt 0.356689 0.312012
vt 0.347168 0.331543
vt 0.337646 0.34668
vt 0.298096 0.343262
vt 0.285645 0.628418
vt 0.317627 0.377441
vt 0.358154 0.35791
vt 0.337402 0.385742
vt 0.143066 0.596191
vt 0.304688 0.378906
vt 0.217407 0.39209
vt 0.213989 0.373047
vt 0.237671 0.365723
vt 0.242188 0.388672
vt 0.184692 0.393555
vt 0.18457 0.379395
vt 0.293213 0.515625
vt 0.27832 0.519043
vt 0.251465 0.517578
vt 0.255615 0.543457
vt 0.307129 0.540771
vt 0.290771 0.543701
vt 0.379639 0.529785
vt 0.359131 0.525879
vt 0.310059 0.512939
vt 0.322998 0.534668
vt 0.375732 0.548096
vt 0.352051 0.540039
vt 0.299316 0.49707
vt 0.290771 0.481445
vt 0.346436 0.519531
vt 0.338135 0.528809
vt 0.306396 0.448242
vt 0.30957 0.428711
vt 0.307617 0.463379
vt 0.284912 0.464844
vt 0.286621 0.450195
vt 0.343018 0.551514
vt 0.37085 0.567627
vt 0.403076 0.554199
vt 0.397949 0.576172
vt 0.373535 0.397949
vt 0.394043 0.381836
vt 0.413818 0.401855
vt 0.395752 0.411133
vt 0.292725 0.428711
vt 0.243042 0.414062
vt 0.276123 0.35791
vt 0.286621 0.37793
vt 0.262451 0.382812
vt 0.260742 0.36084
vt 0.263672 0.410645
vt 0.280273 0.405762
vt 0.291016 0.40625
vt 0.301514 0.407227
vt 0.334229 0.415039
vt 0.317383 0.410645
vt 0.354248 0.41748
vt 0.244873 0.500732
vt 0.22876 0.500977
vt 0.205078 0.503174
vt 0.319336 0.67749
vt 0.356934 0.669922
vt 0.329834 0.294434
vt 0.365479 0.296387
vt 0.391846 0.666016
vt 0.408936 0.635742
vt 0.399658 0.620117
vt 0.418213 0.660889
vt 0.364746 0.333008
vt 0.403076 0.310547
vt 0.404785 0.318848
vt 0.376953 0.339844
vt 0.352783 0.391113
vt 0.373291 0.365723
vt 0.18396 0.516846
vt 0.165405 0.391113
vt 0.165527 0.382324
vt 0.165527 0.479004
vt 0.166626 0.599854
vt 0.173706 0.57251
vt 0.185669 0.60791
vt 0.177612 0.501709
vt 0.379883 0.423828
vt 0.130859 0.502441
vt 0.168579 0.491211
vt 0.0126343 0.552734
vt 0.218262 0.620361
vt 0.238037 0.619385
vt 0.10199 0.522217
vt 0.10199 0.532227
vt 0.148315 0.424316
vt 0.144775 0.402344
vt 0.143066 0.388184
vt 0.396973 0.597412
vt 0.10199 0.512695
vt 0.391846 0.351562
vt 0.43042 0.393555
vt 0.412598 0.369141
vt 0.404541 0.297852
vt 0.625488 0.446777
vt 0.651367 0.444336
vt 0.650391 0.459473
vt 0.623535 0.458496
vt 0.644043 0.475098
vt 0.620117 0.472168
vt 0.64209 0.487793
vt 0.619141 0.48584
vt 0.679688 0.493164
vt 0.672363 0.509277
vt 0.657227 0.505127
vt 0.661621 0.490234
vt 0.73584 0.450684
vt 0.749023 0.45166
vt 0.751465 0.467285
vt 0.737305 0.466797
vt 0.731934 0.48291
vt 0.747559 0.484375
vt 0.637207 0.503662
vt 0.615723 0.504639
vt 0.665527 0.477051
vt 0.688965 0.479004
vt 0.720703 0.499023
vt 0.739258 0.5
vt 0.728516 0.429199
vt 0.737305 0.429199
vt 0.648926 0.651611
vt 0.620117 0.643555
vt 0.629883 0.626709
vt 0.657715 0.634521
vt 0.812012 0.429199
vt 0.782227 0.430176
vt 0.781738 0.414062
vt 0.813965 0.408691
vt 0.782715 0.45166
vt 0.808594 0.450684
vt 0.806641 0.466309
vt 0.783691 0.467773
vt 0.765625 0.540527
vt 0.768555 0.51709
vt 0.79541 0.515869
vt 0.796387 0.536865
vt 0.851562 0.459473
vt 0.833984 0.462891
vt 0.834961 0.449219
vt 0.851562 0.445312
vt 0.768066 0.468262
vt 0.767578 0.452637
vt 0.763184 0.48584
vt 0.779785 0.484863
vt 0.803223 0.484375
vt 0.841797 0.542969
vt 0.850586 0.552734
vt 0.821289 0.554443
vt 0.816406 0.534424
vt 0.852051 0.491211
vt 0.853516 0.503174
vt 0.844238 0.501953
vt 0.759766 0.431152
vt 0.805664 0.577393
vt 0.770508 0.589844
vt 0.766602 0.570068
vt 0.801758 0.558594
vt 0.670898 0.638184
vt 0.702637 0.645264
vt 0.689453 0.6604
vt 0.657715 0.653809
vt 0.625977 0.434082
vt 0.650391 0.432617
vt 0.674316 0.445312
vt 0.672852 0.430176
vt 0.672363 0.461426
vt 0.875488 0.421875
vt 0.87793 0.395508
vt 0.898438 0.397949
vt 0.898438 0.420898
vt 0.898438 0.440918
vt 0.875488 0.442383
vt 0.951172 0.397949
vt 0.95166 0.420898
vt 0.921875 0.420898
vt 0.921875 0.397949
vt 0.855957 0.533203
vt 0.839355 0.531738
vt 0.838379 0.518555
vt 0.855957 0.516357
vt 0.921875 0.440918
vt 0.95166 0.440918
vt 0.95166 0.456543
vt 0.921875 0.456543
vt 0.95166 0.515869
vt 0.921875 0.515869
vt 0.921875 0.496582
vt 0.95166 0.496582
vt 0.987793 0.440918
vt 0.987793 0.420898
vt 0.898438 0.570068
vt 0.875977 0.570068
vt 0.872559 0.552734
vt 0.898438 0.552734
vt 0.95166 0.570068
vt 0.921875 0.570068
vt 0.921875 0.552734
vt 0.95166 0.552734
vt 0.987793 0.570068
vt 0.987793 0.585938
vt 0.951172 0.585938
vt 0.898438 0.588623
vt 0.87793 0.591553
vt 0.921875 0.585938
vt 0.921875 0.533936
vt 0.95166 0.533936
vt 0.987793 0.515869
vt 0.987793 0.533936
vt 0.833984 0.405273
vt 0.834473 0.425781
vt 0.898438 0.474121
vt 0.874512 0.474121
vt 0.875 0.45752
vt 0.898438 0.456543
vt 0.853027 0.569824
vt 0.987793 0.496582
vt 0.95166 0.474121
vt 0.987793 0.474121
vt 0.987793 0.456543
vt 0.921875 0.474121
vt 0.898438 0.494629
vt 0.873535 0.492188
vt 0.852539 0.475586
vt 0.987793 0.397949
vt 0.87207 0.512207
vt 0.868652 0.518311
vt 0.854004 0.510254
vt 0.869629 0.530029
vt 0.87207 0.537598
vt 0.855469 0.54248
vt 0.839844 0.509277
vt 0.75 0.593018
vt 0.744629 0.571289
vt 0.696777 0.570312
vt 0.656738 0.597412
vt 0.63623 0.589844
vt 0.671387 0.562988
vt 0.693359 0.59375
vt 0.67334 0.614258
vt 0.640625 0.60498
vt 0.741699 0.621094
vt 0.723145 0.625244
vt 0.69873 0.617432
vt 0.695801 0.32666
vt 0.65332 0.331543
vt 0.644043 0.312012
vt 0.681152 0.311035
vt 0.702637 0.343262
vt 0.662598 0.34668
vt 0.714844 0.628418
vt 0.682617 0.377441
vt 0.663086 0.385742
vt 0.642578 0.35791
vt 0.857422 0.596191
vt 0.695801 0.378906
vt 0.783203 0.39209
vt 0.758301 0.388672
vt 0.762695 0.365723
vt 0.786621 0.373047
vt 0.815918 0.393555
vt 0.815918 0.379395
vt 0.722168 0.519043
vt 0.70752 0.515625
vt 0.744629 0.543457
vt 0.749023 0.517578
vt 0.693359 0.540771
vt 0.709961 0.543701
vt 0.621094 0.529785
vt 0.641113 0.525879
vt 0.677734 0.534668
vt 0.69043 0.512939
vt 0.648438 0.540039
vt 0.624512 0.548096
vt 0.701172 0.49707
vt 0.709961 0.481445
vt 0.662598 0.528809
vt 0.654297 0.519531
vt 0.693848 0.448242
vt 0.690918 0.428711
vt 0.692871 0.463379
vt 0.715332 0.464844
vt 0.713867 0.450195
vt 0.657227 0.551514
vt 0.629395 0.567627
vt 0.602539 0.576172
vt 0.597168 0.554199
vt 0.626953 0.397949
vt 0.604492 0.411133
vt 0.586914 0.401855
vt 0.606445 0.381836
vt 0.708008 0.428711
vt 0.757324 0.414062
vt 0.724121 0.35791
vt 0.739746 0.36084
vt 0.737793 0.382812
vt 0.713867 0.37793
vt 0.736816 0.410645
vt 0.720215 0.405762
vt 0.69873 0.407227
vt 0.709473 0.40625
vt 0.666016 0.415039
vt 0.683105 0.410645
vt 0.646484 0.41748
vt 0.755371 0.500732
vt 0.771973 0.500977
vt 0.79541 0.503174
vt 0.681152 0.67749
vt 0.643555 0.669922
vt 0.635254 0.296387
vt 0.67041 0.294434
vt 0.608887 0.666016
vt 0.591309 0.635742
vt 0.600586 0.620117
vt 0.582031 0.660889
vt 0.635742 0.333008
vt 0.623535 0.339844
vt 0.595703 0.318848
vt 0.597168 0.310547
vt 0.647949 0.391113
vt 0.626953 0.365723
vt 0.816406 0.516846
vt 0.834961 0.391113
vt 0.834961 0.382324
vt 0.834961 0.479004
vt 0.833984 0.599854
vt 0.814941 0.60791
vt 0.82666 0.57251
vt 0.822754 0.501709
vt 0.620605 0.423828
vt 0.869629 0.502441
vt 0.832031 0.491211
vt 0.987793 0.552734
vt 0.782227 0.620361
vt 0.762207 0.619385
vt 0.898438 0.522217
vt 0.898438 0.532227
vt 0.852051 0.424316
vt 0.855957 0.402344
vt 0.857422 0.388184
vt 0.603516 0.597412
vt 0.898438 0.512695
vt 0.608398 0.351562
vt 0.570312 0.393555
vt 0.587891 0.369141
vt 0.595703 0.297852


g SteelMaleBody
usemtl NoMaterial_2

s 1
f 4662/4662 4663/4663 4664/4664
f 4664/4664 4665/4665 4662/4662
f 4663/4663 4666/4666 4667/4667
f 4667/4667 4664/4664 4663/4663
f 4668/4668 4667/4667 4666/4666
f 4666/4666 4669/4669 4668/4668
f 4670/4670 4671/4671 4672/4672
f 4672/4672 4673/4673 4670/4670
f 4674/4674 4675/4675 4676/4676
f 4676/4676 4677/4677 4674/4674
f 4678/4678 4679/4679 4676/4676
f 4676/4676 4675/4675 4678/4678
f 4668/4668 4669/4669 4680/4680
f 4680/4680 4681/4681 4668/4668
f 4671/4671 4670/4670 4682/4682
f 4682/4682 4683/4683 4671/4671
f 4684/4684 4679/4679 4678/4678
f 4678/4678 4685/4685 4684/4684
f 4674/4674 4677/4677 4686/4686
f 4686/4686 4687/4687 4674/4674
f 4688/4688 4689/4689 4690/4690
f 4690/4690 4691/4691 4688/4688
f 4692/4692 4693/4693 4694/4694
f 4694/4694 4695/4695 4692/4692
f 4696/4696 4697/4697 4698/4698
f 4698/4698 4699/4699 4696/4696
f 4700/4700 4701/4701 4702/4702
f 4702/4702 4703/4703 4700/4700
f 4704/4704 4705/4705 4706/4706
f 4706/4706 4707/4707 4704/4704
f 4697/4697 4696/4696 4708/4708
f 4708/4708 4709/4709 4697/4697
f 4710/4710 4711/4711 4697/4697
f 4697/4697 4709/4709 4710/4710
f 4712/4712 4698/4698 4697/4697
f 4697/4697 4711/4711 4712/4712
f 4713/4713 4714/4714 4715/4715
f 4715/4715 4716/4716 4713/4713
f 4717/4717 4718/4718 4719/4719
f 4696/4696 4695/4695 4720/4720
f 4720/4720 4708/4708 4696/4696
f 4699/4699 4692/4692 4695/4695
f 4695/4695 4696/4696 4699/4699
f 4721/4721 4722/4722 4723/4723
f 4723/4723 4724/4724 4721/4721
f 4725/4725 4726/4726 4727/4727
f 4727/4727 4728/4728 4725/4725
f 4665/4665 4729/4729 4730/4730
f 4730/4730 4662/4662 4665/4665
f 4731/4731 4732/4732 4729/4729
f 4729/4729 4665/4665 4731/4731
f 4733/4733 4731/4731 4665/4665
f 4665/4665 4664/4664 4733/4733
f 4683/4683 4733/4733 4664/4664
f 4664/4664 4667/4667 4683/4683
f 4668/4668 4671/4671 4683/4683
f 4683/4683 4667/4667 4668/4668
f 4734/4734 4735/4735 4736/4736
f 4736/4736 4737/4737 4734/4734
f 4735/4735 4734/4734 4738/4738
f 4738/4738 4739/4739 4735/4735
f 4740/4740 4741/4741 4742/4742
f 4742/4742 4743/4743 4740/4740
f 4744/4744 4745/4745 4746/4746
f 4746/4746 4747/4747 4744/4744
f 4748/4748 4749/4749 4750/4750
f 4750/4750 4751/4751 4748/4748
f 4752/4752 4753/4753 4754/4754
f 4754/4754 4755/4755 4752/4752
f 4758/4758 4759/4759 4760/4760
f 4760/4760 4761/4761 4758/4758
f 4762/4762 4763/4763 4764/4764
f 4764/4764 4765/4765 4762/4762
f 4761/4761 4769/4769 4770/4770
f 4770/4770 4758/4758 4761/4761
f 4765/4765 4771/4771 4766/4766
f 4766/4766 4762/4762 4765/4765
f 4772/4772 4773/4773 4752/4752
f 4752/4752 4755/4755 4772/4772
f 4693/4693 4692/4692 4776/4776
f 4776/4776 4777/4777 4693/4693
f 4778/4778 4779/4779 4780/4780
f 4780/4780 4781/4781 4778/4778
f 4782/4782 4761/4761 4760/4760
f 4760/4760 4716/4716 4782/4782
f 4743/4743 4742/4742 4748/4748
f 4748/4748 4751/4751 4743/4743
f 4787/4787 4754/4754 4753/4753
f 4753/4753 4785/4785 4787/4787
f 4778/4778 4781/4781 4788/4788
f 4788/4788 4789/4789 4778/4778
f 4781/4781 4790/4790 4717/4717
f 4717/4717 4788/4788 4781/4781
f 4792/4792 4793/4793 4745/4745
f 4745/4745 4794/4794 4792/4792
f 4795/4795 4744/4744 4796/4796
f 4796/4796 4797/4797 4795/4795
f 4744/4744 4795/4795 4794/4794
f 4794/4794 4745/4745 4744/4744
f 4744/4744 4747/4747 4713/4713
f 4713/4713 4796/4796 4744/4744
f 4793/4793 4798/4798 4746/4746
f 4746/4746 4745/4745 4793/4793
f 4724/4724 4723/4723 4799/4799
f 4799/4799 4800/4800 4724/4724
f 4801/4801 4802/4802 4803/4803
f 4803/4803 4804/4804 4801/4801
f 4804/4804 4805/4805 4806/4806
f 4806/4806 4807/4807 4804/4804
f 4808/4808 4809/4809 4810/4810
f 4811/4811 4812/4812 4813/4813
f 4813/4813 4814/4814 4811/4811
f 4815/4815 4816/4816 4811/4811
f 4811/4811 4814/4814 4815/4815
f 4809/4809 4725/4725 4728/4728
f 4728/4728 4817/4817 4809/4809
f 4818/4818 4815/4815 4819/4819
f 4819/4819 4820/4820 4818/4818
f 4761/4761 4782/4782 4821/4821
f 4821/4821 4769/4769 4761/4761
f 4816/4816 4815/4815 4818/4818
f 4818/4818 4822/4822 4816/4816
f 4823/4823 4824/4824 4825/4825
f 4825/4825 4826/4826 4823/4823
f 4827/4827 4828/4828 4824/4824
f 4824/4824 4823/4823 4827/4827
f 4685/4685 4829/4829 4830/4830
f 4830/4830 4684/4684 4685/4685
f 4700/4700 4703/4703 4831/4831
f 4831/4831 4832/4832 4700/4700
f 4833/4833 4834/4834 4830/4830
f 4830/4830 4829/4829 4833/4833
f 4835/4835 4836/4836 4681/4681
f 4681/4681 4680/4680 4835/4835
f 4722/4722 4701/4701 4700/4700
f 4700/4700 4723/4723 4722/4722
f 4723/4723 4700/4700 4832/4832
f 4832/4832 4799/4799 4723/4723
f 4802/4802 4801/4801 4834/4834
f 4834/4834 4833/4833 4802/4802
f 4829/4829 4837/4837 4838/4838
f 4838/4838 4833/4833 4829/4829
f 4836/4836 4835/4835 4839/4839
f 4839/4839 4840/4840 4836/4836
f 4841/4841 4685/4685 4678/4678
f 4678/4678 4842/4842 4841/4841
f 4672/4672 4843/4843 4844/4844
f 4844/4844 4673/4673 4672/4672
f 4845/4845 4846/4846 4732/4732
f 4732/4732 4731/4731 4845/4845
f 4847/4847 4845/4845 4731/4731
f 4731/4731 4733/4733 4847/4847
f 4848/4848 4849/4849 4845/4845
f 4845/4845 4847/4847 4848/4848
f 4847/4847 4733/4733 4683/4683
f 4683/4683 4682/4682 4847/4847
f 4842/4842 4848/4848 4847/4847
f 4847/4847 4682/4682 4842/4842
f 4685/4685 4841/4841 4837/4837
f 4837/4837 4829/4829 4685/4685
f 4850/4850 4802/4802 4833/4833
f 4833/4833 4838/4838 4850/4850
f 4851/4851 4839/4839 4852/4852
f 4852/4852 4853/4853 4851/4851
f 4839/4839 4851/4851 4850/4850
f 4850/4850 4840/4840 4839/4839
f 4837/4837 4673/4673 4844/4844
f 4844/4844 4838/4838 4837/4837
f 4673/4673 4837/4837 4841/4841
f 4841/4841 4670/4670 4673/4673
f 4842/4842 4682/4682 4670/4670
f 4670/4670 4841/4841 4842/4842
f 4675/4675 4674/4674 4849/4849
f 4849/4849 4848/4848 4675/4675
f 4842/4842 4678/4678 4675/4675
f 4675/4675 4848/4848 4842/4842
f 4854/4854 4855/4855 4856/4856
f 4856/4856 4857/4857 4854/4854
f 4849/4849 4858/4858 4846/4846
f 4846/4846 4845/4845 4849/4849
f 4720/4720 4695/4695 4694/4694
f 4694/4694 4859/4859 4720/4720
f 4860/4860 4861/4861 4862/4862
f 4862/4862 4863/4863 4860/4860
f 4864/4864 4865/4865 4686/4686
f 4674/4674 4687/4687 4858/4858
f 4858/4858 4849/4849 4674/4674
f 4687/4687 4866/4866 4867/4867
f 4867/4867 4858/4858 4687/4687
f 4868/4868 4732/4732 4846/4846
f 4846/4846 4869/4869 4868/4868
f 4870/4870 4729/4729 4732/4732
f 4732/4732 4868/4868 4870/4870
f 4871/4871 4710/4710 4679/4679
f 4679/4679 4684/4684 4871/4871
f 4831/4831 4703/4703 4872/4872
f 4872/4872 4871/4871 4831/4831
f 4873/4873 4872/4872 4703/4703
f 4703/4703 4702/4702 4873/4873
f 4874/4874 4727/4727 4726/4726
f 4726/4726 4875/4875 4874/4874
f 4813/4813 4812/4812 4876/4876
f 4876/4876 4877/4877 4813/4813
f 4878/4878 4875/4875 4688/4688
f 4688/4688 4691/4691 4878/4878
f 4879/4879 4691/4691 4690/4690
f 4690/4690 4880/4880 4879/4879
f 4881/4881 4878/4878 4691/4691
f 4691/4691 4879/4879 4881/4881
f 4882/4882 4883/4883 4884/4884
f 4884/4884 4885/4885 4882/4882
f 4859/4859 4694/4694 4823/4823
f 4823/4823 4826/4826 4859/4859
f 4823/4823 4694/4694 4693/4693
f 4693/4693 4827/4827 4823/4823
f 4886/4886 4887/4887 4855/4855
f 4855/4855 4854/4854 4886/4886
f 4815/4815 4882/4882 4885/4885
f 4885/4885 4819/4819 4815/4815
f 4869/4869 4846/4846 4858/4858
f 4858/4858 4867/4867 4869/4869
f 4866/4866 4822/4822 4818/4818
f 4818/4818 4867/4867 4866/4866
f 4707/4707 4706/4706 4699/4699
f 4699/4699 4698/4698 4707/4707
f 4701/4701 4714/4714 4888/4888
f 4888/4888 4702/4702 4701/4701
f 4889/4889 4890/4890 4828/4828
f 4828/4828 4827/4827 4889/4889
f 4712/4712 4891/4891 4707/4707
f 4707/4707 4698/4698 4712/4712
f 4892/4892 4893/4893 4721/4721
f 4721/4721 4894/4894 4892/4892
f 4706/4706 4776/4776 4692/4692
f 4692/4692 4699/4699 4706/4706
f 4893/4893 4715/4715 4722/4722
f 4722/4722 4721/4721 4893/4893
f 4701/4701 4722/4722 4715/4715
f 4715/4715 4714/4714 4701/4701
f 4895/4895 4873/4873 4702/4702
f 4702/4702 4888/4888 4895/4895
f 4886/4886 4868/4868 4869/4869
f 4869/4869 4820/4820 4886/4886
f 4854/4854 4870/4870 4868/4868
f 4868/4868 4886/4886 4854/4854
f 4896/4896 4730/4730 4729/4729
f 4729/4729 4870/4870 4896/4896
f 4870/4870 4854/4854 4857/4857
f 4857/4857 4896/4896 4870/4870
f 4815/4815 4814/4814 4882/4882
f 4864/4864 4862/4862 4861/4861
f 4861/4861 4865/4865 4864/4864
f 4709/4709 4676/4676 4679/4679
f 4679/4679 4710/4710 4709/4709
f 4677/4677 4676/4676 4709/4709
f 4709/4709 4708/4708 4677/4677
f 4686/4686 4677/4677 4708/4708
f 4708/4708 4720/4720 4686/4686
f 4859/4859 4864/4864 4686/4686
f 4686/4686 4720/4720 4859/4859
f 4826/4826 4862/4862 4864/4864
f 4864/4864 4859/4859 4826/4826
f 4863/4863 4862/4862 4826/4826
f 4826/4826 4825/4825 4863/4863
f 4801/4801 4807/4807 4800/4800
f 4800/4800 4799/4799 4801/4801
f 4834/4834 4801/4801 4799/4799
f 4799/4799 4832/4832 4834/4834
f 4781/4781 4780/4780 4704/4704
f 4704/4704 4790/4790 4781/4781
f 4788/4788 4717/4717 4719/4719
f 4719/4719 4897/4897 4788/4788
f 4790/4790 4704/4704 4707/4707
f 4707/4707 4891/4891 4790/4790
f 4872/4872 4711/4711 4710/4710
f 4710/4710 4871/4871 4872/4872
f 4712/4712 4711/4711 4872/4872
f 4872/4872 4873/4873 4712/4712
f 4895/4895 4898/4898 4712/4712
f 4712/4712 4873/4873 4895/4895
f 4798/4798 4718/4718 4895/4895
f 4895/4895 4888/4888 4798/4798
f 4790/4790 4891/4891 4898/4898
f 4898/4898 4717/4717 4790/4790
f 4739/4739 4738/4738 4780/4780
f 4780/4780 4779/4779 4739/4739
f 4787/4787 4785/4785 4750/4750
f 4750/4750 4749/4749 4787/4787
f 4797/4797 4796/4796 4716/4716
f 4716/4716 4760/4760 4797/4797
f 4773/4773 4772/4772 4764/4764
f 4764/4764 4763/4763 4773/4773
f 4805/4805 4690/4690 4689/4689
f 4689/4689 4806/4806 4805/4805
f 4726/4726 4725/4725 4689/4689
f 4689/4689 4688/4688 4726/4726
f 4688/4688 4875/4875 4726/4726
f 4724/4724 4900/4900 4894/4894
f 4894/4894 4721/4721 4724/4724
f 4900/4900 4724/4724 4800/4800
f 4800/4800 4901/4901 4900/4900
f 4800/4800 4807/4807 4808/4808
f 4808/4808 4901/4901 4800/4800
f 4806/4806 4809/4809 4808/4808
f 4808/4808 4807/4807 4806/4806
f 4738/4738 4705/4705 4704/4704
f 4704/4704 4780/4780 4738/4738
f 4891/4891 4712/4712 4898/4898
f 4742/4742 4741/4741 4736/4736
f 4736/4736 4735/4735 4742/4742
f 4748/4748 4742/4742 4735/4735
f 4735/4735 4739/4739 4748/4748
f 4771/4771 4765/4765 4758/4758
f 4758/4758 4770/4770 4771/4771
f 4902/4902 4903/4903 4772/4772
f 4754/4754 4787/4787 4778/4778
f 4778/4778 4789/4789 4754/4754
f 4749/4749 4748/4748 4739/4739
f 4739/4739 4779/4779 4749/4749
f 4787/4787 4749/4749 4779/4779
f 4779/4779 4778/4778 4787/4787
f 4765/4765 4764/4764 4759/4759
f 4759/4759 4758/4758 4765/4765
f 4772/4772 4903/4903 4759/4759
f 4759/4759 4764/4764 4772/4772
f 4776/4776 4706/4706 4705/4705
f 4705/4705 4904/4904 4776/4776
f 4705/4705 4738/4738 4734/4734
f 4734/4734 4904/4904 4705/4705
f 4905/4905 4777/4777 4776/4776
f 4776/4776 4904/4904 4905/4905
f 4734/4734 4737/4737 4905/4905
f 4905/4905 4904/4904 4734/4734
f 4777/4777 4889/4889 4827/4827
f 4827/4827 4693/4693 4777/4777
f 4889/4889 4906/4906 4890/4890
f 4889/4889 4777/4777 4905/4905
f 4905/4905 4906/4906 4889/4889
f 4905/4905 4737/4737 4906/4906
f 4898/4898 4895/4895 4718/4718
f 4718/4718 4717/4717 4898/4898
f 4714/4714 4747/4747 4746/4746
f 4746/4746 4888/4888 4714/4714
f 4714/4714 4713/4713 4747/4747
f 4713/4713 4716/4716 4796/4796
f 4871/4871 4684/4684 4830/4830
f 4830/4830 4831/4831 4871/4871
f 4832/4832 4831/4831 4830/4830
f 4830/4830 4834/4834 4832/4832
f 4689/4689 4725/4725 4809/4809
f 4809/4809 4806/4806 4689/4689
f 4804/4804 4807/4807 4801/4801
f 4840/4840 4844/4844 4843/4843
f 4843/4843 4836/4836 4840/4840
f 4838/4838 4844/4844 4840/4840
f 4840/4840 4850/4850 4838/4838
f 4671/4671 4668/4668 4681/4681
f 4681/4681 4672/4672 4671/4671
f 4672/4672 4681/4681 4836/4836
f 4836/4836 4843/4843 4672/4672
f 4719/4719 4793/4793 4792/4792
f 4792/4792 4897/4897 4719/4719
f 4719/4719 4718/4718 4798/4798
f 4798/4798 4793/4793 4719/4719
f 4850/4850 4851/4851 4803/4803
f 4803/4803 4802/4802 4850/4850
f 4907/4907 4803/4803 4851/4851
f 4851/4851 4853/4853 4907/4907
f 4902/4902 4908/4908 4897/4897
f 4897/4897 4792/4792 4902/4902
f 4902/4902 4792/4792 4794/4794
f 4795/4795 4903/4903 4902/4902
f 4902/4902 4794/4794 4795/4795
f 4903/4903 4795/4795 4797/4797
f 4760/4760 4759/4759 4903/4903
f 4903/4903 4797/4797 4760/4760
f 4798/4798 4888/4888 4746/4746
f 4716/4716 4715/4715 4893/4893
f 4893/4893 4782/4782 4716/4716
f 4789/4789 4788/4788 4897/4897
f 4897/4897 4908/4908 4789/4789
f 4789/4789 4908/4908 4755/4755
f 4755/4755 4754/4754 4789/4789
f 4755/4755 4908/4908 4902/4902
f 4902/4902 4772/4772 4755/4755
f 4865/4865 4866/4866 4687/4687
f 4687/4687 4686/4686 4865/4865
f 4820/4820 4869/4869 4867/4867
f 4867/4867 4818/4818 4820/4820
f 4820/4820 4819/4819 4887/4887
f 4887/4887 4886/4886 4820/4820
f 4819/4819 4885/4885 4909/4909
f 4909/4909 4887/4887 4819/4819
f 4910/4910 4856/4856 4855/4855
f 4855/4855 4911/4911 4910/4910
f 4911/4911 4855/4855 4887/4887
f 4887/4887 4909/4909 4911/4911
f 4809/4809 4817/4817 4810/4810
f 4861/4861 4860/4860 4816/4816
f 4816/4816 4822/4822 4861/4861
f 4866/4866 4865/4865 4861/4861
f 4861/4861 4822/4822 4866/4866
f 4877/4877 4912/4912 4883/4883
f 4883/4883 4813/4813 4877/4877
f 4813/4813 4883/4883 4882/4882
f 4882/4882 4814/4814 4813/4813
f 4690/4690 4805/4805 4880/4880
f 4880/4880 4805/4805 4803/4803
f 4803/4803 4907/4907 4880/4880
f 4804/4804 4803/4803 4805/4805
f 4892/4892 4821/4821 4782/4782
f 4782/4782 4893/4893 4892/4892
f 4913/4913 4914/4914 4915/4915
f 4915/4915 4916/4916 4913/4913
f 4915/4915 4917/4917 4918/4918
f 4918/4918 4916/4916 4915/4915
f 4919/4919 4920/4920 4918/4918
f 4918/4918 4917/4917 4919/4919
f 4921/4921 4922/4922 4923/4923
f 4923/4923 4924/4924 4921/4921
f 4925/4925 4926/4926 4927/4927
f 4927/4927 4928/4928 4925/4925
f 4929/4929 4928/4928 4927/4927
f 4927/4927 4930/4930 4929/4929
f 4919/4919 4931/4931 4932/4932
f 4932/4932 4920/4920 4919/4919
f 4924/4924 4933/4933 4934/4934
f 4934/4934 4921/4921 4924/4924
f 4935/4935 4929/4929 4930/4930
f 4930/4930 4936/4936 4935/4935
f 4925/4925 4937/4937 4938/4938
f 4938/4938 4926/4926 4925/4925
f 4939/4939 4940/4940 4941/4941
f 4941/4941 4942/4942 4939/4939
f 4943/4943 4944/4944 4945/4945
f 4945/4945 4946/4946 4943/4943
f 4947/4947 4948/4948 4949/4949
f 4949/4949 4950/4950 4947/4947
f 4951/4951 4952/4952 4953/4953
f 4953/4953 4954/4954 4951/4951
f 4955/4955 4956/4956 4957/4957
f 4957/4957 4958/4958 4955/4955
f 4950/4950 4959/4959 4960/4960
f 4960/4960 4947/4947 4950/4950
f 4961/4961 4959/4959 4950/4950
f 4950/4950 4962/4962 4961/4961
f 4963/4963 4962/4962 4950/4950
f 4950/4950 4949/4949 4963/4963
f 4964/4964 4965/4965 4966/4966
f 4966/4966 4967/4967 4964/4964
f 4968/4968 4969/4969 4970/4970
f 4947/4947 4960/4960 4971/4971
f 4971/4971 4944/4944 4947/4947
f 4948/4948 4947/4947 4944/4944
f 4944/4944 4943/4943 4948/4948
f 4972/4972 4973/4973 4974/4974
f 4974/4974 4975/4975 4972/4972
f 4976/4976 4977/4977 4978/4978
f 4978/4978 4979/4979 4976/4976
f 4914/4914 4913/4913 4980/4980
f 4980/4980 4981/4981 4914/4914
f 4982/4982 4914/4914 4981/4981
f 4981/4981 4983/4983 4982/4982
f 4984/4984 4915/4915 4914/4914
f 4914/4914 4982/4982 4984/4984
f 4933/4933 4917/4917 4915/4915
f 4915/4915 4984/4984 4933/4933
f 4919/4919 4917/4917 4933/4933
f 4933/4933 4924/4924 4919/4919
f 4985/4985 4986/4986 4987/4987
f 4987/4987 4988/4988 4985/4985
f 4988/4988 4989/4989 4990/4990
f 4990/4990 4985/4985 4988/4988
f 4991/4991 4992/4992 4993/4993
f 4993/4993 4994/4994 4991/4991
f 4995/4995 4996/4996 4997/4997
f 4997/4997 4998/4998 4995/4995
f 4999/4999 5000/5000 5001/5001
f 5001/5001 5002/5002 4999/4999
f 5003/5003 5004/5004 5005/5005
f 5005/5005 5006/5006 5003/5003
f 5009/5009 5010/5010 5011/5011
f 5011/5011 5012/5012 5009/5009
f 5013/5013 5014/5014 5015/5015
f 5015/5015 5016/5016 5013/5013
f 5010/5010 5009/5009 5020/5020
f 5020/5020 5021/5021 5010/5010
f 5014/5014 5013/5013 5019/5019
f 5019/5019 5022/5022 5014/5014
f 5023/5023 5004/5004 5003/5003
f 5003/5003 5024/5024 5023/5023
f 4946/4946 5027/5027 5028/5028
f 5028/5028 4943/4943 4946/4946
f 5029/5029 5030/5030 5031/5031
f 5031/5031 5032/5032 5029/5029
f 5033/5033 4965/4965 5011/5011
f 5011/5011 5010/5010 5033/5033
f 4992/4992 5000/5000 4999/4999
f 4999/4999 4993/4993 4992/4992
f 5038/5038 5035/5035 5006/5006
f 5006/5006 5005/5005 5038/5038
f 5029/5029 5039/5039 5040/5040
f 5040/5040 5030/5030 5029/5029
f 5030/5030 5040/5040 4968/4968
f 4968/4968 5041/5041 5030/5030
f 5043/5043 5044/5044 4998/4998
f 4998/4998 5045/5045 5043/5043
f 5046/5046 5047/5047 5048/5048
f 5048/5048 4995/4995 5046/5046
f 4995/4995 4998/4998 5044/5044
f 5044/5044 5046/5046 4995/4995
f 4995/4995 5048/5048 4964/4964
f 4964/4964 4996/4996 4995/4995
f 5045/5045 4998/4998 4997/4997
f 4997/4997 5049/5049 5045/5045
f 4973/4973 5050/5050 5051/5051
f 5051/5051 4974/4974 4973/4973
f 5052/5052 5053/5053 5054/5054
f 5054/5054 5055/5055 5052/5052
f 5053/5053 5056/5056 5057/5057
f 5057/5057 5058/5058 5053/5053
f 5059/5059 5060/5060 5061/5061
f 5062/5062 5063/5063 5064/5064
f 5064/5064 5065/5065 5062/5062
f 5063/5063 5062/5062 5066/5066
f 5066/5066 5067/5067 5063/5063
f 5061/5061 5068/5068 4977/4977
f 4977/4977 4976/4976 5061/5061
f 5069/5069 5070/5070 5071/5071
f 5071/5071 5067/5067 5069/5069
f 5010/5010 5021/5021 5072/5072
f 5072/5072 5033/5033 5010/5010
f 5073/5073 5069/5069 5067/5067
f 5067/5067 5066/5066 5073/5073
f 5074/5074 5075/5075 5076/5076
f 5076/5076 5077/5077 5074/5074
f 5078/5078 5074/5074 5077/5077
f 5077/5077 5079/5079 5078/5078
f 4935/4935 4936/4936 5080/5080
f 5080/5080 5081/5081 4935/4935
f 4951/4951 5082/5082 5083/5083
f 5083/5083 4952/4952 4951/4951
f 5084/5084 5081/5081 5080/5080
f 5080/5080 5085/5085 5084/5084
f 5086/5086 4932/4932 4931/4931
f 4931/4931 5087/5087 5086/5086
f 4975/4975 4974/4974 4951/4951
f 4951/4951 4954/4954 4975/4975
f 4974/4974 5051/5051 5082/5082
f 5082/5082 4951/4951 4974/4974
f 5055/5055 5084/5084 5085/5085
f 5085/5085 5052/5052 5055/5055
f 5081/5081 5084/5084 5088/5088
f 5088/5088 5089/5089 5081/5081
f 5087/5087 5090/5090 5091/5091
f 5091/5091 5086/5086 5087/5087
f 5092/5092 5093/5093 4929/4929
f 4929/4929 4935/4935 5092/5092
f 4922/4922 5094/5094 5095/5095
f 5095/5095 4923/4923 4922/4922
f 5096/5096 4982/4982 4983/4983
f 4983/4983 5097/5097 5096/5096
f 5098/5098 4984/4984 4982/4982
f 4982/4982 5096/5096 5098/5098
f 5099/5099 5098/5098 5096/5096
f 5096/5096 5100/5100 5099/5099
f 5098/5098 4934/4934 4933/4933
f 4933/4933 4984/4984 5098/5098
f 5093/5093 4934/4934 5098/5098
f 5098/5098 5099/5099 5093/5093
f 4935/4935 5081/5081 5089/5089
f 5089/5089 5092/5092 4935/4935
f 5101/5101 5088/5088 5084/5084
f 5084/5084 5055/5055 5101/5101
f 5102/5102 5103/5103 5104/5104
f 5104/5104 5091/5091 5102/5102
f 5091/5091 5090/5090 5101/5101
f 5101/5101 5102/5102 5091/5091
f 5089/5089 5088/5088 5094/5094
f 5094/5094 4922/4922 5089/5089
f 4922/4922 4921/4921 5092/5092
f 5092/5092 5089/5089 4922/4922
f 5093/5093 5092/5092 4921/4921
f 4921/4921 4934/4934 5093/5093
f 4925/4925 4928/4928 5099/5099
f 5099/5099 5100/5100 4925/4925
f 5093/5093 5099/5099 4928/4928
f 4928/4928 4929/4929 5093/5093
f 5105/5105 5106/5106 5107/5107
f 5107/5107 5108/5108 5105/5105
f 5100/5100 5096/5096 5097/5097
f 5097/5097 5109/5109 5100/5100
f 4971/4971 5110/5110 4945/4945
f 4945/4945 4944/4944 4971/4971
f 5111/5111 5112/5112 5113/5113
f 5113/5113 5114/5114 5111/5111
f 5115/5115 4938/4938 5116/5116
f 4925/4925 5100/5100 5109/5109
f 5109/5109 4937/4937 4925/4925
f 4937/4937 5109/5109 5117/5117
f 5117/5117 5118/5118 4937/4937
f 5119/5119 5120/5120 5097/5097
f 5097/5097 4983/4983 5119/5119
f 5121/5121 5119/5119 4983/4983
f 4983/4983 4981/4981 5121/5121
f 5122/5122 4936/4936 4930/4930
f 4930/4930 4961/4961 5122/5122
f 5083/5083 5122/5122 5123/5123
f 5123/5123 4952/4952 5083/5083
f 5124/5124 4953/4953 4952/4952
f 4952/4952 5123/5123 5124/5124
f 5125/5125 5126/5126 4979/4979
f 4979/4979 4978/4978 5125/5125
f 5064/5064 5127/5127 5128/5128
f 5128/5128 5065/5065 5064/5064
f 5129/5129 4940/4940 4939/4939
f 4939/4939 5126/5126 5129/5129
f 5130/5130 5131/5131 4941/4941
f 4941/4941 4940/4940 5130/5130
f 5130/5130 4940/4940 5129/5129
f 5129/5129 5132/5132 5130/5130
f 5133/5133 5134/5134 5135/5135
f 5135/5135 5136/5136 5133/5133
f 5110/5110 5075/5075 5074/5074
f 5074/5074 4945/4945 5110/5110
f 5074/5074 5078/5078 4946/4946
f 4946/4946 4945/4945 5074/5074
f 5137/5137 5105/5105 5108/5108
f 5108/5108 5138/5138 5137/5137
f 5067/5067 5071/5071 5134/5134
f 5134/5134 5133/5133 5067/5067
f 5120/5120 5117/5117 5109/5109
f 5109/5109 5097/5097 5120/5120
f 5118/5118 5117/5117 5069/5069
f 5069/5069 5073/5073 5118/5118
f 4956/4956 4949/4949 4948/4948
f 4948/4948 4957/4957 4956/4956
f 4954/4954 4953/4953 5139/5139
f 5139/5139 4967/4967 4954/4954
f 5140/5140 5078/5078 5079/5079
f 5079/5079 5141/5141 5140/5140
f 4963/4963 4949/4949 4956/4956
f 4956/4956 5142/5142 4963/4963
f 5143/5143 5144/5144 4972/4972
f 4972/4972 5145/5145 5143/5143
f 4957/4957 4948/4948 4943/4943
f 4943/4943 5028/5028 4957/4957
f 5145/5145 4972/4972 4975/4975
f 4975/4975 4966/4966 5145/5145
f 4954/4954 4967/4967 4966/4966
f 4966/4966 4975/4975 4954/4954
f 5146/5146 5139/5139 4953/4953
f 4953/4953 5124/5124 5146/5146
f 5137/5137 5070/5070 5120/5120
f 5120/5120 5119/5119 5137/5137
f 5105/5105 5137/5137 5119/5119
f 5119/5119 5121/5121 5105/5105
f 5147/5147 5121/5121 4981/4981
f 4981/4981 4980/4980 5147/5147
f 5121/5121 5147/5147 5106/5106
f 5106/5106 5105/5105 5121/5121
f 5067/5067 5133/5133 5063/5063
f 5115/5115 5116/5116 5114/5114
f 5114/5114 5113/5113 5115/5115
f 4959/4959 4961/4961 4930/4930
f 4930/4930 4927/4927 4959/4959
f 4926/4926 4960/4960 4959/4959
f 4959/4959 4927/4927 4926/4926
f 4938/4938 4971/4971 4960/4960
f 4960/4960 4926/4926 4938/4938
f 5110/5110 4971/4971 4938/4938
f 4938/4938 5115/5115 5110/5110
f 5075/5075 5110/5110 5115/5115
f 5115/5115 5113/5113 5075/5075
f 5112/5112 5076/5076 5075/5075
f 5075/5075 5113/5113 5112/5112
f 5052/5052 5051/5051 5050/5050
f 5050/5050 5056/5056 5052/5052
f 5085/5085 5082/5082 5051/5051
f 5051/5051 5052/5052 5085/5085
f 5030/5030 5041/5041 4955/4955
f 4955/4955 5031/5031 5030/5030
f 5040/5040 5148/5148 4969/4969
f 4969/4969 4968/4968 5040/5040
f 5041/5041 5142/5142 4956/4956
f 4956/4956 4955/4955 5041/5041
f 5123/5123 5122/5122 4961/4961
f 4961/4961 4962/4962 5123/5123
f 4963/4963 5124/5124 5123/5123
f 5123/5123 4962/4962 4963/4963
f 5146/5146 5124/5124 4963/4963
f 4963/4963 5149/5149 5146/5146
f 5049/5049 5139/5139 5146/5146
f 5146/5146 4970/4970 5049/5049
f 5041/5041 4968/4968 5149/5149
f 5149/5149 5142/5142 5041/5041
f 4989/4989 5032/5032 5031/5031
f 5031/5031 4990/4990 4989/4989
f 5038/5038 5002/5002 5001/5001
f 5001/5001 5035/5035 5038/5038
f 5047/5047 5011/5011 4965/4965
f 4965/4965 5048/5048 5047/5047
f 5024/5024 5016/5016 5015/5015
f 5015/5015 5023/5023 5024/5024
f 5058/5058 5057/5057 4942/4942
f 4942/4942 4941/4941 5058/5058
f 4979/4979 4939/4939 4942/4942
f 4942/4942 4976/4976 4979/4979
f 4939/4939 4979/4979 5126/5126
f 4973/4973 4972/4972 5144/5144
f 5144/5144 5151/5151 4973/4973
f 5151/5151 5152/5152 5050/5050
f 5050/5050 4973/4973 5151/5151
f 5056/5056 5050/5050 5152/5152
f 5152/5152 5059/5059 5056/5056
f 5057/5057 5056/5056 5059/5059
f 5059/5059 5061/5061 5057/5057
f 4990/4990 5031/5031 4955/4955
f 4955/4955 4958/4958 4990/4990
f 5142/5142 5149/5149 4963/4963
f 4993/4993 4988/4988 4987/4987
f 4987/4987 4994/4994 4993/4993
f 4999/4999 4989/4989 4988/4988
f 4988/4988 4993/4993 4999/4999
f 5022/5022 5020/5020 5009/5009
f 5009/5009 5014/5014 5022/5022
f 5153/5153 5023/5023 5154/5154
f 5005/5005 5039/5039 5029/5029
f 5029/5029 5038/5038 5005/5005
f 5002/5002 5032/5032 4989/4989
f 4989/4989 4999/4999 5002/5002
f 5038/5038 5029/5029 5032/5032
f 5032/5032 5002/5002 5038/5038
f 5014/5014 5009/5009 5012/5012
f 5012/5012 5015/5015 5014/5014
f 5023/5023 5015/5015 5012/5012
f 5012/5012 5154/5154 5023/5023
f 5028/5028 5155/5155 4958/4958
f 4958/4958 4957/4957 5028/5028
f 4958/4958 5155/5155 4985/4985
f 4985/4985 4990/4990 4958/4958
f 5156/5156 5155/5155 5028/5028
f 5028/5028 5027/5027 5156/5156
f 4985/4985 5155/5155 5156/5156
f 5156/5156 4986/4986 4985/4985
f 5027/5027 4946/4946 5078/5078
f 5078/5078 5140/5140 5027/5027
f 5140/5140 5141/5141 5157/5157
f 5140/5140 5157/5157 5156/5156
f 5156/5156 5027/5027 5140/5140
f 5156/5156 5157/5157 4986/4986
f 5149/5149 4968/4968 4970/4970
f 4970/4970 5146/5146 5149/5149
f 4967/4967 5139/5139 4997/4997
f 4997/4997 4996/4996 4967/4967
f 4967/4967 4996/4996 4964/4964
f 4964/4964 5048/5048 4965/4965
f 5122/5122 5083/5083 5080/5080
f 5080/5080 4936/4936 5122/5122
f 5082/5082 5085/5085 5080/5080
f 5080/5080 5083/5083 5082/5082
f 4942/4942 5057/5057 5061/5061
f 5061/5061 4976/4976 4942/4942
f 5053/5053 5052/5052 5056/5056
f 5090/5090 5087/5087 5095/5095
f 5095/5095 5094/5094 5090/5090
f 5088/5088 5101/5101 5090/5090
f 5090/5090 5094/5094 5088/5088
f 4924/4924 4923/4923 4931/4931
f 4931/4931 4919/4919 4924/4924
f 4923/4923 5095/5095 5087/5087
f 5087/5087 4931/4931 4923/4923
f 4969/4969 5148/5148 5043/5043
f 5043/5043 5045/5045 4969/4969
f 4969/4969 5045/5045 5049/5049
f 5049/5049 4970/4970 4969/4969
f 5101/5101 5055/5055 5054/5054
f 5054/5054 5102/5102 5101/5101
f 5158/5158 5103/5103 5102/5102
f 5102/5102 5054/5054 5158/5158
f 5153/5153 5043/5043 5148/5148
f 5148/5148 5159/5159 5153/5153
f 5153/5153 5044/5044 5043/5043
f 5046/5046 5044/5044 5153/5153
f 5153/5153 5154/5154 5046/5046
f 5154/5154 5047/5047 5046/5046
f 5011/5011 5047/5047 5154/5154
f 5154/5154 5012/5012 5011/5011
f 5049/5049 4997/4997 5139/5139
f 4965/4965 5033/5033 5145/5145
f 5145/5145 4966/4966 4965/4965
f 5039/5039 5159/5159 5148/5148
f 5148/5148 5040/5040 5039/5039
f 5039/5039 5005/5005 5004/5004
f 5004/5004 5159/5159 5039/5039
f 5004/5004 5023/5023 5153/5153
f 5153/5153 5159/5159 5004/5004
f 5116/5116 4938/4938 4937/4937
f 4937/4937 5118/5118 5116/5116
f 5070/5070 5069/5069 5117/5117
f 5117/5117 5120/5120 5070/5070
f 5070/5070 5137/5137 5138/5138
f 5138/5138 5071/5071 5070/5070
f 5071/5071 5138/5138 5160/5160
f 5160/5160 5134/5134 5071/5071
f 5161/5161 5162/5162 5108/5108
f 5108/5108 5107/5107 5161/5161
f 5162/5162 5160/5160 5138/5138
f 5138/5138 5108/5108 5162/5162
f 5061/5061 5060/5060 5068/5068
f 5114/5114 5073/5073 5066/5066
f 5066/5066 5111/5111 5114/5114
f 5118/5118 5073/5073 5114/5114
f 5114/5114 5116/5116 5118/5118
f 5127/5127 5064/5064 5136/5136
f 5136/5136 5163/5163 5127/5127
f 5064/5064 5063/5063 5133/5133
f 5133/5133 5136/5136 5064/5064
f 4941/4941 5131/5131 5058/5058
f 5131/5131 5158/5158 5054/5054
f 5054/5054 5058/5058 5131/5131
f 5053/5053 5058/5058 5054/5054
f 5143/5143 5145/5145 5033/5033
f 5033/5033 5072/5072 5143/5143
f 4756/4756 4757/4757 4743/4743
f 4743/4743 4751/4751 4756/4756
f 4762/4762 4766/4766 4767/4767
f 4767/4767 4768/4768 4762/4762
f 4773/4773 4774/4774 4775/4775
f 4775/4775 4752/4752 4773/4773
f 4783/4783 4784/4784 4785/4785
f 4785/4785 4753/4753 4783/4783
f 4785/4785 4784/4784 4786/4786
f 4786/4786 4750/4750 4785/4785
f 4791/4791 4740/4740 4743/4743
f 4743/4743 4757/4757 4791/4791
f 4751/4751 4750/4750 4786/4786
f 4786/4786 4756/4756 4751/4751
f 4775/4775 4783/4783 4753/4753
f 4753/4753 4752/4752 4775/4775
f 4763/4763 4899/4899 4774/4774
f 4774/4774 4773/4773 4763/4763
f 4899/4899 4763/4763 4762/4762
f 4762/4762 4768/4768 4899/4899
f 5007/5007 5000/5000 4992/4992
f 4992/4992 5008/5008 5007/5007
f 5013/5013 5017/5017 5018/5018
f 5018/5018 5019/5019 5013/5013
f 5003/5003 5025/5025 5026/5026
f 5026/5026 5024/5024 5003/5003
f 5034/5034 5006/5006 5035/5035
f 5035/5035 5036/5036 5034/5034
f 5001/5001 5037/5037 5036/5036
f 5036/5036 5035/5035 5001/5001
f 5008/5008 4992/4992 4991/4991
f 4991/4991 5042/5042 5008/5008
f 5000/5000 5007/5007 5037/5037
f 5037/5037 5001/5001 5000/5000
f 5025/5025 5003/5003 5006/5006
f 5006/5006 5034/5034 5025/5025
f 5024/5024 5026/5026 5150/5150
f 5150/5150 5016/5016 5024/5024
f 5150/5150 5017/5017 5013/5013
f 5013/5013 5016/5016 5150/5150

